{"discoAPIPort":31000,"repoAPIPort":32000,"initialNodes":[],"maxPing":20,"nodeID":"f0","nodeType":"servicenode","pingPeriod":3000,"testMode":true,"cheatyMinimalPing":10,"cheatyMinimalPingMap":{"e0":12.769443,"f1":34.38565,"f10":16.71563,"f11":11.259607,"f12":46.515617,"f13":31.441189,"f14":31.600676,"f15":8.79291,"f16":5.3717713,"f17":23.036636,"f18":23.678991,"f19":27.965567,"f2":5.9151874,"f20":27.199793,"f21":36.47361,"f22":31.042738,"f23":32.32417,"f24":40.876842,"f25":10.7668495,"f26":8.492031,"f27":19.554497,"f28":21.281769,"f29":16.649275,"f3":22.32564,"f30":16.731602,"f31":15.695505,"f32":31.648884,"f33":11.988562,"f34":25.406336,"f35":29.308474,"f36":17.915949,"f37":32.440407,"f38":17.15565,"f39":23.227407,"f4":31.240326,"f40":15.50782,"f41":31.371162,"f42":14.010719,"f43":12.942682,"f44":28.072052,"f45":20.955746,"f46":32.91636,"f47":22.634933,"f48":17.434204,"f49":25.621506,"f5":18.502916,"f50":18.906553,"f51":8.871154,"f52":39.62077,"f53":14.139216,"f54":28.450172,"f55":28.73706,"f56":25.58463,"f57":23.233902,"f58":8.676161,"f59":20.349466,"f6":16.825619,"f60":39.269474,"f61":36.966335,"f62":27.357557,"f63":28.664663,"f64":13.446828,"f65":30.18187,"f66":24.337051,"f67":38.710503,"f68":33.57184,"f69":20.221045,"f7":14.028033,"f70":26.266531,"f71":5.7627025,"f72":23.12162,"f73":39.245693,"f74":33.90929,"f75":15.007494,"f76":17.491533,"f77":8.7327,"f78":13.973731,"f79":18.063871,"f8":29.976503,"f80":24.36463,"f81":20.515934,"f82":17.810823,"f83":20.94369,"f84":12.797765,"f85":23.59635,"f86":34.092392,"f87":24.556149,"f88":8.8697815,"f89":12.65097,"f9":39.158546,"f90":23.503906,"f91":37.013092,"f92":23.050676,"f93":16.7354,"f94":30.40222,"f95":20.977427,"f96":38.2083,"f97":17.73145,"f98":5.0836725,"f99":10.010165},"BasicComponentDefs":{"Component 27":[{"ApiVersion":"v1/beta","Kind":"ComponentDefinition","Metadata":{"Name":"Implementation 27.2","Labels":{},"Annotations":null},"Spec":{"Workload":{"Type":"Container","Definition":{"ApiVersion":"","Kind":""}},"Schematic":{"Definition":{"name":"TestApp","image":"gitlab.ilabt.imec.be:4567/fledge/benchmark/dash:1.0.0-capstan","command":["./dashserver.so"],"resources":{"limits":{"cpu":"500m","memory":"300M"},"requests":{"cpu":"100m","memory":"100M"}},"imagePullPolicy":"Always"},"Params":null,"BaseComponent":"Component 27","BaseResources":null,"MaxResources":null}}}],"Component 30":[{"ApiVersion":"v1/beta","Kind":"ComponentDefinition","Metadata":{"Name":"Implementation 30.1","Labels":{},"Annotations":null},"Spec":{"Workload":{"Type":"Container","Definition":{"ApiVersion":"","Kind":""}},"Schematic":{"Definition":{"name":"TestApp","image":"gitlab.ilabt.imec.be:4567/fledge/benchmark/dash:1.0.0-capstan","command":["./dashserver.so"],"resources":{"limits":{"cpu":"500m","memory":"300M"},"requests":{"cpu":"100m","memory":"100M"}},"imagePullPolicy":"Always"},"Params":null,"BaseComponent":"Component 30","BaseResources":null,"MaxResources":null}}}],"Component 43":[{"ApiVersion":"v1/beta","Kind":"ComponentDefinition","Metadata":{"Name":"Implementation 43.1","Labels":{},"Annotations":null},"Spec":{"Workload":{"Type":"Container","Definition":{"ApiVersion":"","Kind":""}},"Schematic":{"Definition":{"name":"TestApp","image":"gitlab.ilabt.imec.be:4567/fledge/benchmark/dash:1.0.0-capstan","command":["./dashserver.so"],"resources":{"limits":{"cpu":"500m","memory":"300M"},"requests":{"cpu":"100m","memory":"100M"}},"imagePullPolicy":"Always"},"Params":null,"BaseComponent":"Component 43","BaseResources":null,"MaxResources":null}}}],"Component 49":[{"ApiVersion":"v1/beta","Kind":"ComponentDefinition","Metadata":{"Name":"Implementation 49.2","Labels":{},"Annotations":null},"Spec":{"Workload":{"Type":"Container","Definition":{"ApiVersion":"","Kind":""}},"Schematic":{"Definition":{"name":"TestApp","image":"gitlab.ilabt.imec.be:4567/fledge/benchmark/dash:1.0.0-capstan","command":["./dashserver.so"],"resources":{"limits":{"cpu":"500m","memory":"300M"},"requests":{"cpu":"100m","memory":"100M"}},"imagePullPolicy":"Always"},"Params":null,"BaseComponent":"Component 49","BaseResources":null,"MaxResources":null}}}],"Component 5":[{"ApiVersion":"v1/beta","Kind":"ComponentDefinition","Metadata":{"Name":"Implementation 5.2","Labels":{},"Annotations":null},"Spec":{"Workload":{"Type":"Container","Definition":{"ApiVersion":"","Kind":""}},"Schematic":{"Definition":{"name":"TestApp","image":"gitlab.ilabt.imec.be:4567/fledge/benchmark/dash:1.0.0-capstan","command":["./dashserver.so"],"resources":{"limits":{"cpu":"500m","memory":"300M"},"requests":{"cpu":"100m","memory":"100M"}},"imagePullPolicy":"Always"},"Params":null,"BaseComponent":"Component 5","BaseResources":null,"MaxResources":null}}}]}}