{"discoAPIPort":31001,"repoAPIPort":32001,"initialNodes":[{"name":"f0","ip":"127.0.0.1","distance":0,"discoAPIPort":31000,"repoAPIPort":32000}],"maxPing":20,"nodeID":"f1","nodeType":"servicenode","pingPeriod":3000,"testMode":true,"cheatyMinimalPing":10,"cheatyMinimalPingMap":{"e0":27.221228,"f0":34.38565,"f10":13.916464,"f11":31.221033,"f12":50.25527,"f13":41.75104,"f14":52.269474,"f15":34.714027,"f16":38.183434,"f17":30.015076,"f18":33.087784,"f19":49.370487,"f2":41.987286,"f20":12.620184,"f21":50.960556,"f22":12.585008,"f23":45.466137,"f24":42.16702,"f25":47.32812,"f26":18.551455,"f27":38.910892,"f28":37.748116,"f29":16.663614,"f3":42.28857,"f30":29.741125,"f31":19.955942,"f32":60.96032,"f33":32.60303,"f34":47.221836,"f35":9.361666,"f36":20.061779,"f37":9.417382,"f38":13.610989,"f39":57.203014,"f4":33.757698,"f40":18.151735,"f41":1.6326871,"f42":40.345028,"f43":14.64276,"f44":44.64047,"f45":35.1612,"f46":51.090054,"f47":49.24099,"f48":19.146875,"f49":21.179163,"f5":23.938683,"f50":38.513195,"f51":36.173824,"f52":44.810394,"f53":40.23673,"f54":27.693073,"f55":49.588093,"f56":39.3769,"f57":45.987667,"f58":24.30744,"f59":9.414127,"f6":26.24016,"f60":48.57566,"f61":53.7679,"f62":59.56067,"f63":56.052475,"f64":38.017033,"f65":50.171272,"f66":17.723679,"f67":53.18427,"f68":42.157146,"f69":33.826065,"f7":16.801027,"f70":25.231586,"f71":26.892487,"f72":14.59657,"f73":56.950848,"f74":38.492207,"f75":22.300941,"f76":34.37519,"f77":30.982248,"f78":36.676777,"f79":13.929521,"f8":3.0721922,"f80":5.6836658,"f81":37.951904,"f82":16.195894,"f83":35.278263,"f84":16.187756,"f85":10.584136,"f86":7.1285987,"f87":49.88783,"f88":28.630308,"f89":45.813507,"f9":60.650024,"f90":14.264034,"f91":51.4005,"f92":60.289814,"f93":15.513582,"f94":35.708225,"f95":28.453068,"f96":49.338024,"f97":34.0239,"f98":33.47398,"f99":50.263203},"BasicComponentDefs":{"Component 12":[{"ApiVersion":"v1/beta","Kind":"ComponentDefinition","Metadata":{"Name":"Implementation 12.1","Labels":{},"Annotations":null},"Spec":{"Workload":{"Type":"Container","Definition":{"ApiVersion":"","Kind":""}},"Schematic":{"Definition":{"name":"TestApp","image":"gitlab.ilabt.imec.be:4567/fledge/benchmark/dash:1.0.0-capstan","command":["./dashserver.so"],"resources":{"limits":{"cpu":"500m","memory":"300M"},"requests":{"cpu":"100m","memory":"100M"}},"imagePullPolicy":"Always"},"Params":null,"BaseComponent":"Component 12","BaseResources":null,"MaxResources":null}}}],"Component 14":[{"ApiVersion":"v1/beta","Kind":"ComponentDefinition","Metadata":{"Name":"Implementation 14.1","Labels":{},"Annotations":null},"Spec":{"Workload":{"Type":"Container","Definition":{"ApiVersion":"","Kind":""}},"Schematic":{"Definition":{"name":"TestApp","image":"gitlab.ilabt.imec.be:4567/fledge/benchmark/dash:1.0.0-capstan","command":["./dashserver.so"],"resources":{"limits":{"cpu":"500m","memory":"300M"},"requests":{"cpu":"100m","memory":"100M"}},"imagePullPolicy":"Always"},"Params":null,"BaseComponent":"Component 14","BaseResources":null,"MaxResources":null}}}],"Component 26":[{"ApiVersion":"v1/beta","Kind":"ComponentDefinition","Metadata":{"Name":"Implementation 26.2","Labels":{},"Annotations":null},"Spec":{"Workload":{"Type":"Container","Definition":{"ApiVersion":"","Kind":""}},"Schematic":{"Definition":{"name":"TestApp","image":"gitlab.ilabt.imec.be:4567/fledge/benchmark/dash:1.0.0-capstan","command":["./dashserver.so"],"resources":{"limits":{"cpu":"500m","memory":"300M"},"requests":{"cpu":"100m","memory":"100M"}},"imagePullPolicy":"Always"},"Params":null,"BaseComponent":"Component 26","BaseResources":null,"MaxResources":null}}}],"Component 43":[{"ApiVersion":"v1/beta","Kind":"ComponentDefinition","Metadata":{"Name":"Implementation 43.2","Labels":{},"Annotations":null},"Spec":{"Workload":{"Type":"Container","Definition":{"ApiVersion":"","Kind":""}},"Schematic":{"Definition":{"name":"TestApp","image":"gitlab.ilabt.imec.be:4567/fledge/benchmark/dash:1.0.0-capstan","command":["./dashserver.so"],"resources":{"limits":{"cpu":"500m","memory":"300M"},"requests":{"cpu":"100m","memory":"100M"}},"imagePullPolicy":"Always"},"Params":null,"BaseComponent":"Component 43","BaseResources":null,"MaxResources":null}}}],"Component 48":[{"ApiVersion":"v1/beta","Kind":"ComponentDefinition","Metadata":{"Name":"Implementation 48.2","Labels":{},"Annotations":null},"Spec":{"Workload":{"Type":"Container","Definition":{"ApiVersion":"","Kind":""}},"Schematic":{"Definition":{"name":"TestApp","image":"gitlab.ilabt.imec.be:4567/fledge/benchmark/dash:1.0.0-capstan","command":["./dashserver.so"],"resources":{"limits":{"cpu":"500m","memory":"300M"},"requests":{"cpu":"100m","memory":"100M"}},"imagePullPolicy":"Always"},"Params":null,"BaseComponent":"Component 48","BaseResources":null,"MaxResources":null}}}]}}