{"discoAPIPort":31002,"repoAPIPort":32002,"initialNodes":[{"name":"f0","ip":"127.0.0.1","distance":0,"discoAPIPort":31000,"repoAPIPort":32000},{"name":"f1","ip":"127.0.0.1","distance":0,"discoAPIPort":31001,"repoAPIPort":32001}],"maxPing":20,"nodeID":"f2","nodeType":"servicenode","pingPeriod":3000,"testMode":true,"cheatyMinimalPing":10,"cheatyMinimalPingMap":{"e0":15.568383,"f0":5.9151874,"f1":41.987286,"f10":23.0122,"f11":9.173513,"f12":39.122974,"f13":26.675724,"f14":19.837261,"f15":12.330667,"f16":1.8812512,"f17":30.423897,"f18":34.214386,"f19":20.354025,"f20":33.431255,"f21":27.748219,"f22":34.83213,"f23":32.95091,"f24":33.77915,"f25":5.37729,"f26":16.641651,"f27":17.148163,"f28":27.62833,"f29":28.13045,"f3":21.499065,"f30":22.114094,"f31":18.96254,"f32":27.347683,"f33":16.625805,"f34":23.19179,"f35":26.357918,"f36":27.05692,"f37":39.391014,"f38":24.792427,"f39":17.89683,"f4":23.734726,"f40":25.637691,"f41":31.931799,"f42":16.601831,"f43":24.715157,"f44":28.961052,"f45":27.929352,"f46":38.85303,"f47":13.727173,"f48":24.954407,"f49":23.711845,"f5":28.548212,"f50":16.88399,"f51":5.706489,"f52":40.421047,"f53":10.038229,"f54":28.683325,"f55":31.35841,"f56":20.858974,"f57":17.300018,"f58":13.572638,"f59":26.217915,"f6":26.434359,"f60":36.361874,"f61":27.270414,"f62":29.70439,"f63":25.005072,"f64":11.017377,"f65":30.965446,"f66":27.616644,"f67":33.133152,"f68":48.64656,"f69":24.7558,"f7":27.522652,"f70":33.97903,"f71":12.869854,"f72":29.897804,"f73":30.860592,"f74":41.264526,"f75":23.288143,"f76":22.476183,"f77":13.334111,"f78":19.244045,"f79":23.852985,"f8":38.383656,"f80":40.709694,"f81":14.920873,"f82":25.301575,"f83":24.62755,"f84":21.372915,"f85":27.501852,"f86":40.46802,"f87":19.58097,"f88":15.997581,"f89":11.152353,"f9":25.921305,"f90":35.397144,"f91":31.0637,"f92":15.458948,"f93":21.107647,"f94":27.786047,"f95":23.057426,"f96":45.99961,"f97":20.579594,"f98":5.9522424,"f99":2.9460914},"BasicComponentDefs":{"Component 19":[{"ApiVersion":"v1/beta","Kind":"ComponentDefinition","Metadata":{"Name":"Implementation 19.1","Labels":{},"Annotations":null},"Spec":{"Workload":{"Type":"Container","Definition":{"ApiVersion":"","Kind":""}},"Schematic":{"Definition":{"name":"TestApp","image":"gitlab.ilabt.imec.be:4567/fledge/benchmark/dash:1.0.0-capstan","command":["./dashserver.so"],"resources":{"limits":{"cpu":"500m","memory":"300M"},"requests":{"cpu":"100m","memory":"100M"}},"imagePullPolicy":"Always"},"Params":null,"BaseComponent":"Component 19","BaseResources":null,"MaxResources":null}}}],"Component 29":[{"ApiVersion":"v1/beta","Kind":"ComponentDefinition","Metadata":{"Name":"Implementation 29.2","Labels":{},"Annotations":null},"Spec":{"Workload":{"Type":"Container","Definition":{"ApiVersion":"","Kind":""}},"Schematic":{"Definition":{"name":"TestApp","image":"gitlab.ilabt.imec.be:4567/fledge/benchmark/dash:1.0.0-capstan","command":["./dashserver.so"],"resources":{"limits":{"cpu":"500m","memory":"300M"},"requests":{"cpu":"100m","memory":"100M"}},"imagePullPolicy":"Always"},"Params":null,"BaseComponent":"Component 29","BaseResources":null,"MaxResources":null}}}],"Component 3":[{"ApiVersion":"v1/beta","Kind":"ComponentDefinition","Metadata":{"Name":"Implementation 3.2","Labels":{},"Annotations":null},"Spec":{"Workload":{"Type":"Container","Definition":{"ApiVersion":"","Kind":""}},"Schematic":{"Definition":{"name":"TestApp","image":"gitlab.ilabt.imec.be:4567/fledge/benchmark/dash:1.0.0-capstan","command":["./dashserver.so"],"resources":{"limits":{"cpu":"500m","memory":"300M"},"requests":{"cpu":"100m","memory":"100M"}},"imagePullPolicy":"Always"},"Params":null,"BaseComponent":"Component 3","BaseResources":null,"MaxResources":null}}},{"ApiVersion":"v1/beta","Kind":"ComponentDefinition","Metadata":{"Name":"Implementation 3.2","Labels":{},"Annotations":null},"Spec":{"Workload":{"Type":"Container","Definition":{"ApiVersion":"","Kind":""}},"Schematic":{"Definition":{"name":"TestApp","image":"gitlab.ilabt.imec.be:4567/fledge/benchmark/dash:1.0.0-capstan","command":["./dashserver.so"],"resources":{"limits":{"cpu":"500m","memory":"300M"},"requests":{"cpu":"100m","memory":"100M"}},"imagePullPolicy":"Always"},"Params":null,"BaseComponent":"Component 3","BaseResources":null,"MaxResources":null}}}],"Component 47":[{"ApiVersion":"v1/beta","Kind":"ComponentDefinition","Metadata":{"Name":"Implementation 47.1","Labels":{},"Annotations":null},"Spec":{"Workload":{"Type":"Container","Definition":{"ApiVersion":"","Kind":""}},"Schematic":{"Definition":{"name":"TestApp","image":"gitlab.ilabt.imec.be:4567/fledge/benchmark/dash:1.0.0-capstan","command":["./dashserver.so"],"resources":{"limits":{"cpu":"500m","memory":"300M"},"requests":{"cpu":"100m","memory":"100M"}},"imagePullPolicy":"Always"},"Params":null,"BaseComponent":"Component 47","BaseResources":null,"MaxResources":null}}}]}}