{"discoAPIPort":31003,"repoAPIPort":32003,"initialNodes":[{"name":"f0","ip":"127.0.0.1","distance":0,"discoAPIPort":31000,"repoAPIPort":32000},{"name":"f1","ip":"127.0.0.1","distance":0,"discoAPIPort":31001,"repoAPIPort":32001},{"name":"f2","ip":"127.0.0.1","distance":0,"discoAPIPort":31002,"repoAPIPort":32002}],"maxPing":20,"nodeID":"f3","nodeType":"servicenode","pingPeriod":3000,"testMode":true,"cheatyMinimalPing":10,"cheatyMinimalPingMap":{"e0":23.4541,"f0":22.32564,"f1":42.28857,"f10":38.02398,"f11":13.888203,"f12":17.98878,"f13":16.166317,"f14":10.05889,"f15":28.411575,"f16":21.853662,"f17":45.183464,"f18":21.428064,"f19":3.9592361,"f2":21.499065,"f20":40.460968,"f21":13.955794,"f22":38.06759,"f23":18.913673,"f24":18.774042,"f25":16.759775,"f26":34.968784,"f27":7.7104893,"f28":55.680138,"f29":33.09675,"f30":41.790894,"f31":31.616241,"f32":9.906751,"f33":41.73729,"f34":8.341259,"f35":42.33988,"f36":47.47866,"f37":31.633469,"f38":41.01519,"f39":5.9181776,"f4":13.88218,"f40":30.87946,"f41":55.23765,"f42":36.8659,"f43":23.890339,"f44":28.136013,"f45":39.995106,"f46":28.430216,"f47":15.35156,"f48":34.21139,"f49":50.968365,"f5":36.73773,"f50":5.670815,"f51":14.187339,"f52":17.09956,"f53":12.564419,"f54":27.587582,"f55":14.719247,"f56":5.015153,"f57":4.0509005,"f58":26.550623,"f59":38.060947,"f6":33.8926,"f60":20.42745,"f61":12.891625,"f62":11.055651,"f63":3.488993,"f64":10.084998,"f65":13.776051,"f66":31.159815,"f67":24.165022,"f68":24.4516,"f69":41.34587,"f7":36.558372,"f70":31.554798,"f71":27.288567,"f72":28.551447,"f73":16.792475,"f74":28.28666,"f75":34.150623,"f76":39.99989,"f77":20.540436,"f78":42.946224,"f79":25.68311,"f8":47.39767,"f80":56.38303,"f81":7.3227563,"f82":31.908567,"f83":15.0612545,"f84":32.149036,"f85":40.885273,"f86":50.849937,"f87":5.4302588,"f88":29.918373,"f89":11.374374,"f9":14.218109,"f90":41.791447,"f91":10.712035,"f92":9.575689,"f93":32.86676,"f94":24.031994,"f95":19.083681,"f96":21.74503,"f97":38.278206,"f98":21.716892,"f99":16.223804},"BasicComponentDefs":{"Component 13":[{"ApiVersion":"v1/beta","Kind":"ComponentDefinition","Metadata":{"Name":"Implementation 13.2","Labels":{},"Annotations":null},"Spec":{"Workload":{"Type":"Container","Definition":{"ApiVersion":"","Kind":""}},"Schematic":{"Definition":{"name":"TestApp","image":"gitlab.ilabt.imec.be:4567/fledge/benchmark/dash:1.0.0-capstan","command":["./dashserver.so"],"resources":{"limits":{"cpu":"500m","memory":"300M"},"requests":{"cpu":"100m","memory":"100M"}},"imagePullPolicy":"Always"},"Params":null,"BaseComponent":"Component 13","BaseResources":null,"MaxResources":null}}}],"Component 22":[{"ApiVersion":"v1/beta","Kind":"ComponentDefinition","Metadata":{"Name":"Implementation 22.1","Labels":{},"Annotations":null},"Spec":{"Workload":{"Type":"Container","Definition":{"ApiVersion":"","Kind":""}},"Schematic":{"Definition":{"name":"TestApp","image":"gitlab.ilabt.imec.be:4567/fledge/benchmark/dash:1.0.0-capstan","command":["./dashserver.so"],"resources":{"limits":{"cpu":"500m","memory":"300M"},"requests":{"cpu":"100m","memory":"100M"}},"imagePullPolicy":"Always"},"Params":null,"BaseComponent":"Component 22","BaseResources":null,"MaxResources":null}}}],"Component 23":[{"ApiVersion":"v1/beta","Kind":"ComponentDefinition","Metadata":{"Name":"Implementation 23.2","Labels":{},"Annotations":null},"Spec":{"Workload":{"Type":"Container","Definition":{"ApiVersion":"","Kind":""}},"Schematic":{"Definition":{"name":"TestApp","image":"gitlab.ilabt.imec.be:4567/fledge/benchmark/dash:1.0.0-capstan","command":["./dashserver.so"],"resources":{"limits":{"cpu":"500m","memory":"300M"},"requests":{"cpu":"100m","memory":"100M"}},"imagePullPolicy":"Always"},"Params":null,"BaseComponent":"Component 23","BaseResources":null,"MaxResources":null}}}],"Component 31":[{"ApiVersion":"v1/beta","Kind":"ComponentDefinition","Metadata":{"Name":"Implementation 31.1","Labels":{},"Annotations":null},"Spec":{"Workload":{"Type":"Container","Definition":{"ApiVersion":"","Kind":""}},"Schematic":{"Definition":{"name":"TestApp","image":"gitlab.ilabt.imec.be:4567/fledge/benchmark/dash:1.0.0-capstan","command":["./dashserver.so"],"resources":{"limits":{"cpu":"500m","memory":"300M"},"requests":{"cpu":"100m","memory":"100M"}},"imagePullPolicy":"Always"},"Params":null,"BaseComponent":"Component 31","BaseResources":null,"MaxResources":null}}}],"Component 47":[{"ApiVersion":"v1/beta","Kind":"ComponentDefinition","Metadata":{"Name":"Implementation 47.1","Labels":{},"Annotations":null},"Spec":{"Workload":{"Type":"Container","Definition":{"ApiVersion":"","Kind":""}},"Schematic":{"Definition":{"name":"TestApp","image":"gitlab.ilabt.imec.be:4567/fledge/benchmark/dash:1.0.0-capstan","command":["./dashserver.so"],"resources":{"limits":{"cpu":"500m","memory":"300M"},"requests":{"cpu":"100m","memory":"100M"}},"imagePullPolicy":"Always"},"Params":null,"BaseComponent":"Component 47","BaseResources":null,"MaxResources":null}}}]}}