{"discoAPIPort":31004,"repoAPIPort":32004,"initialNodes":[{"name":"f0","ip":"127.0.0.1","distance":0,"discoAPIPort":31000,"repoAPIPort":32000},{"name":"f1","ip":"127.0.0.1","distance":0,"discoAPIPort":31001,"repoAPIPort":32001},{"name":"f2","ip":"127.0.0.1","distance":0,"discoAPIPort":31002,"repoAPIPort":32002},{"name":"f3","ip":"127.0.0.1","distance":0,"discoAPIPort":31003,"repoAPIPort":32003}],"maxPing":20,"nodeID":"f4","nodeType":"servicenode","pingPeriod":3000,"testMode":true,"cheatyMinimalPing":10,"cheatyMinimalPingMap":{"e0":14.814209,"f0":31.240326,"f1":33.757698,"f10":26.911299,"f11":14.812205,"f12":14.117356,"f13":5.518561,"f14":25.152557,"f15":30.375303,"f16":25.862003,"f17":46.921967,"f18":8.343888,"f19":6.984165,"f2":23.734726,"f20":40.937897,"f21":27.262508,"f22":32.669964,"f23":4.6731114,"f24":10.911591,"f25":25.205935,"f26":33.031334,"f27":9.82645,"f28":40.94832,"f29":36.703274,"f3":13.88218,"f30":42.328167,"f31":25.223791,"f32":14.322382,"f33":30.540009,"f34":2.1823113,"f35":28.922417,"f36":34.95126,"f37":24.860657,"f38":33.924957,"f39":15.316132,"f40":18.656124,"f41":34.951534,"f42":38.152462,"f43":23.70618,"f44":11.330372,"f45":48.59643,"f46":16.489092,"f47":23.976913,"f48":37.521378,"f49":51.722332,"f5":39.962646,"f50":18.677174,"f51":18.533348,"f52":7.500346,"f53":15.955744,"f54":12.94119,"f55":5.8036685,"f56":6.1841197,"f57":17.798025,"f58":35.32876,"f59":32.53536,"f6":46.026066,"f60":14.774874,"f61":11.370627,"f62":19.404612,"f63":8.6417,"f64":17.995955,"f65":21.927664,"f66":21.727287,"f67":11.848395,"f68":14.574837,"f69":36.976665,"f7":38.30334,"f70":16.493998,"f71":27.456818,"f72":31.184835,"f73":12.8244505,"f74":14.8591795,"f75":38.92187,"f76":39.218044,"f77":19.72433,"f78":36.0611,"f79":23.50205,"f8":36.440014,"f80":42.673115,"f81":18.541084,"f82":18.438265,"f83":6.948317,"f84":33.86925,"f85":29.724333,"f86":40.862057,"f87":20.396563,"f88":30.897648,"f89":16.907349,"f9":29.707788,"f90":47.163307,"f91":24.22606,"f92":22.77404,"f93":29.183144,"f94":10.446614,"f95":15.007824,"f96":11.134776,"f97":41.673023,"f98":32.967846,"f99":29.70396},"BasicComponentDefs":{"Component 25":[{"ApiVersion":"v1/beta","Kind":"ComponentDefinition","Metadata":{"Name":"Implementation 25.1","Labels":{},"Annotations":null},"Spec":{"Workload":{"Type":"Container","Definition":{"ApiVersion":"","Kind":""}},"Schematic":{"Definition":{"name":"TestApp","image":"gitlab.ilabt.imec.be:4567/fledge/benchmark/dash:1.0.0-capstan","command":["./dashserver.so"],"resources":{"limits":{"cpu":"500m","memory":"300M"},"requests":{"cpu":"100m","memory":"100M"}},"imagePullPolicy":"Always"},"Params":null,"BaseComponent":"Component 25","BaseResources":null,"MaxResources":null}}},{"ApiVersion":"v1/beta","Kind":"ComponentDefinition","Metadata":{"Name":"Implementation 25.1","Labels":{},"Annotations":null},"Spec":{"Workload":{"Type":"Container","Definition":{"ApiVersion":"","Kind":""}},"Schematic":{"Definition":{"name":"TestApp","image":"gitlab.ilabt.imec.be:4567/fledge/benchmark/dash:1.0.0-capstan","command":["./dashserver.so"],"resources":{"limits":{"cpu":"500m","memory":"300M"},"requests":{"cpu":"100m","memory":"100M"}},"imagePullPolicy":"Always"},"Params":null,"BaseComponent":"Component 25","BaseResources":null,"MaxResources":null}}}],"Component 33":[{"ApiVersion":"v1/beta","Kind":"ComponentDefinition","Metadata":{"Name":"Implementation 33.2","Labels":{},"Annotations":null},"Spec":{"Workload":{"Type":"Container","Definition":{"ApiVersion":"","Kind":""}},"Schematic":{"Definition":{"name":"TestApp","image":"gitlab.ilabt.imec.be:4567/fledge/benchmark/dash:1.0.0-capstan","command":["./dashserver.so"],"resources":{"limits":{"cpu":"500m","memory":"300M"},"requests":{"cpu":"100m","memory":"100M"}},"imagePullPolicy":"Always"},"Params":null,"BaseComponent":"Component 33","BaseResources":null,"MaxResources":null}}}],"Component 41":[{"ApiVersion":"v1/beta","Kind":"ComponentDefinition","Metadata":{"Name":"Implementation 41.2","Labels":{},"Annotations":null},"Spec":{"Workload":{"Type":"Container","Definition":{"ApiVersion":"","Kind":""}},"Schematic":{"Definition":{"name":"TestApp","image":"gitlab.ilabt.imec.be:4567/fledge/benchmark/dash:1.0.0-capstan","command":["./dashserver.so"],"resources":{"limits":{"cpu":"500m","memory":"300M"},"requests":{"cpu":"100m","memory":"100M"}},"imagePullPolicy":"Always"},"Params":null,"BaseComponent":"Component 41","BaseResources":null,"MaxResources":null}}}],"Component 6":[{"ApiVersion":"v1/beta","Kind":"ComponentDefinition","Metadata":{"Name":"Implementation 6.2","Labels":{},"Annotations":null},"Spec":{"Workload":{"Type":"Container","Definition":{"ApiVersion":"","Kind":""}},"Schematic":{"Definition":{"name":"TestApp","image":"gitlab.ilabt.imec.be:4567/fledge/benchmark/dash:1.0.0-capstan","command":["./dashserver.so"],"resources":{"limits":{"cpu":"500m","memory":"300M"},"requests":{"cpu":"100m","memory":"100M"}},"imagePullPolicy":"Always"},"Params":null,"BaseComponent":"Component 6","BaseResources":null,"MaxResources":null}}}]}}