{"discoAPIPort":31000,"repoAPIPort":32000,"initialNodes":[],"maxPing":20,"nodeID":"f0","nodeType":"servicenode","pingPeriod":3000,"testMode":true,"cheatyMinimalPing":10,"cheatyMinimalPingMap":{"e0":14.382885,"f1":15.795569,"f10":24.250027,"f100":23.69199,"f101":26.18238,"f102":30.177364,"f103":38.531277,"f104":42.46204,"f105":12.522463,"f106":10.032106,"f107":12.059906,"f108":44.453804,"f109":12.853873,"f11":34.763653,"f110":4.068579,"f111":23.27617,"f112":37.08499,"f113":42.153275,"f114":24.000303,"f115":28.029877,"f116":39.8599,"f117":23.954603,"f118":31.37833,"f119":43.659157,"f12":10.655946,"f120":25.579954,"f121":14.03259,"f122":51.353497,"f123":42.13327,"f124":44.03368,"f13":22.976072,"f14":27.844793,"f15":42.48201,"f16":35.888226,"f17":45.108364,"f18":33.545956,"f19":38.32274,"f2":9.939704,"f20":4.1329527,"f21":32.62533,"f22":20.727365,"f23":39.795074,"f24":36.241577,"f25":14.057866,"f26":24.377075,"f27":18.360174,"f28":16.611143,"f29":18.531603,"f3":8.466063,"f30":34.125214,"f31":8.750647,"f32":32.24104,"f33":32.266956,"f34":19.60595,"f35":20.108133,"f36":13.452123,"f37":34.812115,"f38":15.260189,"f39":20.825119,"f4":7.7962713,"f40":39.91257,"f41":23.5022,"f42":19.866829,"f43":41.590096,"f44":17.597866,"f45":5.3360877,"f46":41.89875,"f47":46.989067,"f48":12.677655,"f49":23.67625,"f5":19.406893,"f50":27.241333,"f51":23.993702,"f52":38.88563,"f53":14.995104,"f54":15.525806,"f55":11.887193,"f56":30.267794,"f57":25.092138,"f58":32.124767,"f59":29.5838,"f6":32.56562,"f60":15.647307,"f61":25.181858,"f62":32.74815,"f63":19.344759,"f64":25.704132,"f65":25.186598,"f66":8.792429,"f67":49.74196,"f68":21.73828,"f69":15.105283,"f7":28.22791,"f70":54.10932,"f71":44.283195,"f72":15.919744,"f73":39.177673,"f74":14.326449,"f75":47.285477,"f76":25.280457,"f77":46.106472,"f78":16.368982,"f79":6.45352,"f8":14.897553,"f80":19.050337,"f81":2.35235,"f82":17.080904,"f83":18.366646,"f84":26.125057,"f85":48.02956,"f86":30.996496,"f87":36.191566,"f88":11.08444,"f89":11.155946,"f9":30.180578,"f90":45.64567,"f91":28.875637,"f92":8.428978,"f93":38.74495,"f94":22.739586,"f95":33.574284,"f96":25.729515,"f97":14.669362,"f98":31.371655,"f99":17.264069},"BasicComponentDefs":{"Component 14":[{"ApiVersion":"v1/beta","Kind":"ComponentDefinition","Metadata":{"Name":"Implementation 14.2","Labels":{},"Annotations":null},"Spec":{"Workload":{"Type":"Container","Definition":{"ApiVersion":"","Kind":""}},"Schematic":{"Definition":{"name":"TestApp","image":"gitlab.ilabt.imec.be:4567/fledge/benchmark/dash:1.0.0-capstan","command":["./dashserver.so"],"resources":{"limits":{"cpu":"500m","memory":"300M"},"requests":{"cpu":"100m","memory":"100M"}},"imagePullPolicy":"Always"},"Params":null,"BaseComponent":"Component 14","BaseResources":null,"MaxResources":null}}}],"Component 22":[{"ApiVersion":"v1/beta","Kind":"ComponentDefinition","Metadata":{"Name":"Implementation 22.1","Labels":{},"Annotations":null},"Spec":{"Workload":{"Type":"Container","Definition":{"ApiVersion":"","Kind":""}},"Schematic":{"Definition":{"name":"TestApp","image":"gitlab.ilabt.imec.be:4567/fledge/benchmark/dash:1.0.0-capstan","command":["./dashserver.so"],"resources":{"limits":{"cpu":"500m","memory":"300M"},"requests":{"cpu":"100m","memory":"100M"}},"imagePullPolicy":"Always"},"Params":null,"BaseComponent":"Component 22","BaseResources":null,"MaxResources":null}}}],"Component 32":[{"ApiVersion":"v1/beta","Kind":"ComponentDefinition","Metadata":{"Name":"Implementation 32.2","Labels":{},"Annotations":null},"Spec":{"Workload":{"Type":"Container","Definition":{"ApiVersion":"","Kind":""}},"Schematic":{"Definition":{"name":"TestApp","image":"gitlab.ilabt.imec.be:4567/fledge/benchmark/dash:1.0.0-capstan","command":["./dashserver.so"],"resources":{"limits":{"cpu":"500m","memory":"300M"},"requests":{"cpu":"100m","memory":"100M"}},"imagePullPolicy":"Always"},"Params":null,"BaseComponent":"Component 32","BaseResources":null,"MaxResources":null}}}],"Component 40":[{"ApiVersion":"v1/beta","Kind":"ComponentDefinition","Metadata":{"Name":"Implementation 40.1","Labels":{},"Annotations":null},"Spec":{"Workload":{"Type":"Container","Definition":{"ApiVersion":"","Kind":""}},"Schematic":{"Definition":{"name":"TestApp","image":"gitlab.ilabt.imec.be:4567/fledge/benchmark/dash:1.0.0-capstan","command":["./dashserver.so"],"resources":{"limits":{"cpu":"500m","memory":"300M"},"requests":{"cpu":"100m","memory":"100M"}},"imagePullPolicy":"Always"},"Params":null,"BaseComponent":"Component 40","BaseResources":null,"MaxResources":null}}}],"Component 48":[{"ApiVersion":"v1/beta","Kind":"ComponentDefinition","Metadata":{"Name":"Implementation 48.2","Labels":{},"Annotations":null},"Spec":{"Workload":{"Type":"Container","Definition":{"ApiVersion":"","Kind":""}},"Schematic":{"Definition":{"name":"TestApp","image":"gitlab.ilabt.imec.be:4567/fledge/benchmark/dash:1.0.0-capstan","command":["./dashserver.so"],"resources":{"limits":{"cpu":"500m","memory":"300M"},"requests":{"cpu":"100m","memory":"100M"}},"imagePullPolicy":"Always"},"Params":null,"BaseComponent":"Component 48","BaseResources":null,"MaxResources":null}}}]}}