{"discoAPIPort":31001,"repoAPIPort":32001,"initialNodes":[{"name":"f0","ip":"127.0.0.1","distance":0,"discoAPIPort":31000,"repoAPIPort":32000}],"maxPing":20,"nodeID":"f1","nodeType":"servicenode","pingPeriod":3000,"testMode":true,"cheatyMinimalPing":10,"cheatyMinimalPingMap":{"e0":23.43429,"f0":15.795569,"f10":43.30726,"f100":6.7172093,"f101":25.357897,"f102":34.560932,"f103":52.42576,"f104":59.939865,"f105":22.918056,"f106":25.653088,"f107":4.7706394,"f108":65.43383,"f109":16.806362,"f11":42.534767,"f110":11.560012,"f111":28.608086,"f112":30.025307,"f113":24.884932,"f114":21.148994,"f115":40.55555,"f116":58.660374,"f117":31.485117,"f118":47.793346,"f119":59.07219,"f12":2.6568935,"f120":35.486526,"f121":15.70506,"f122":57.202255,"f123":51.141953,"f124":56.43472,"f13":30.60443,"f14":16.735619,"f15":56.30598,"f16":58.882328,"f17":45.905376,"f18":52.251907,"f19":62.29078,"f2":18.566507,"f20":12.031361,"f21":62.401577,"f22":7.0047793,"f23":61.66455,"f24":29.906775,"f25":17.01378,"f26":24.768051,"f27":4.1897516,"f28":26.546,"f29":4.1330338,"f3":5.8042865,"f30":61.62552,"f31":10.1903105,"f32":62.004166,"f33":55.40225,"f34":33.740738,"f35":27.442524,"f36":28.264025,"f37":43.432217,"f38":26.207802,"f39":41.302814,"f4":22.78385,"f40":42.62301,"f41":33.8438,"f42":29.993803,"f43":47.30974,"f44":11.319903,"f45":13.395981,"f46":41.531662,"f47":54.835316,"f48":9.278416,"f49":25.333149,"f5":30.49379,"f50":35.424133,"f51":26.43318,"f52":30.78664,"f53":9.234664,"f54":18.32713,"f55":20.028975,"f56":32.035202,"f57":35.967987,"f58":45.378376,"f59":42.89025,"f6":45.64694,"f60":23.585415,"f61":36.734833,"f62":50.639305,"f63":22.0427,"f64":24.817526,"f65":21.379032,"f66":24.709677,"f67":57.85143,"f68":33.319206,"f69":30.302874,"f7":41.00076,"f70":61.225437,"f71":50.880104,"f72":28.399107,"f73":46.356987,"f74":5.578794,"f75":59.882706,"f76":35.220165,"f77":64.818115,"f78":22.07676,"f79":9.621241,"f8":2.1737301,"f80":31.202698,"f81":10.6321335,"f82":26.69001,"f83":28.103872,"f84":21.484459,"f85":64.37581,"f86":39.294567,"f87":42.179264,"f88":21.239208,"f89":26.100918,"f9":20.494223,"f90":62.249172,"f91":32.55759,"f92":24.387745,"f93":48.11088,"f94":19.339025,"f95":51.774902,"f96":31.561625,"f97":12.010266,"f98":49.99434,"f99":2.7306013},"BasicComponentDefs":{"Component 18":[{"ApiVersion":"v1/beta","Kind":"ComponentDefinition","Metadata":{"Name":"Implementation 18.1","Labels":{},"Annotations":null},"Spec":{"Workload":{"Type":"Container","Definition":{"ApiVersion":"","Kind":""}},"Schematic":{"Definition":{"name":"TestApp","image":"gitlab.ilabt.imec.be:4567/fledge/benchmark/dash:1.0.0-capstan","command":["./dashserver.so"],"resources":{"limits":{"cpu":"500m","memory":"300M"},"requests":{"cpu":"100m","memory":"100M"}},"imagePullPolicy":"Always"},"Params":null,"BaseComponent":"Component 18","BaseResources":null,"MaxResources":null}}}],"Component 28":[{"ApiVersion":"v1/beta","Kind":"ComponentDefinition","Metadata":{"Name":"Implementation 28.2","Labels":{},"Annotations":null},"Spec":{"Workload":{"Type":"Container","Definition":{"ApiVersion":"","Kind":""}},"Schematic":{"Definition":{"name":"TestApp","image":"gitlab.ilabt.imec.be:4567/fledge/benchmark/dash:1.0.0-capstan","command":["./dashserver.so"],"resources":{"limits":{"cpu":"500m","memory":"300M"},"requests":{"cpu":"100m","memory":"100M"}},"imagePullPolicy":"Always"},"Params":null,"BaseComponent":"Component 28","BaseResources":null,"MaxResources":null}}}],"Component 31":[{"ApiVersion":"v1/beta","Kind":"ComponentDefinition","Metadata":{"Name":"Implementation 31.1","Labels":{},"Annotations":null},"Spec":{"Workload":{"Type":"Container","Definition":{"ApiVersion":"","Kind":""}},"Schematic":{"Definition":{"name":"TestApp","image":"gitlab.ilabt.imec.be:4567/fledge/benchmark/dash:1.0.0-capstan","command":["./dashserver.so"],"resources":{"limits":{"cpu":"500m","memory":"300M"},"requests":{"cpu":"100m","memory":"100M"}},"imagePullPolicy":"Always"},"Params":null,"BaseComponent":"Component 31","BaseResources":null,"MaxResources":null}}}],"Component 38":[{"ApiVersion":"v1/beta","Kind":"ComponentDefinition","Metadata":{"Name":"Implementation 38.1","Labels":{},"Annotations":null},"Spec":{"Workload":{"Type":"Container","Definition":{"ApiVersion":"","Kind":""}},"Schematic":{"Definition":{"name":"TestApp","image":"gitlab.ilabt.imec.be:4567/fledge/benchmark/dash:1.0.0-capstan","command":["./dashserver.so"],"resources":{"limits":{"cpu":"500m","memory":"300M"},"requests":{"cpu":"100m","memory":"100M"}},"imagePullPolicy":"Always"},"Params":null,"BaseComponent":"Component 38","BaseResources":null,"MaxResources":null}}}],"Component 46":[{"ApiVersion":"v1/beta","Kind":"ComponentDefinition","Metadata":{"Name":"Implementation 46.1","Labels":{},"Annotations":null},"Spec":{"Workload":{"Type":"Container","Definition":{"ApiVersion":"","Kind":""}},"Schematic":{"Definition":{"name":"TestApp","image":"gitlab.ilabt.imec.be:4567/fledge/benchmark/dash:1.0.0-capstan","command":["./dashserver.so"],"resources":{"limits":{"cpu":"500m","memory":"300M"},"requests":{"cpu":"100m","memory":"100M"}},"imagePullPolicy":"Always"},"Params":null,"BaseComponent":"Component 46","BaseResources":null,"MaxResources":null}}}]}}