{"discoAPIPort":31002,"repoAPIPort":32002,"initialNodes":[{"name":"f0","ip":"127.0.0.1","distance":0,"discoAPIPort":31000,"repoAPIPort":32000},{"name":"f1","ip":"127.0.0.1","distance":0,"discoAPIPort":31001,"repoAPIPort":32001}],"maxPing":20,"nodeID":"f2","nodeType":"servicenode","pingPeriod":3000,"testMode":true,"cheatyMinimalPing":10,"cheatyMinimalPingMap":{"e0":12.544842,"f0":9.939704,"f1":18.566507,"f10":25.486137,"f100":19.895475,"f101":14.964427,"f102":18.458586,"f103":34.020847,"f104":35.304504,"f105":13.927804,"f106":12.420011,"f107":17.768286,"f108":33.935272,"f109":2.6973982,"f11":37.99476,"f110":17.484539,"f111":10.485944,"f112":22.186447,"f113":21.081654,"f114":16.664766,"f115":22.42748,"f116":42.267067,"f117":17.815536,"f118":25.234581,"f119":32.172325,"f12":13.602161,"f120":19.045141,"f121":4.1692076,"f122":48.1576,"f123":42.678,"f124":32.87912,"f13":15.370923,"f14":22.003843,"f15":36.3166,"f16":39.515396,"f17":32.655594,"f18":26.767504,"f19":35.142365,"f20":14.71069,"f21":37.974224,"f22":14.053956,"f23":42.410824,"f24":19.791245,"f25":3.1825752,"f26":14.043122,"f27":17.728817,"f28":7.6351013,"f29":25.59862,"f3":12.047797,"f30":32.865173,"f31":7.46307,"f32":34.664776,"f33":28.684484,"f34":18.169231,"f35":8.599262,"f36":9.065346,"f37":40.622105,"f38":11.174678,"f39":22.385204,"f4":4.1221166,"f40":38.69835,"f41":15.258933,"f42":18.542408,"f43":34.5197,"f44":18.13618,"f45":5.440988,"f46":40.557865,"f47":37.513653,"f48":10.271432,"f49":14.220141,"f5":13.415946,"f50":17.184809,"f51":8.455967,"f52":26.292603,"f53":11.767737,"f54":7.585614,"f55":1.3856688,"f56":18.999605,"f57":27.659039,"f58":17.669077,"f59":36.016018,"f6":35.42629,"f60":7.289925,"f61":23.54381,"f62":24.794218,"f63":10.7010765,"f64":11.154898,"f65":16.146706,"f66":9.945584,"f67":32.879227,"f68":23.05975,"f69":8.748707,"f7":16.64973,"f70":39.005173,"f71":33.595047,"f72":11.067875,"f73":42.898727,"f74":19.376184,"f75":44.02754,"f76":24.575975,"f77":40.692783,"f78":8.696511,"f79":12.962476,"f8":16.40467,"f80":17.265528,"f81":12.037692,"f82":19.3577,"f83":7.4333534,"f84":24.026522,"f85":39.895874,"f86":31.49346,"f87":20.806034,"f88":12.456729,"f89":14.183449,"f9":18.453554,"f90":38.22313,"f91":20.80896,"f92":14.5756445,"f93":49.05184,"f94":19.052752,"f95":29.353941,"f96":16.913944,"f97":8.804845,"f98":34.028603,"f99":17.504},"BasicComponentDefs":{"Component 12":[{"ApiVersion":"v1/beta","Kind":"ComponentDefinition","Metadata":{"Name":"Implementation 12.2","Labels":{},"Annotations":null},"Spec":{"Workload":{"Type":"Container","Definition":{"ApiVersion":"","Kind":""}},"Schematic":{"Definition":{"name":"TestApp","image":"gitlab.ilabt.imec.be:4567/fledge/benchmark/dash:1.0.0-capstan","command":["./dashserver.so"],"resources":{"limits":{"cpu":"500m","memory":"300M"},"requests":{"cpu":"100m","memory":"100M"}},"imagePullPolicy":"Always"},"Params":null,"BaseComponent":"Component 12","BaseResources":null,"MaxResources":null}}}],"Component 29":[{"ApiVersion":"v1/beta","Kind":"ComponentDefinition","Metadata":{"Name":"Implementation 29.1","Labels":{},"Annotations":null},"Spec":{"Workload":{"Type":"Container","Definition":{"ApiVersion":"","Kind":""}},"Schematic":{"Definition":{"name":"TestApp","image":"gitlab.ilabt.imec.be:4567/fledge/benchmark/dash:1.0.0-capstan","command":["./dashserver.so"],"resources":{"limits":{"cpu":"500m","memory":"300M"},"requests":{"cpu":"100m","memory":"100M"}},"imagePullPolicy":"Always"},"Params":null,"BaseComponent":"Component 29","BaseResources":null,"MaxResources":null}}}],"Component 33":[{"ApiVersion":"v1/beta","Kind":"ComponentDefinition","Metadata":{"Name":"Implementation 33.2","Labels":{},"Annotations":null},"Spec":{"Workload":{"Type":"Container","Definition":{"ApiVersion":"","Kind":""}},"Schematic":{"Definition":{"name":"TestApp","image":"gitlab.ilabt.imec.be:4567/fledge/benchmark/dash:1.0.0-capstan","command":["./dashserver.so"],"resources":{"limits":{"cpu":"500m","memory":"300M"},"requests":{"cpu":"100m","memory":"100M"}},"imagePullPolicy":"Always"},"Params":null,"BaseComponent":"Component 33","BaseResources":null,"MaxResources":null}}}],"Component 39":[{"ApiVersion":"v1/beta","Kind":"ComponentDefinition","Metadata":{"Name":"Implementation 39.2","Labels":{},"Annotations":null},"Spec":{"Workload":{"Type":"Container","Definition":{"ApiVersion":"","Kind":""}},"Schematic":{"Definition":{"name":"TestApp","image":"gitlab.ilabt.imec.be:4567/fledge/benchmark/dash:1.0.0-capstan","command":["./dashserver.so"],"resources":{"limits":{"cpu":"500m","memory":"300M"},"requests":{"cpu":"100m","memory":"100M"}},"imagePullPolicy":"Always"},"Params":null,"BaseComponent":"Component 39","BaseResources":null,"MaxResources":null}}}],"Component 42":[{"ApiVersion":"v1/beta","Kind":"ComponentDefinition","Metadata":{"Name":"Implementation 42.1","Labels":{},"Annotations":null},"Spec":{"Workload":{"Type":"Container","Definition":{"ApiVersion":"","Kind":""}},"Schematic":{"Definition":{"name":"TestApp","image":"gitlab.ilabt.imec.be:4567/fledge/benchmark/dash:1.0.0-capstan","command":["./dashserver.so"],"resources":{"limits":{"cpu":"500m","memory":"300M"},"requests":{"cpu":"100m","memory":"100M"}},"imagePullPolicy":"Always"},"Params":null,"BaseComponent":"Component 42","BaseResources":null,"MaxResources":null}}}]}}