{"discoAPIPort":31003,"repoAPIPort":32003,"initialNodes":[{"name":"f0","ip":"127.0.0.1","distance":0,"discoAPIPort":31000,"repoAPIPort":32000},{"name":"f1","ip":"127.0.0.1","distance":0,"discoAPIPort":31001,"repoAPIPort":32001},{"name":"f2","ip":"127.0.0.1","distance":0,"discoAPIPort":31002,"repoAPIPort":32002}],"maxPing":20,"nodeID":"f3","nodeType":"servicenode","pingPeriod":3000,"testMode":true,"cheatyMinimalPing":10,"cheatyMinimalPingMap":{"e0":19.89046,"f0":8.466063,"f1":5.8042865,"f10":37.21986,"f100":11.004504,"f101":22.313366,"f102":25.383207,"f103":43.99456,"f104":39.541134,"f105":16.970074,"f106":14.449167,"f107":10.613717,"f108":51.793583,"f109":11.43146,"f11":43.05483,"f110":10.723412,"f111":16.011341,"f112":23.202797,"f113":27.580332,"f114":18.629267,"f115":36.524895,"f116":55.736485,"f117":26.951235,"f118":39.364803,"f119":53.00383,"f12":4.996099,"f120":29.055178,"f121":9.48315,"f122":47.54031,"f123":46.437916,"f124":46.61384,"f13":23.659954,"f14":13.822827,"f15":36.77588,"f16":49.05241,"f17":53.052666,"f18":37.09286,"f19":45.307186,"f2":12.047797,"f20":6.1307716,"f21":50.44506,"f22":8.829747,"f23":47.585236,"f24":32.215702,"f25":11.667399,"f26":18.802301,"f27":5.294202,"f28":20.841158,"f29":10.786294,"f30":50.433372,"f31":2.9545193,"f32":49.198257,"f33":36.94115,"f34":24.708824,"f35":21.287766,"f36":16.17812,"f37":45.74909,"f38":23.327116,"f39":29.73681,"f4":13.182262,"f40":50.516693,"f41":22.753723,"f42":30.447126,"f43":39.396603,"f44":12.154274,"f45":4.988992,"f46":39.98351,"f47":49.134953,"f48":7.033703,"f49":25.918224,"f5":24.84745,"f50":27.471245,"f51":18.75199,"f52":22.120888,"f53":6.614384,"f54":11.268164,"f55":12.192159,"f56":32.710896,"f57":32.047234,"f58":28.257984,"f59":44.787533,"f6":53.013756,"f60":19.133244,"f61":34.24921,"f62":45.393898,"f63":17.699034,"f64":17.17228,"f65":15.724971,"f66":16.6196,"f67":47.21587,"f68":27.328377,"f69":15.375364,"f7":28.196865,"f70":48.792435,"f71":46.677654,"f72":23.24987,"f73":39.32673,"f74":11.147381,"f75":39.594658,"f76":41.568233,"f77":57.619263,"f78":18.983635,"f79":1.7487005,"f8":7.7924385,"f80":30.24271,"f81":5.816274,"f82":22.654545,"f83":15.332251,"f84":17.271915,"f85":43.868404,"f86":34.34935,"f87":35.242214,"f88":15.814819,"f89":18.285257,"f9":26.935871,"f90":58.010612,"f91":24.365814,"f92":18.584026,"f93":58.495087,"f94":20.35845,"f95":48.594467,"f96":31.12903,"f97":7.863871,"f98":41.824303,"f99":7.9608593},"BasicComponentDefs":{"Component 1":[{"ApiVersion":"v1/beta","Kind":"ComponentDefinition","Metadata":{"Name":"Implementation 1.2","Labels":{},"Annotations":null},"Spec":{"Workload":{"Type":"Container","Definition":{"ApiVersion":"","Kind":""}},"Schematic":{"Definition":{"name":"TestApp","image":"gitlab.ilabt.imec.be:4567/fledge/benchmark/dash:1.0.0-capstan","command":["./dashserver.so"],"resources":{"limits":{"cpu":"500m","memory":"300M"},"requests":{"cpu":"100m","memory":"100M"}},"imagePullPolicy":"Always"},"Params":null,"BaseComponent":"Component 1","BaseResources":null,"MaxResources":null}}}],"Component 26":[{"ApiVersion":"v1/beta","Kind":"ComponentDefinition","Metadata":{"Name":"Implementation 26.1","Labels":{},"Annotations":null},"Spec":{"Workload":{"Type":"Container","Definition":{"ApiVersion":"","Kind":""}},"Schematic":{"Definition":{"name":"TestApp","image":"gitlab.ilabt.imec.be:4567/fledge/benchmark/dash:1.0.0-capstan","command":["./dashserver.so"],"resources":{"limits":{"cpu":"500m","memory":"300M"},"requests":{"cpu":"100m","memory":"100M"}},"imagePullPolicy":"Always"},"Params":null,"BaseComponent":"Component 26","BaseResources":null,"MaxResources":null}}}],"Component 36":[{"ApiVersion":"v1/beta","Kind":"ComponentDefinition","Metadata":{"Name":"Implementation 36.1","Labels":{},"Annotations":null},"Spec":{"Workload":{"Type":"Container","Definition":{"ApiVersion":"","Kind":""}},"Schematic":{"Definition":{"name":"TestApp","image":"gitlab.ilabt.imec.be:4567/fledge/benchmark/dash:1.0.0-capstan","command":["./dashserver.so"],"resources":{"limits":{"cpu":"500m","memory":"300M"},"requests":{"cpu":"100m","memory":"100M"}},"imagePullPolicy":"Always"},"Params":null,"BaseComponent":"Component 36","BaseResources":null,"MaxResources":null}}}],"Component 39":[{"ApiVersion":"v1/beta","Kind":"ComponentDefinition","Metadata":{"Name":"Implementation 39.2","Labels":{},"Annotations":null},"Spec":{"Workload":{"Type":"Container","Definition":{"ApiVersion":"","Kind":""}},"Schematic":{"Definition":{"name":"TestApp","image":"gitlab.ilabt.imec.be:4567/fledge/benchmark/dash:1.0.0-capstan","command":["./dashserver.so"],"resources":{"limits":{"cpu":"500m","memory":"300M"},"requests":{"cpu":"100m","memory":"100M"}},"imagePullPolicy":"Always"},"Params":null,"BaseComponent":"Component 39","BaseResources":null,"MaxResources":null}}}],"Component 47":[{"ApiVersion":"v1/beta","Kind":"ComponentDefinition","Metadata":{"Name":"Implementation 47.1","Labels":{},"Annotations":null},"Spec":{"Workload":{"Type":"Container","Definition":{"ApiVersion":"","Kind":""}},"Schematic":{"Definition":{"name":"TestApp","image":"gitlab.ilabt.imec.be:4567/fledge/benchmark/dash:1.0.0-capstan","command":["./dashserver.so"],"resources":{"limits":{"cpu":"500m","memory":"300M"},"requests":{"cpu":"100m","memory":"100M"}},"imagePullPolicy":"Always"},"Params":null,"BaseComponent":"Component 47","BaseResources":null,"MaxResources":null}}}]}}