{"discoAPIPort":31004,"repoAPIPort":32004,"initialNodes":[{"name":"f0","ip":"127.0.0.1","distance":0,"discoAPIPort":31000,"repoAPIPort":32000},{"name":"f1","ip":"127.0.0.1","distance":0,"discoAPIPort":31001,"repoAPIPort":32001},{"name":"f2","ip":"127.0.0.1","distance":0,"discoAPIPort":31002,"repoAPIPort":32002},{"name":"f3","ip":"127.0.0.1","distance":0,"discoAPIPort":31003,"repoAPIPort":32003}],"maxPing":20,"nodeID":"f4","nodeType":"servicenode","pingPeriod":3000,"testMode":true,"cheatyMinimalPing":10,"cheatyMinimalPingMap":{"e0":8.502923,"f0":7.7962713,"f1":22.78385,"f10":17.399778,"f100":22.333014,"f101":13.129061,"f102":17.145039,"f103":36.84428,"f104":32.278343,"f105":11.935885,"f106":5.844631,"f107":21.654327,"f108":37.200005,"f109":8.045318,"f11":26.590652,"f110":14.694486,"f111":13.982608,"f112":27.068441,"f113":28.974121,"f114":20.484692,"f115":23.73678,"f116":42.446865,"f117":18.766666,"f118":19.442474,"f119":38.202133,"f12":15.989675,"f120":19.333319,"f121":8.213081,"f122":34.56192,"f123":33.616783,"f124":35.68383,"f13":17.259024,"f14":19.265863,"f15":31.494974,"f16":37.98186,"f17":41.145897,"f18":24.19518,"f19":33.04647,"f2":4.1221166,"f20":12.685693,"f21":33.25157,"f22":21.231447,"f23":29.492285,"f24":19.518827,"f25":6.056494,"f26":21.357895,"f27":15.091371,"f28":14.430167,"f29":26.101799,"f3":13.182262,"f30":30.510405,"f31":10.08013,"f32":27.571018,"f33":28.085096,"f34":17.723507,"f35":11.110999,"f36":6.566186,"f37":30.508598,"f38":10.89246,"f39":18.563517,"f40":29.492743,"f41":14.054671,"f42":16.194305,"f43":31.23751,"f44":19.278551,"f45":5.6316338,"f46":30.402683,"f47":35.378746,"f48":11.825318,"f49":16.257833,"f5":11.872715,"f50":20.945269,"f51":15.72296,"f52":23.724333,"f53":16.653965,"f54":12.907307,"f55":5.4381948,"f56":30.88501,"f57":25.581635,"f58":18.234177,"f59":27.630133,"f6":34.765545,"f60":6.0171285,"f61":23.11026,"f62":28.67143,"f63":9.832061,"f64":12.129893,"f65":21.496975,"f66":3.9883056,"f67":34.858364,"f68":21.167004,"f69":7.767723,"f7":18.73941,"f70":37.174477,"f71":32.421314,"f72":9.511591,"f73":28.017946,"f74":25.523129,"f75":40.318325,"f76":27.843788,"f77":41.875767,"f78":7.060569,"f79":9.885942,"f8":18.920475,"f80":19.277763,"f81":11.529055,"f82":14.14533,"f83":10.727011,"f84":19.862583,"f85":37.1311,"f86":28.420547,"f87":27.257765,"f88":9.659604,"f89":7.7067976,"f9":25.694664,"f90":39.383133,"f91":19.868649,"f92":11.063286,"f93":31.865067,"f94":21.205307,"f95":26.29549,"f96":18.805416,"f97":12.651625,"f98":30.67591,"f99":22.811497},"BasicComponentDefs":{"Component 15":[{"ApiVersion":"v1/beta","Kind":"ComponentDefinition","Metadata":{"Name":"Implementation 15.1","Labels":{},"Annotations":null},"Spec":{"Workload":{"Type":"Container","Definition":{"ApiVersion":"","Kind":""}},"Schematic":{"Definition":{"name":"TestApp","image":"gitlab.ilabt.imec.be:4567/fledge/benchmark/dash:1.0.0-capstan","command":["./dashserver.so"],"resources":{"limits":{"cpu":"500m","memory":"300M"},"requests":{"cpu":"100m","memory":"100M"}},"imagePullPolicy":"Always"},"Params":null,"BaseComponent":"Component 15","BaseResources":null,"MaxResources":null}}}],"Component 21":[{"ApiVersion":"v1/beta","Kind":"ComponentDefinition","Metadata":{"Name":"Implementation 21.1","Labels":{},"Annotations":null},"Spec":{"Workload":{"Type":"Container","Definition":{"ApiVersion":"","Kind":""}},"Schematic":{"Definition":{"name":"TestApp","image":"gitlab.ilabt.imec.be:4567/fledge/benchmark/dash:1.0.0-capstan","command":["./dashserver.so"],"resources":{"limits":{"cpu":"500m","memory":"300M"},"requests":{"cpu":"100m","memory":"100M"}},"imagePullPolicy":"Always"},"Params":null,"BaseComponent":"Component 21","BaseResources":null,"MaxResources":null}}}],"Component 29":[{"ApiVersion":"v1/beta","Kind":"ComponentDefinition","Metadata":{"Name":"Implementation 29.1","Labels":{},"Annotations":null},"Spec":{"Workload":{"Type":"Container","Definition":{"ApiVersion":"","Kind":""}},"Schematic":{"Definition":{"name":"TestApp","image":"gitlab.ilabt.imec.be:4567/fledge/benchmark/dash:1.0.0-capstan","command":["./dashserver.so"],"resources":{"limits":{"cpu":"500m","memory":"300M"},"requests":{"cpu":"100m","memory":"100M"}},"imagePullPolicy":"Always"},"Params":null,"BaseComponent":"Component 29","BaseResources":null,"MaxResources":null}}}],"Component 35":[{"ApiVersion":"v1/beta","Kind":"ComponentDefinition","Metadata":{"Name":"Implementation 35.1","Labels":{},"Annotations":null},"Spec":{"Workload":{"Type":"Container","Definition":{"ApiVersion":"","Kind":""}},"Schematic":{"Definition":{"name":"TestApp","image":"gitlab.ilabt.imec.be:4567/fledge/benchmark/dash:1.0.0-capstan","command":["./dashserver.so"],"resources":{"limits":{"cpu":"500m","memory":"300M"},"requests":{"cpu":"100m","memory":"100M"}},"imagePullPolicy":"Always"},"Params":null,"BaseComponent":"Component 35","BaseResources":null,"MaxResources":null}}}],"Component 49":[{"ApiVersion":"v1/beta","Kind":"ComponentDefinition","Metadata":{"Name":"Implementation 49.1","Labels":{},"Annotations":null},"Spec":{"Workload":{"Type":"Container","Definition":{"ApiVersion":"","Kind":""}},"Schematic":{"Definition":{"name":"TestApp","image":"gitlab.ilabt.imec.be:4567/fledge/benchmark/dash:1.0.0-capstan","command":["./dashserver.so"],"resources":{"limits":{"cpu":"500m","memory":"300M"},"requests":{"cpu":"100m","memory":"100M"}},"imagePullPolicy":"Always"},"Params":null,"BaseComponent":"Component 49","BaseResources":null,"MaxResources":null}}}]}}