{"discoAPIPort":31000,"repoAPIPort":32000,"initialNodes":[],"maxPing":10,"nodeID":"f0","nodeType":"servicenode","pingPeriod":3000,"testMode":true,"cheatyMinimalPing":10,"cheatyMinimalPingMap":{"e0":29.676296,"f1":47.555523,"f10":16.608673,"f100":16.096092,"f101":45.479565,"f102":46.822388,"f103":61.05037,"f104":59.453575,"f105":57.365917,"f106":49.404827,"f107":29.237123,"f108":7.0153136,"f109":43.16687,"f11":35.708927,"f110":27.331545,"f111":27.768684,"f112":3.8186955,"f113":48.22891,"f114":36.28075,"f115":21.663103,"f116":30.17569,"f117":50.49676,"f118":33.234203,"f119":25.927895,"f12":24.838114,"f120":40.97911,"f121":39.5973,"f122":37.5332,"f123":27.51667,"f124":61.518448,"f13":36.981163,"f14":25.603725,"f15":29.027775,"f16":38.73234,"f17":13.285835,"f18":15.989805,"f19":16.65696,"f2":39.57011,"f20":11.138811,"f21":41.51339,"f22":40.984264,"f23":29.491295,"f24":23.797153,"f25":58.671585,"f26":30.272036,"f27":15.1416235,"f28":47.900723,"f29":50.205433,"f3":52.513683,"f30":29.678112,"f31":40.98926,"f32":44.11587,"f33":26.797932,"f34":27.653831,"f35":49.808037,"f36":34.377277,"f37":1.4237164,"f38":38.020256,"f39":24.378265,"f4":41.407375,"f40":23.591537,"f41":19.292536,"f42":24.439592,"f43":43.911606,"f44":36.53059,"f45":14.311816,"f46":49.01484,"f47":16.097368,"f48":12.035731,"f49":36.51564,"f5":24.742226,"f50":37.934227,"f51":1.2361095,"f52":20.940002,"f53":24.478941,"f54":32.01815,"f55":21.748512,"f56":15.772951,"f57":19.548456,"f58":44.482803,"f59":29.095377,"f6":15.72602,"f60":43.32556,"f61":42.69981,"f62":7.2721314,"f63":43.361134,"f64":30.696295,"f65":48.15091,"f66":32.658516,"f67":27.259003,"f68":54.01858,"f69":55.997063,"f7":22.724293,"f70":37.25051,"f71":36.687256,"f72":60.952797,"f73":48.451965,"f74":54.102516,"f75":42.170353,"f76":47.671913,"f77":26.746466,"f78":52.452026,"f79":55.20724,"f8":16.20811,"f80":16.532942,"f81":27.022467,"f82":28.716024,"f83":43.84374,"f84":27.4431,"f85":52.518673,"f86":60.780647,"f87":38.217808,"f88":26.70274,"f89":31.208454,"f9":7.815511,"f90":19.403093,"f91":9.044422,"f92":29.66799,"f93":63.94725,"f94":46.27062,"f95":25.086477,"f96":34.02425,"f97":27.401814,"f98":14.105614,"f99":6.755393},"BasicComponentDefs":{"Component 31":[{"ApiVersion":"v1/beta","Kind":"ComponentDefinition","Metadata":{"Name":"Implementation 31.2","Labels":{},"Annotations":null},"Spec":{"Workload":{"Type":"Container","Definition":{"ApiVersion":"","Kind":""}},"Schematic":{"Definition":{"name":"TestApp","image":"gitlab.ilabt.imec.be:4567/fledge/benchmark/dash:1.0.0-capstan","command":["./dashserver.so"],"resources":{"limits":{"cpu":"500m","memory":"300M"},"requests":{"cpu":"100m","memory":"100M"}},"imagePullPolicy":"Always"},"Params":null,"BaseComponent":"Component 31","BaseResources":null,"MaxResources":null}}},{"ApiVersion":"v1/beta","Kind":"ComponentDefinition","Metadata":{"Name":"Implementation 31.1","Labels":{},"Annotations":null},"Spec":{"Workload":{"Type":"Container","Definition":{"ApiVersion":"","Kind":""}},"Schematic":{"Definition":{"name":"TestApp","image":"gitlab.ilabt.imec.be:4567/fledge/benchmark/dash:1.0.0-capstan","command":["./dashserver.so"],"resources":{"limits":{"cpu":"500m","memory":"300M"},"requests":{"cpu":"100m","memory":"100M"}},"imagePullPolicy":"Always"},"Params":null,"BaseComponent":"Component 31","BaseResources":null,"MaxResources":null}}}],"Component 35":[{"ApiVersion":"v1/beta","Kind":"ComponentDefinition","Metadata":{"Name":"Implementation 35.1","Labels":{},"Annotations":null},"Spec":{"Workload":{"Type":"Container","Definition":{"ApiVersion":"","Kind":""}},"Schematic":{"Definition":{"name":"TestApp","image":"gitlab.ilabt.imec.be:4567/fledge/benchmark/dash:1.0.0-capstan","command":["./dashserver.so"],"resources":{"limits":{"cpu":"500m","memory":"300M"},"requests":{"cpu":"100m","memory":"100M"}},"imagePullPolicy":"Always"},"Params":null,"BaseComponent":"Component 35","BaseResources":null,"MaxResources":null}}}],"Component 38":[{"ApiVersion":"v1/beta","Kind":"ComponentDefinition","Metadata":{"Name":"Implementation 38.1","Labels":{},"Annotations":null},"Spec":{"Workload":{"Type":"Container","Definition":{"ApiVersion":"","Kind":""}},"Schematic":{"Definition":{"name":"TestApp","image":"gitlab.ilabt.imec.be:4567/fledge/benchmark/dash:1.0.0-capstan","command":["./dashserver.so"],"resources":{"limits":{"cpu":"500m","memory":"300M"},"requests":{"cpu":"100m","memory":"100M"}},"imagePullPolicy":"Always"},"Params":null,"BaseComponent":"Component 38","BaseResources":null,"MaxResources":null}}}],"Component 7":[{"ApiVersion":"v1/beta","Kind":"ComponentDefinition","Metadata":{"Name":"Implementation 7.2","Labels":{},"Annotations":null},"Spec":{"Workload":{"Type":"Container","Definition":{"ApiVersion":"","Kind":""}},"Schematic":{"Definition":{"name":"TestApp","image":"gitlab.ilabt.imec.be:4567/fledge/benchmark/dash:1.0.0-capstan","command":["./dashserver.so"],"resources":{"limits":{"cpu":"500m","memory":"300M"},"requests":{"cpu":"100m","memory":"100M"}},"imagePullPolicy":"Always"},"Params":null,"BaseComponent":"Component 7","BaseResources":null,"MaxResources":null}}}]}}