{"discoAPIPort":31001,"repoAPIPort":32001,"initialNodes":[{"name":"f0","ip":"127.0.0.1","distance":0,"discoAPIPort":31000,"repoAPIPort":32000}],"maxPing":10,"nodeID":"f1","nodeType":"servicenode","pingPeriod":3000,"testMode":true,"cheatyMinimalPing":10,"cheatyMinimalPingMap":{"e0":33.84899,"f0":47.555523,"f10":41.94431,"f100":42.05698,"f101":7.225865,"f102":14.860481,"f103":11.971965,"f104":16.644274,"f105":20.964962,"f106":19.858154,"f107":55.854847,"f108":42.504402,"f109":9.810601,"f11":36.76771,"f110":32.53554,"f111":51.24196,"f112":48.92024,"f113":16.78314,"f114":33.269688,"f115":31.332708,"f116":25.772688,"f117":9.540422,"f118":13.78008,"f119":58.154335,"f12":30.384687,"f120":16.935226,"f121":31.953074,"f122":50.56633,"f123":53.026966,"f124":23.821848,"f13":22.141144,"f14":27.513273,"f15":20.856085,"f16":11.125608,"f17":38.727833,"f18":45.881668,"f19":38.794865,"f2":32.351612,"f20":42.30832,"f21":27.434206,"f22":15.752486,"f23":37.01447,"f24":46.579975,"f25":11.838111,"f26":69.56467,"f27":44.97507,"f28":8.447063,"f29":9.899774,"f3":6.406997,"f30":30.661247,"f31":39.801105,"f32":16.731817,"f33":33.85359,"f34":35.2592,"f35":8.820749,"f36":14.261922,"f37":48.12146,"f38":39.576096,"f39":36.955685,"f4":9.18165,"f40":35.631737,"f41":33.25294,"f42":41.003933,"f43":19.993105,"f44":35.258053,"f45":34.05854,"f46":9.347449,"f47":44.89685,"f48":44.009064,"f49":29.03096,"f5":25.10919,"f50":12.798378,"f51":44.54504,"f52":33.103245,"f53":32.296158,"f54":23.747004,"f55":33.049736,"f56":46.95566,"f57":37.500458,"f58":29.822802,"f59":19.21482,"f6":34.332924,"f60":7.4417157,"f61":11.355462,"f62":49.522694,"f63":19.461563,"f64":41.34177,"f65":28.615276,"f66":24.924093,"f67":37.642647,"f68":13.656485,"f69":11.880028,"f7":35.7198,"f70":47.207523,"f71":22.413166,"f72":7.8979535,"f73":8.949341,"f74":6.2432494,"f75":9.689852,"f76":26.937515,"f77":29.271969,"f78":17.218761,"f79":12.715103,"f8":57.925056,"f80":61.809944,"f81":50.87746,"f82":23.226662,"f83":8.1902485,"f84":35.750202,"f85":13.45768,"f86":19.40436,"f87":45.112732,"f88":43.808502,"f89":54.50406,"f9":51.83076,"f90":56.39166,"f91":40.591698,"f92":42.1541,"f93":25.201033,"f94":26.089617,"f95":27.735924,"f96":57.64426,"f97":53.190327,"f98":37.567726,"f99":58.582848},"BasicComponentDefs":{"Component 14":[{"ApiVersion":"v1/beta","Kind":"ComponentDefinition","Metadata":{"Name":"Implementation 14.2","Labels":{},"Annotations":null},"Spec":{"Workload":{"Type":"Container","Definition":{"ApiVersion":"","Kind":""}},"Schematic":{"Definition":{"name":"TestApp","image":"gitlab.ilabt.imec.be:4567/fledge/benchmark/dash:1.0.0-capstan","command":["./dashserver.so"],"resources":{"limits":{"cpu":"500m","memory":"300M"},"requests":{"cpu":"100m","memory":"100M"}},"imagePullPolicy":"Always"},"Params":null,"BaseComponent":"Component 14","BaseResources":null,"MaxResources":null}}}],"Component 19":[{"ApiVersion":"v1/beta","Kind":"ComponentDefinition","Metadata":{"Name":"Implementation 19.2","Labels":{},"Annotations":null},"Spec":{"Workload":{"Type":"Container","Definition":{"ApiVersion":"","Kind":""}},"Schematic":{"Definition":{"name":"TestApp","image":"gitlab.ilabt.imec.be:4567/fledge/benchmark/dash:1.0.0-capstan","command":["./dashserver.so"],"resources":{"limits":{"cpu":"500m","memory":"300M"},"requests":{"cpu":"100m","memory":"100M"}},"imagePullPolicy":"Always"},"Params":null,"BaseComponent":"Component 19","BaseResources":null,"MaxResources":null}}}],"Component 35":[{"ApiVersion":"v1/beta","Kind":"ComponentDefinition","Metadata":{"Name":"Implementation 35.2","Labels":{},"Annotations":null},"Spec":{"Workload":{"Type":"Container","Definition":{"ApiVersion":"","Kind":""}},"Schematic":{"Definition":{"name":"TestApp","image":"gitlab.ilabt.imec.be:4567/fledge/benchmark/dash:1.0.0-capstan","command":["./dashserver.so"],"resources":{"limits":{"cpu":"500m","memory":"300M"},"requests":{"cpu":"100m","memory":"100M"}},"imagePullPolicy":"Always"},"Params":null,"BaseComponent":"Component 35","BaseResources":null,"MaxResources":null}}}],"Component 42":[{"ApiVersion":"v1/beta","Kind":"ComponentDefinition","Metadata":{"Name":"Implementation 42.1","Labels":{},"Annotations":null},"Spec":{"Workload":{"Type":"Container","Definition":{"ApiVersion":"","Kind":""}},"Schematic":{"Definition":{"name":"TestApp","image":"gitlab.ilabt.imec.be:4567/fledge/benchmark/dash:1.0.0-capstan","command":["./dashserver.so"],"resources":{"limits":{"cpu":"500m","memory":"300M"},"requests":{"cpu":"100m","memory":"100M"}},"imagePullPolicy":"Always"},"Params":null,"BaseComponent":"Component 42","BaseResources":null,"MaxResources":null}}}],"Component 6":[{"ApiVersion":"v1/beta","Kind":"ComponentDefinition","Metadata":{"Name":"Implementation 6.1","Labels":{},"Annotations":null},"Spec":{"Workload":{"Type":"Container","Definition":{"ApiVersion":"","Kind":""}},"Schematic":{"Definition":{"name":"TestApp","image":"gitlab.ilabt.imec.be:4567/fledge/benchmark/dash:1.0.0-capstan","command":["./dashserver.so"],"resources":{"limits":{"cpu":"500m","memory":"300M"},"requests":{"cpu":"100m","memory":"100M"}},"imagePullPolicy":"Always"},"Params":null,"BaseComponent":"Component 6","BaseResources":null,"MaxResources":null}}}]}}