{"discoAPIPort":31002,"repoAPIPort":32002,"initialNodes":[{"name":"f0","ip":"127.0.0.1","distance":0,"discoAPIPort":31000,"repoAPIPort":32000},{"name":"f1","ip":"127.0.0.1","distance":0,"discoAPIPort":31001,"repoAPIPort":32001}],"maxPing":10,"nodeID":"f2","nodeType":"servicenode","pingPeriod":3000,"testMode":true,"cheatyMinimalPing":10,"cheatyMinimalPingMap":{"e0":0.14667453,"f0":39.57011,"f1":32.351612,"f10":23.82898,"f100":22.80569,"f101":21.212133,"f102":20.673378,"f103":24.226305,"f104":23.209345,"f105":29.690992,"f106":17.370028,"f107":23.807894,"f108":27.201117,"f109":18.64204,"f11":9.070533,"f110":24.083778,"f111":11.710171,"f112":31.387255,"f113":28.58998,"f114":9.978515,"f115":15.2640915,"f116":18.85756,"f117":21.381197,"f118":15.092742,"f119":24.383059,"f12":10.122103,"f120":18.04503,"f121":6.3954167,"f122":17.27761,"f123":12.505304,"f124":19.469248,"f13":24.729761,"f14":22.866495,"f15":20.974241,"f16":26.189898,"f17":16.102701,"f18":21.57193,"f19":21.516037,"f20":18.245394,"f21":15.771413,"f22":16.30426,"f23":15.275942,"f24":13.845935,"f25":38.861942,"f26":29.04958,"f27":15.048975,"f28":30.412245,"f29":28.615564,"f3":27.14742,"f30":24.896206,"f31":12.53477,"f32":12.6612835,"f33":7.3454714,"f34":9.295205,"f35":21.400145,"f36":14.882828,"f37":30.423714,"f38":8.380898,"f39":14.297347,"f4":17.98533,"f40":13.112941,"f41":18.369009,"f42":9.539078,"f43":13.568107,"f44":5.5850563,"f45":18.371653,"f46":20.440767,"f47":15.74522,"f48":23.908442,"f49":0.5220676,"f5":10.692757,"f50":16.775055,"f51":30.865091,"f52":8.554666,"f53":25.660698,"f54":22.77855,"f55":11.370767,"f56":20.047438,"f57":16.690073,"f58":11.536112,"f59":11.005358,"f6":25.335825,"f60":22.142166,"f61":16.147259,"f62":23.05164,"f63":18.366755,"f64":6.5583324,"f65":7.6531568,"f66":5.6126947,"f67":11.886053,"f68":24.135378,"f69":30.240524,"f7":12.269967,"f70":11.14676,"f71":10.878185,"f72":32.31242,"f73":21.401228,"f74":29.861698,"f75":17.880411,"f76":9.1169815,"f77":14.474731,"f78":15.135744,"f79":20.75855,"f8":24.037281,"f80":19.659212,"f81":26.071276,"f82":10.94081,"f83":26.907173,"f84":7.558698,"f85":28.707878,"f86":25.477768,"f87":13.510371,"f88":6.3703365,"f89":21.591225,"f9":32.49415,"f90":17.319666,"f91":27.694006,"f92":26.491228,"f93":31.491705,"f94":21.008503,"f95":12.290762,"f96":22.14724,"f97":21.332329,"f98":30.44768,"f99":27.10072},"BasicComponentDefs":{"Component 10":[{"ApiVersion":"v1/beta","Kind":"ComponentDefinition","Metadata":{"Name":"Implementation 10.2","Labels":{},"Annotations":null},"Spec":{"Workload":{"Type":"Container","Definition":{"ApiVersion":"","Kind":""}},"Schematic":{"Definition":{"name":"TestApp","image":"gitlab.ilabt.imec.be:4567/fledge/benchmark/dash:1.0.0-capstan","command":["./dashserver.so"],"resources":{"limits":{"cpu":"500m","memory":"300M"},"requests":{"cpu":"100m","memory":"100M"}},"imagePullPolicy":"Always"},"Params":null,"BaseComponent":"Component 10","BaseResources":null,"MaxResources":null}}}],"Component 11":[{"ApiVersion":"v1/beta","Kind":"ComponentDefinition","Metadata":{"Name":"Implementation 11.1","Labels":{},"Annotations":null},"Spec":{"Workload":{"Type":"Container","Definition":{"ApiVersion":"","Kind":""}},"Schematic":{"Definition":{"name":"TestApp","image":"gitlab.ilabt.imec.be:4567/fledge/benchmark/dash:1.0.0-capstan","command":["./dashserver.so"],"resources":{"limits":{"cpu":"500m","memory":"300M"},"requests":{"cpu":"100m","memory":"100M"}},"imagePullPolicy":"Always"},"Params":null,"BaseComponent":"Component 11","BaseResources":null,"MaxResources":null}}}],"Component 19":[{"ApiVersion":"v1/beta","Kind":"ComponentDefinition","Metadata":{"Name":"Implementation 19.2","Labels":{},"Annotations":null},"Spec":{"Workload":{"Type":"Container","Definition":{"ApiVersion":"","Kind":""}},"Schematic":{"Definition":{"name":"TestApp","image":"gitlab.ilabt.imec.be:4567/fledge/benchmark/dash:1.0.0-capstan","command":["./dashserver.so"],"resources":{"limits":{"cpu":"500m","memory":"300M"},"requests":{"cpu":"100m","memory":"100M"}},"imagePullPolicy":"Always"},"Params":null,"BaseComponent":"Component 19","BaseResources":null,"MaxResources":null}}}],"Component 31":[{"ApiVersion":"v1/beta","Kind":"ComponentDefinition","Metadata":{"Name":"Implementation 31.2","Labels":{},"Annotations":null},"Spec":{"Workload":{"Type":"Container","Definition":{"ApiVersion":"","Kind":""}},"Schematic":{"Definition":{"name":"TestApp","image":"gitlab.ilabt.imec.be:4567/fledge/benchmark/dash:1.0.0-capstan","command":["./dashserver.so"],"resources":{"limits":{"cpu":"500m","memory":"300M"},"requests":{"cpu":"100m","memory":"100M"}},"imagePullPolicy":"Always"},"Params":null,"BaseComponent":"Component 31","BaseResources":null,"MaxResources":null}}}],"Component 45":[{"ApiVersion":"v1/beta","Kind":"ComponentDefinition","Metadata":{"Name":"Implementation 45.1","Labels":{},"Annotations":null},"Spec":{"Workload":{"Type":"Container","Definition":{"ApiVersion":"","Kind":""}},"Schematic":{"Definition":{"name":"TestApp","image":"gitlab.ilabt.imec.be:4567/fledge/benchmark/dash:1.0.0-capstan","command":["./dashserver.so"],"resources":{"limits":{"cpu":"500m","memory":"300M"},"requests":{"cpu":"100m","memory":"100M"}},"imagePullPolicy":"Always"},"Params":null,"BaseComponent":"Component 45","BaseResources":null,"MaxResources":null}}}]}}