{"discoAPIPort":31003,"repoAPIPort":32003,"initialNodes":[{"name":"f0","ip":"127.0.0.1","distance":0,"discoAPIPort":31000,"repoAPIPort":32000},{"name":"f1","ip":"127.0.0.1","distance":0,"discoAPIPort":31001,"repoAPIPort":32001},{"name":"f2","ip":"127.0.0.1","distance":0,"discoAPIPort":31002,"repoAPIPort":32002}],"maxPing":10,"nodeID":"f3","nodeType":"servicenode","pingPeriod":3000,"testMode":true,"cheatyMinimalPing":10,"cheatyMinimalPingMap":{"e0":27.385727,"f0":52.513683,"f1":6.406997,"f10":38.226353,"f100":42.121376,"f101":2.6212785,"f102":14.87341,"f103":10.032235,"f104":12.070585,"f105":14.878933,"f106":12.650671,"f107":52.34146,"f108":51.101997,"f109":4.1672497,"f11":27.15525,"f110":22.18056,"f111":33.448944,"f112":54.124653,"f113":11.8418255,"f114":32.374596,"f115":30.53897,"f116":21.714653,"f117":5.644103,"f118":9.464326,"f119":56.93521,"f12":24.930988,"f120":11.399395,"f121":23.938738,"f122":42.021793,"f123":41.220654,"f124":20.08513,"f13":21.07923,"f14":26.297863,"f15":17.879898,"f16":9.311081,"f17":38.70434,"f18":41.23832,"f19":40.090942,"f2":27.14742,"f20":32.05846,"f21":26.74799,"f22":8.328808,"f23":38.482037,"f24":31.618492,"f25":19.612425,"f26":55.641132,"f27":35.368614,"f28":12.37284,"f29":9.207358,"f30":28.29642,"f31":35.557453,"f32":9.783598,"f33":28.383799,"f34":25.55304,"f35":2.983868,"f36":12.127936,"f37":46.447117,"f38":33.376858,"f39":40.68853,"f4":4.818827,"f40":42.79164,"f41":36.030254,"f42":34.697826,"f43":11.352421,"f44":23.504509,"f45":39.4979,"f46":2.3776658,"f47":33.650085,"f48":46.048313,"f49":21.750006,"f5":22.233282,"f50":9.288513,"f51":41.49025,"f52":30.753902,"f53":24.910114,"f54":15.596586,"f55":31.017057,"f56":41.23323,"f57":32.888454,"f58":33.127758,"f59":15.948166,"f6":34.066555,"f60":7.0028667,"f61":8.471083,"f62":44.740814,"f63":19.234316,"f64":25.56717,"f65":21.534348,"f66":18.01184,"f67":29.407913,"f68":9.046513,"f69":9.235312,"f7":37.15387,"f70":31.665335,"f71":14.334824,"f72":10.296674,"f73":5.842525,"f74":7.367583,"f75":2.9568915,"f76":22.111135,"f77":23.040794,"f78":14.18775,"f79":9.253551,"f8":48.062805,"f80":43.652668,"f81":54.19484,"f82":17.481394,"f83":9.9468565,"f84":28.838829,"f85":17.925362,"f86":17.008926,"f87":35.78717,"f88":31.74636,"f89":50.389225,"f9":37.431965,"f90":35.169113,"f91":45.60139,"f92":41.51647,"f93":20.357622,"f94":15.34185,"f95":26.015228,"f96":41.895664,"f97":53.75403,"f98":44.320457,"f99":45.34133},"BasicComponentDefs":{"Component 14":[{"ApiVersion":"v1/beta","Kind":"ComponentDefinition","Metadata":{"Name":"Implementation 14.1","Labels":{},"Annotations":null},"Spec":{"Workload":{"Type":"Container","Definition":{"ApiVersion":"","Kind":""}},"Schematic":{"Definition":{"name":"TestApp","image":"gitlab.ilabt.imec.be:4567/fledge/benchmark/dash:1.0.0-capstan","command":["./dashserver.so"],"resources":{"limits":{"cpu":"500m","memory":"300M"},"requests":{"cpu":"100m","memory":"100M"}},"imagePullPolicy":"Always"},"Params":null,"BaseComponent":"Component 14","BaseResources":null,"MaxResources":null}}}],"Component 20":[{"ApiVersion":"v1/beta","Kind":"ComponentDefinition","Metadata":{"Name":"Implementation 20.2","Labels":{},"Annotations":null},"Spec":{"Workload":{"Type":"Container","Definition":{"ApiVersion":"","Kind":""}},"Schematic":{"Definition":{"name":"TestApp","image":"gitlab.ilabt.imec.be:4567/fledge/benchmark/dash:1.0.0-capstan","command":["./dashserver.so"],"resources":{"limits":{"cpu":"500m","memory":"300M"},"requests":{"cpu":"100m","memory":"100M"}},"imagePullPolicy":"Always"},"Params":null,"BaseComponent":"Component 20","BaseResources":null,"MaxResources":null}}}],"Component 27":[{"ApiVersion":"v1/beta","Kind":"ComponentDefinition","Metadata":{"Name":"Implementation 27.2","Labels":{},"Annotations":null},"Spec":{"Workload":{"Type":"Container","Definition":{"ApiVersion":"","Kind":""}},"Schematic":{"Definition":{"name":"TestApp","image":"gitlab.ilabt.imec.be:4567/fledge/benchmark/dash:1.0.0-capstan","command":["./dashserver.so"],"resources":{"limits":{"cpu":"500m","memory":"300M"},"requests":{"cpu":"100m","memory":"100M"}},"imagePullPolicy":"Always"},"Params":null,"BaseComponent":"Component 27","BaseResources":null,"MaxResources":null}}}],"Component 41":[{"ApiVersion":"v1/beta","Kind":"ComponentDefinition","Metadata":{"Name":"Implementation 41.1","Labels":{},"Annotations":null},"Spec":{"Workload":{"Type":"Container","Definition":{"ApiVersion":"","Kind":""}},"Schematic":{"Definition":{"name":"TestApp","image":"gitlab.ilabt.imec.be:4567/fledge/benchmark/dash:1.0.0-capstan","command":["./dashserver.so"],"resources":{"limits":{"cpu":"500m","memory":"300M"},"requests":{"cpu":"100m","memory":"100M"}},"imagePullPolicy":"Always"},"Params":null,"BaseComponent":"Component 41","BaseResources":null,"MaxResources":null}}}],"Component 45":[{"ApiVersion":"v1/beta","Kind":"ComponentDefinition","Metadata":{"Name":"Implementation 45.2","Labels":{},"Annotations":null},"Spec":{"Workload":{"Type":"Container","Definition":{"ApiVersion":"","Kind":""}},"Schematic":{"Definition":{"name":"TestApp","image":"gitlab.ilabt.imec.be:4567/fledge/benchmark/dash:1.0.0-capstan","command":["./dashserver.so"],"resources":{"limits":{"cpu":"500m","memory":"300M"},"requests":{"cpu":"100m","memory":"100M"}},"imagePullPolicy":"Always"},"Params":null,"BaseComponent":"Component 45","BaseResources":null,"MaxResources":null}}}]}}