{"discoAPIPort":31004,"repoAPIPort":32004,"initialNodes":[{"name":"f0","ip":"127.0.0.1","distance":0,"discoAPIPort":31000,"repoAPIPort":32000},{"name":"f1","ip":"127.0.0.1","distance":0,"discoAPIPort":31001,"repoAPIPort":32001},{"name":"f2","ip":"127.0.0.1","distance":0,"discoAPIPort":31002,"repoAPIPort":32002},{"name":"f3","ip":"127.0.0.1","distance":0,"discoAPIPort":31003,"repoAPIPort":32003}],"maxPing":10,"nodeID":"f4","nodeType":"servicenode","pingPeriod":3000,"testMode":true,"cheatyMinimalPing":10,"cheatyMinimalPingMap":{"e0":21.94224,"f0":41.407375,"f1":9.18165,"f10":39.426796,"f100":34.48013,"f101":4.597698,"f102":8.780136,"f103":7.203904,"f104":8.020038,"f105":13.397219,"f106":12.266093,"f107":42.389656,"f108":34.779778,"f109":2.0602396,"f11":31.02149,"f110":26.73009,"f111":30.453424,"f112":48.73483,"f113":8.8574,"f114":26.439974,"f115":34.22048,"f116":17.803795,"f117":10.012476,"f118":10.44877,"f119":55.977135,"f12":25.833836,"f120":10.994139,"f121":17.311348,"f122":36.886288,"f123":33.921432,"f124":15.515536,"f13":23.213873,"f14":24.195412,"f15":17.8238,"f16":9.770061,"f17":33.868473,"f18":39.874596,"f19":33.69028,"f2":17.98533,"f20":35.823692,"f21":18.905493,"f22":9.53819,"f23":32.073437,"f24":43.496475,"f25":22.021421,"f26":45.062103,"f27":37.3572,"f28":16.585066,"f29":16.99751,"f3":4.818827,"f30":19.7228,"f31":24.27646,"f32":8.59556,"f33":33.197975,"f34":28.632462,"f35":3.033373,"f36":9.5713215,"f37":41.38755,"f38":25.58517,"f39":33.316093,"f40":29.98494,"f41":33.691143,"f42":25.031137,"f43":10.871376,"f44":16.02916,"f45":35.116013,"f46":4.6347437,"f47":35.236122,"f48":33.0711,"f49":16.180027,"f5":17.716904,"f50":11.68164,"f51":55.906433,"f52":26.868753,"f53":22.420547,"f54":17.856113,"f55":34.74896,"f56":35.10646,"f57":36.384,"f58":20.32085,"f59":14.366695,"f6":38.416397,"f60":8.602883,"f61":3.5996552,"f62":39.035957,"f63":15.05659,"f64":32.7538,"f65":14.958128,"f66":12.938799,"f67":30.854166,"f68":9.523569,"f69":7.967974,"f7":28.076792,"f70":28.345825,"f71":11.047532,"f72":9.9862995,"f73":4.951485,"f74":12.635684,"f75":2.098377,"f76":21.482162,"f77":23.930605,"f78":9.614524,"f79":3.3551786,"f8":37.62979,"f80":41.789284,"f81":50.141743,"f82":19.96948,"f83":16.783936,"f84":31.12263,"f85":21.043617,"f86":18.116962,"f87":31.902138,"f88":31.142815,"f89":45.526024,"f9":42.785248,"f90":34.40393,"f91":32.587654,"f92":44.16467,"f93":16.677797,"f94":14.628391,"f95":25.638737,"f96":47.98447,"f97":38.92018,"f98":41.947254,"f99":41.37771},"BasicComponentDefs":{"Component 11":[{"ApiVersion":"v1/beta","Kind":"ComponentDefinition","Metadata":{"Name":"Implementation 11.2","Labels":{},"Annotations":null},"Spec":{"Workload":{"Type":"Container","Definition":{"ApiVersion":"","Kind":""}},"Schematic":{"Definition":{"name":"TestApp","image":"gitlab.ilabt.imec.be:4567/fledge/benchmark/dash:1.0.0-capstan","command":["./dashserver.so"],"resources":{"limits":{"cpu":"500m","memory":"300M"},"requests":{"cpu":"100m","memory":"100M"}},"imagePullPolicy":"Always"},"Params":null,"BaseComponent":"Component 11","BaseResources":null,"MaxResources":null}}}],"Component 2":[{"ApiVersion":"v1/beta","Kind":"ComponentDefinition","Metadata":{"Name":"Implementation 2.2","Labels":{},"Annotations":null},"Spec":{"Workload":{"Type":"Container","Definition":{"ApiVersion":"","Kind":""}},"Schematic":{"Definition":{"name":"TestApp","image":"gitlab.ilabt.imec.be:4567/fledge/benchmark/dash:1.0.0-capstan","command":["./dashserver.so"],"resources":{"limits":{"cpu":"500m","memory":"300M"},"requests":{"cpu":"100m","memory":"100M"}},"imagePullPolicy":"Always"},"Params":null,"BaseComponent":"Component 2","BaseResources":null,"MaxResources":null}}}],"Component 42":[{"ApiVersion":"v1/beta","Kind":"ComponentDefinition","Metadata":{"Name":"Implementation 42.1","Labels":{},"Annotations":null},"Spec":{"Workload":{"Type":"Container","Definition":{"ApiVersion":"","Kind":""}},"Schematic":{"Definition":{"name":"TestApp","image":"gitlab.ilabt.imec.be:4567/fledge/benchmark/dash:1.0.0-capstan","command":["./dashserver.so"],"resources":{"limits":{"cpu":"500m","memory":"300M"},"requests":{"cpu":"100m","memory":"100M"}},"imagePullPolicy":"Always"},"Params":null,"BaseComponent":"Component 42","BaseResources":null,"MaxResources":null}}}],"Component 44":[{"ApiVersion":"v1/beta","Kind":"ComponentDefinition","Metadata":{"Name":"Implementation 44.1","Labels":{},"Annotations":null},"Spec":{"Workload":{"Type":"Container","Definition":{"ApiVersion":"","Kind":""}},"Schematic":{"Definition":{"name":"TestApp","image":"gitlab.ilabt.imec.be:4567/fledge/benchmark/dash:1.0.0-capstan","command":["./dashserver.so"],"resources":{"limits":{"cpu":"500m","memory":"300M"},"requests":{"cpu":"100m","memory":"100M"}},"imagePullPolicy":"Always"},"Params":null,"BaseComponent":"Component 44","BaseResources":null,"MaxResources":null}}}],"Component 6":[{"ApiVersion":"v1/beta","Kind":"ComponentDefinition","Metadata":{"Name":"Implementation 6.2","Labels":{},"Annotations":null},"Spec":{"Workload":{"Type":"Container","Definition":{"ApiVersion":"","Kind":""}},"Schematic":{"Definition":{"name":"TestApp","image":"gitlab.ilabt.imec.be:4567/fledge/benchmark/dash:1.0.0-capstan","command":["./dashserver.so"],"resources":{"limits":{"cpu":"500m","memory":"300M"},"requests":{"cpu":"100m","memory":"100M"}},"imagePullPolicy":"Always"},"Params":null,"BaseComponent":"Component 6","BaseResources":null,"MaxResources":null}}}]}}