{"discoAPIPort":31000,"repoAPIPort":32000,"initialNodes":[],"maxPing":20,"nodeID":"f0","nodeType":"servicenode","pingPeriod":3000,"testMode":true,"cheatyMinimalPing":10,"cheatyMinimalPingMap":{"e0":15.876729,"f1":24.490845,"f10":19.330189,"f100":23.403399,"f101":20.987516,"f102":25.494984,"f103":37.7584,"f104":16.930517,"f105":11.174688,"f106":12.237948,"f107":30.464453,"f108":10.574053,"f109":34.006237,"f11":28.447222,"f110":29.853062,"f111":25.715479,"f112":20.269348,"f113":22.475002,"f114":27.707525,"f115":21.105087,"f116":8.900066,"f117":9.418758,"f118":14.633461,"f119":25.201172,"f12":16.83714,"f120":13.434145,"f121":8.91051,"f122":15.63462,"f123":24.784622,"f124":33.25739,"f13":29.520227,"f14":21.59543,"f15":18.760468,"f16":19.896702,"f17":9.753976,"f18":26.861835,"f19":6.351091,"f2":9.506204,"f20":13.623471,"f21":27.438643,"f22":18.880585,"f23":7.257314,"f24":12.575334,"f25":13.526781,"f26":28.152393,"f27":32.658607,"f28":29.668179,"f29":20.82376,"f3":26.357481,"f30":38.196697,"f31":21.509632,"f32":30.66299,"f33":14.748859,"f34":22.026926,"f35":30.089888,"f36":25.776344,"f37":11.5040245,"f38":14.745546,"f39":22.088621,"f4":15.891222,"f40":12.483085,"f41":17.305107,"f42":35.027695,"f43":22.609583,"f44":15.28755,"f45":24.044827,"f46":28.824705,"f47":31.14024,"f48":33.0176,"f49":7.274437,"f5":16.185852,"f50":39.71328,"f51":16.056395,"f52":29.271753,"f53":17.181904,"f54":12.675597,"f55":14.932414,"f56":9.033503,"f57":19.69011,"f58":12.354716,"f59":23.884094,"f6":9.323095,"f60":20.726559,"f61":14.826898,"f62":16.476177,"f63":1.2519438,"f64":11.92849,"f65":27.185778,"f66":26.617819,"f67":25.926048,"f68":24.229599,"f69":16.820118,"f7":17.390154,"f70":23.660162,"f71":17.369328,"f72":10.43176,"f73":21.136515,"f74":10.246374,"f75":19.740889,"f76":26.97409,"f77":18.912836,"f78":19.085646,"f79":29.28323,"f8":20.234495,"f80":8.608137,"f81":8.063114,"f82":11.5593815,"f83":5.3102655,"f84":29.423145,"f85":25.004366,"f86":25.053123,"f87":26.322983,"f88":8.655354,"f89":10.189067,"f9":16.165756,"f90":10.371651,"f91":26.04367,"f92":13.249646,"f93":15.419496,"f94":13.967713,"f95":2.5941195,"f96":30.447199,"f97":23.37572,"f98":23.322115,"f99":27.737383},"BasicComponentDefs":{"Component 14":[{"ApiVersion":"v1/beta","Kind":"ComponentDefinition","Metadata":{"Name":"Implementation 14.2","Labels":{},"Annotations":null},"Spec":{"Workload":{"Type":"Container","Definition":{"ApiVersion":"","Kind":""}},"Schematic":{"Definition":{"name":"TestApp","image":"gitlab.ilabt.imec.be:4567/fledge/benchmark/dash:1.0.0-capstan","command":["./dashserver.so"],"resources":{"limits":{"cpu":"500m","memory":"300M"},"requests":{"cpu":"100m","memory":"100M"}},"imagePullPolicy":"Always"},"Params":null,"BaseComponent":"Component 14","BaseResources":null,"MaxResources":null}}}],"Component 18":[{"ApiVersion":"v1/beta","Kind":"ComponentDefinition","Metadata":{"Name":"Implementation 18.2","Labels":{},"Annotations":null},"Spec":{"Workload":{"Type":"Container","Definition":{"ApiVersion":"","Kind":""}},"Schematic":{"Definition":{"name":"TestApp","image":"gitlab.ilabt.imec.be:4567/fledge/benchmark/dash:1.0.0-capstan","command":["./dashserver.so"],"resources":{"limits":{"cpu":"500m","memory":"300M"},"requests":{"cpu":"100m","memory":"100M"}},"imagePullPolicy":"Always"},"Params":null,"BaseComponent":"Component 18","BaseResources":null,"MaxResources":null}}}],"Component 31":[{"ApiVersion":"v1/beta","Kind":"ComponentDefinition","Metadata":{"Name":"Implementation 31.1","Labels":{},"Annotations":null},"Spec":{"Workload":{"Type":"Container","Definition":{"ApiVersion":"","Kind":""}},"Schematic":{"Definition":{"name":"TestApp","image":"gitlab.ilabt.imec.be:4567/fledge/benchmark/dash:1.0.0-capstan","command":["./dashserver.so"],"resources":{"limits":{"cpu":"500m","memory":"300M"},"requests":{"cpu":"100m","memory":"100M"}},"imagePullPolicy":"Always"},"Params":null,"BaseComponent":"Component 31","BaseResources":null,"MaxResources":null}}}],"Component 40":[{"ApiVersion":"v1/beta","Kind":"ComponentDefinition","Metadata":{"Name":"Implementation 40.2","Labels":{},"Annotations":null},"Spec":{"Workload":{"Type":"Container","Definition":{"ApiVersion":"","Kind":""}},"Schematic":{"Definition":{"name":"TestApp","image":"gitlab.ilabt.imec.be:4567/fledge/benchmark/dash:1.0.0-capstan","command":["./dashserver.so"],"resources":{"limits":{"cpu":"500m","memory":"300M"},"requests":{"cpu":"100m","memory":"100M"}},"imagePullPolicy":"Always"},"Params":null,"BaseComponent":"Component 40","BaseResources":null,"MaxResources":null}}}],"Component 8":[{"ApiVersion":"v1/beta","Kind":"ComponentDefinition","Metadata":{"Name":"Implementation 8.1","Labels":{},"Annotations":null},"Spec":{"Workload":{"Type":"Container","Definition":{"ApiVersion":"","Kind":""}},"Schematic":{"Definition":{"name":"TestApp","image":"gitlab.ilabt.imec.be:4567/fledge/benchmark/dash:1.0.0-capstan","command":["./dashserver.so"],"resources":{"limits":{"cpu":"500m","memory":"300M"},"requests":{"cpu":"100m","memory":"100M"}},"imagePullPolicy":"Always"},"Params":null,"BaseComponent":"Component 8","BaseResources":null,"MaxResources":null}}}]}}