{"discoAPIPort":31001,"repoAPIPort":32001,"initialNodes":[{"name":"f0","ip":"127.0.0.1","distance":0,"discoAPIPort":31000,"repoAPIPort":32000}],"maxPing":20,"nodeID":"f1","nodeType":"servicenode","pingPeriod":3000,"testMode":true,"cheatyMinimalPing":10,"cheatyMinimalPingMap":{"e0":16.103113,"f0":24.490845,"f10":30.359715,"f100":16.247787,"f101":20.19107,"f102":18.657835,"f103":29.412191,"f104":29.517262,"f105":30.896858,"f106":24.179483,"f107":14.470754,"f108":13.236905,"f109":7.28427,"f11":15.462748,"f110":17.414392,"f111":53.82256,"f112":3.4287262,"f113":28.90746,"f114":7.9674277,"f115":40.320206,"f116":13.23235,"f117":15.369012,"f118":12.599588,"f119":12.949475,"f12":28.064323,"f120":41.44226,"f121":22.641363,"f122":13.157848,"f123":5.932773,"f124":10.291893,"f13":13.015527,"f14":1.5264565,"f15":17.479774,"f16":41.913486,"f17":22.531721,"f18":39.148396,"f19":12.7117405,"f2":17.047094,"f20":29.460436,"f21":11.231849,"f22":2.3228219,"f23":25.559528,"f24":34.732803,"f25":11.902775,"f26":24.22788,"f27":14.522414,"f28":12.312739,"f29":6.2391844,"f3":16.648966,"f30":11.191255,"f31":1.2046094,"f32":58.683296,"f33":28.273617,"f34":33.301094,"f35":13.750839,"f36":34.279446,"f37":12.32696,"f38":8.639764,"f39":35.364304,"f4":4.9872656,"f40":18.91418,"f41":19.593552,"f42":37.45174,"f43":44.496693,"f44":20.449242,"f45":46.081028,"f46":20.35121,"f47":57.51996,"f48":53.324924,"f49":24.549763,"f5":39.142433,"f50":14.576478,"f51":6.5151258,"f52":4.9335637,"f53":4.3830543,"f54":17.448586,"f55":32.415703,"f56":28.894007,"f57":34.536358,"f58":29.673216,"f59":4.1036177,"f6":19.221506,"f60":21.29944,"f61":29.073368,"f62":11.774563,"f63":18.970171,"f64":19.9613,"f65":38.149796,"f66":42.385246,"f67":6.857353,"f68":18.923319,"f69":6.1523037,"f7":9.786857,"f70":18.36957,"f71":20.930986,"f72":9.684824,"f73":35.779224,"f74":17.580458,"f75":20.450037,"f76":45.159092,"f77":22.260973,"f78":34.268295,"f79":46.834442,"f8":22.504564,"f80":24.750753,"f81":29.251854,"f82":15.814091,"f83":12.053718,"f84":13.66791,"f85":15.691088,"f86":47.513466,"f87":37.128803,"f88":24.044596,"f89":32.84991,"f9":3.010797,"f90":22.354164,"f91":41.509964,"f92":14.873689,"f93":7.7560873,"f94":9.818579,"f95":26.543737,"f96":43.63495,"f97":38.450344,"f98":35.347263,"f99":44.719345},"BasicComponentDefs":{"Component 1":[{"ApiVersion":"v1/beta","Kind":"ComponentDefinition","Metadata":{"Name":"Implementation 1.2","Labels":{},"Annotations":null},"Spec":{"Workload":{"Type":"Container","Definition":{"ApiVersion":"","Kind":""}},"Schematic":{"Definition":{"name":"TestApp","image":"gitlab.ilabt.imec.be:4567/fledge/benchmark/dash:1.0.0-capstan","command":["./dashserver.so"],"resources":{"limits":{"cpu":"500m","memory":"300M"},"requests":{"cpu":"100m","memory":"100M"}},"imagePullPolicy":"Always"},"Params":null,"BaseComponent":"Component 1","BaseResources":null,"MaxResources":null}}}],"Component 2":[{"ApiVersion":"v1/beta","Kind":"ComponentDefinition","Metadata":{"Name":"Implementation 2.1","Labels":{},"Annotations":null},"Spec":{"Workload":{"Type":"Container","Definition":{"ApiVersion":"","Kind":""}},"Schematic":{"Definition":{"name":"TestApp","image":"gitlab.ilabt.imec.be:4567/fledge/benchmark/dash:1.0.0-capstan","command":["./dashserver.so"],"resources":{"limits":{"cpu":"500m","memory":"300M"},"requests":{"cpu":"100m","memory":"100M"}},"imagePullPolicy":"Always"},"Params":null,"BaseComponent":"Component 2","BaseResources":null,"MaxResources":null}}}],"Component 26":[{"ApiVersion":"v1/beta","Kind":"ComponentDefinition","Metadata":{"Name":"Implementation 26.1","Labels":{},"Annotations":null},"Spec":{"Workload":{"Type":"Container","Definition":{"ApiVersion":"","Kind":""}},"Schematic":{"Definition":{"name":"TestApp","image":"gitlab.ilabt.imec.be:4567/fledge/benchmark/dash:1.0.0-capstan","command":["./dashserver.so"],"resources":{"limits":{"cpu":"500m","memory":"300M"},"requests":{"cpu":"100m","memory":"100M"}},"imagePullPolicy":"Always"},"Params":null,"BaseComponent":"Component 26","BaseResources":null,"MaxResources":null}}}],"Component 37":[{"ApiVersion":"v1/beta","Kind":"ComponentDefinition","Metadata":{"Name":"Implementation 37.1","Labels":{},"Annotations":null},"Spec":{"Workload":{"Type":"Container","Definition":{"ApiVersion":"","Kind":""}},"Schematic":{"Definition":{"name":"TestApp","image":"gitlab.ilabt.imec.be:4567/fledge/benchmark/dash:1.0.0-capstan","command":["./dashserver.so"],"resources":{"limits":{"cpu":"500m","memory":"300M"},"requests":{"cpu":"100m","memory":"100M"}},"imagePullPolicy":"Always"},"Params":null,"BaseComponent":"Component 37","BaseResources":null,"MaxResources":null}}}],"Component 47":[{"ApiVersion":"v1/beta","Kind":"ComponentDefinition","Metadata":{"Name":"Implementation 47.2","Labels":{},"Annotations":null},"Spec":{"Workload":{"Type":"Container","Definition":{"ApiVersion":"","Kind":""}},"Schematic":{"Definition":{"name":"TestApp","image":"gitlab.ilabt.imec.be:4567/fledge/benchmark/dash:1.0.0-capstan","command":["./dashserver.so"],"resources":{"limits":{"cpu":"500m","memory":"300M"},"requests":{"cpu":"100m","memory":"100M"}},"imagePullPolicy":"Always"},"Params":null,"BaseComponent":"Component 47","BaseResources":null,"MaxResources":null}}}]}}