{"discoAPIPort":31002,"repoAPIPort":32002,"initialNodes":[{"name":"f0","ip":"127.0.0.1","distance":0,"discoAPIPort":31000,"repoAPIPort":32000},{"name":"f1","ip":"127.0.0.1","distance":0,"discoAPIPort":31001,"repoAPIPort":32001}],"maxPing":20,"nodeID":"f2","nodeType":"servicenode","pingPeriod":3000,"testMode":true,"cheatyMinimalPing":10,"cheatyMinimalPingMap":{"e0":15.915752,"f0":9.506204,"f1":17.047094,"f10":24.86204,"f100":14.690305,"f101":25.819736,"f102":16.647861,"f103":23.668549,"f104":25.09739,"f105":10.757873,"f106":13.583865,"f107":24.45175,"f108":2.6756794,"f109":23.566359,"f11":21.648338,"f110":24.35302,"f111":31.87209,"f112":15.72776,"f113":25.512873,"f114":16.562151,"f115":27.710993,"f116":4.909982,"f117":2.7897825,"f118":4.371231,"f119":16.926266,"f12":22.017197,"f120":24.593838,"f121":7.1458445,"f122":7.0388446,"f123":17.97404,"f124":25.266785,"f13":23.160505,"f14":15.377066,"f15":20.682354,"f16":36.261524,"f17":5.7605515,"f18":42.60689,"f19":2.8450744,"f20":26.422472,"f21":19.114986,"f22":13.484897,"f23":15.220966,"f24":22.514389,"f25":18.243118,"f26":20.799824,"f27":23.344744,"f28":31.016872,"f29":19.750134,"f3":24.216356,"f30":23.333794,"f31":14.704714,"f32":36.02962,"f33":23.041817,"f34":26.701143,"f35":27.380793,"f36":26.488417,"f37":9.296171,"f38":12.332099,"f39":30.439283,"f4":10.772267,"f40":18.734848,"f41":10.057076,"f42":34.2581,"f43":39.524567,"f44":20.13673,"f45":30.506199,"f46":17.829899,"f47":30.338625,"f48":33.17886,"f49":16.711832,"f5":30.946272,"f50":29.558338,"f51":6.8762765,"f52":20.396826,"f53":12.917523,"f54":18.683949,"f55":23.505833,"f56":13.529063,"f57":27.205486,"f58":12.419049,"f59":15.85615,"f6":8.685288,"f60":27.28773,"f61":23.209314,"f62":13.095846,"f63":7.543223,"f64":20.26906,"f65":45.69264,"f66":37.059425,"f67":23.487995,"f68":18.837946,"f69":13.707894,"f7":11.076136,"f70":22.536467,"f71":9.39794,"f72":4.796061,"f73":29.920076,"f74":15.568579,"f75":12.094668,"f76":43.19532,"f77":22.76433,"f78":22.40682,"f79":42.583763,"f8":26.469515,"f80":10.681045,"f81":13.700539,"f82":16.529867,"f83":7.7322493,"f84":24.78159,"f85":14.933962,"f86":25.926321,"f87":31.18617,"f88":17.663845,"f89":17.329,"f9":10.825638,"f90":11.54065,"f91":32.751804,"f92":16.118074,"f93":16.775698,"f94":4.5509167,"f95":10.719276,"f96":32.247013,"f97":27.885925,"f98":27.87128,"f99":37.746716},"BasicComponentDefs":{"Component 1":[{"ApiVersion":"v1/beta","Kind":"ComponentDefinition","Metadata":{"Name":"Implementation 1.1","Labels":{},"Annotations":null},"Spec":{"Workload":{"Type":"Container","Definition":{"ApiVersion":"","Kind":""}},"Schematic":{"Definition":{"name":"TestApp","image":"gitlab.ilabt.imec.be:4567/fledge/benchmark/dash:1.0.0-capstan","command":["./dashserver.so"],"resources":{"limits":{"cpu":"500m","memory":"300M"},"requests":{"cpu":"100m","memory":"100M"}},"imagePullPolicy":"Always"},"Params":null,"BaseComponent":"Component 1","BaseResources":null,"MaxResources":null}}}],"Component 11":[{"ApiVersion":"v1/beta","Kind":"ComponentDefinition","Metadata":{"Name":"Implementation 11.2","Labels":{},"Annotations":null},"Spec":{"Workload":{"Type":"Container","Definition":{"ApiVersion":"","Kind":""}},"Schematic":{"Definition":{"name":"TestApp","image":"gitlab.ilabt.imec.be:4567/fledge/benchmark/dash:1.0.0-capstan","command":["./dashserver.so"],"resources":{"limits":{"cpu":"500m","memory":"300M"},"requests":{"cpu":"100m","memory":"100M"}},"imagePullPolicy":"Always"},"Params":null,"BaseComponent":"Component 11","BaseResources":null,"MaxResources":null}}}],"Component 25":[{"ApiVersion":"v1/beta","Kind":"ComponentDefinition","Metadata":{"Name":"Implementation 25.2","Labels":{},"Annotations":null},"Spec":{"Workload":{"Type":"Container","Definition":{"ApiVersion":"","Kind":""}},"Schematic":{"Definition":{"name":"TestApp","image":"gitlab.ilabt.imec.be:4567/fledge/benchmark/dash:1.0.0-capstan","command":["./dashserver.so"],"resources":{"limits":{"cpu":"500m","memory":"300M"},"requests":{"cpu":"100m","memory":"100M"}},"imagePullPolicy":"Always"},"Params":null,"BaseComponent":"Component 25","BaseResources":null,"MaxResources":null}}}],"Component 32":[{"ApiVersion":"v1/beta","Kind":"ComponentDefinition","Metadata":{"Name":"Implementation 32.1","Labels":{},"Annotations":null},"Spec":{"Workload":{"Type":"Container","Definition":{"ApiVersion":"","Kind":""}},"Schematic":{"Definition":{"name":"TestApp","image":"gitlab.ilabt.imec.be:4567/fledge/benchmark/dash:1.0.0-capstan","command":["./dashserver.so"],"resources":{"limits":{"cpu":"500m","memory":"300M"},"requests":{"cpu":"100m","memory":"100M"}},"imagePullPolicy":"Always"},"Params":null,"BaseComponent":"Component 32","BaseResources":null,"MaxResources":null}}}],"Component 34":[{"ApiVersion":"v1/beta","Kind":"ComponentDefinition","Metadata":{"Name":"Implementation 34.1","Labels":{},"Annotations":null},"Spec":{"Workload":{"Type":"Container","Definition":{"ApiVersion":"","Kind":""}},"Schematic":{"Definition":{"name":"TestApp","image":"gitlab.ilabt.imec.be:4567/fledge/benchmark/dash:1.0.0-capstan","command":["./dashserver.so"],"resources":{"limits":{"cpu":"500m","memory":"300M"},"requests":{"cpu":"100m","memory":"100M"}},"imagePullPolicy":"Always"},"Params":null,"BaseComponent":"Component 34","BaseResources":null,"MaxResources":null}}}]}}