{"discoAPIPort":31003,"repoAPIPort":32003,"initialNodes":[{"name":"f0","ip":"127.0.0.1","distance":0,"discoAPIPort":31000,"repoAPIPort":32000},{"name":"f1","ip":"127.0.0.1","distance":0,"discoAPIPort":31001,"repoAPIPort":32001},{"name":"f2","ip":"127.0.0.1","distance":0,"discoAPIPort":31002,"repoAPIPort":32002}],"maxPing":20,"nodeID":"f3","nodeType":"servicenode","pingPeriod":3000,"testMode":true,"cheatyMinimalPing":10,"cheatyMinimalPingMap":{"e0":10.842567,"f0":26.357481,"f1":16.648966,"f10":27.91088,"f100":32.927162,"f101":7.254356,"f102":30.664669,"f103":32.16941,"f104":25.080738,"f105":27.212439,"f106":38.8199,"f107":32.479958,"f108":22.1739,"f109":23.818369,"f11":35.38888,"f110":27.117083,"f111":40.162518,"f112":13.189468,"f113":9.677139,"f114":27.448755,"f115":36.03837,"f116":16.92639,"f117":25.608809,"f118":26.378286,"f119":2.2334194,"f12":14.967025,"f120":27.330606,"f121":33.2978,"f122":24.99149,"f123":10.61197,"f124":13.317983,"f13":5.8256845,"f14":12.150482,"f15":8.558993,"f16":44.098095,"f17":24.263184,"f18":29.561928,"f19":20.221312,"f2":24.216356,"f20":36.95206,"f21":1.9108739,"f22":10.850649,"f23":19.924425,"f24":25.446665,"f25":6.5519657,"f26":34.34783,"f27":28.821062,"f28":14.470944,"f29":8.57598,"f30":19.544147,"f31":11.952426,"f32":54.054092,"f33":38.731907,"f34":36.607975,"f35":26.68436,"f36":14.585341,"f37":13.197356,"f38":7.2611713,"f39":35.023994,"f4":11.436383,"f40":14.696724,"f41":40.10708,"f42":27.22978,"f43":35.922485,"f44":11.178673,"f45":32.414062,"f46":30.726768,"f47":52.357277,"f48":28.177362,"f49":33.634,"f5":27.873535,"f50":14.781991,"f51":19.11993,"f52":19.937872,"f53":11.403125,"f54":14.066709,"f55":35.87871,"f56":36.818546,"f57":36.999657,"f58":27.63174,"f59":15.621345,"f6":29.96715,"f60":12.126697,"f61":26.30803,"f62":8.330307,"f63":26.804842,"f64":13.384578,"f65":26.564293,"f66":45.971134,"f67":17.268248,"f68":32.600372,"f69":9.110778,"f7":27.213104,"f70":8.067088,"f71":37.336235,"f72":15.324139,"f73":22.540071,"f74":12.652873,"f75":33.139267,"f76":49.940395,"f77":13.688646,"f78":27.031654,"f79":23.725502,"f8":11.351088,"f80":36.303017,"f81":28.239355,"f82":10.421176,"f83":17.39671,"f84":17.874277,"f85":31.1177,"f86":42.810074,"f87":37.567894,"f88":18.692804,"f89":24.13492,"f9":15.458474,"f90":28.57197,"f91":27.02537,"f92":6.531958,"f93":5.9866705,"f94":17.026377,"f95":19.576683,"f96":43.30459,"f97":29.51107,"f98":33.494247,"f99":40.4752},"BasicComponentDefs":{"Component 12":[{"ApiVersion":"v1/beta","Kind":"ComponentDefinition","Metadata":{"Name":"Implementation 12.1","Labels":{},"Annotations":null},"Spec":{"Workload":{"Type":"Container","Definition":{"ApiVersion":"","Kind":""}},"Schematic":{"Definition":{"name":"TestApp","image":"gitlab.ilabt.imec.be:4567/fledge/benchmark/dash:1.0.0-capstan","command":["./dashserver.so"],"resources":{"limits":{"cpu":"500m","memory":"300M"},"requests":{"cpu":"100m","memory":"100M"}},"imagePullPolicy":"Always"},"Params":null,"BaseComponent":"Component 12","BaseResources":null,"MaxResources":null}}}],"Component 38":[{"ApiVersion":"v1/beta","Kind":"ComponentDefinition","Metadata":{"Name":"Implementation 38.1","Labels":{},"Annotations":null},"Spec":{"Workload":{"Type":"Container","Definition":{"ApiVersion":"","Kind":""}},"Schematic":{"Definition":{"name":"TestApp","image":"gitlab.ilabt.imec.be:4567/fledge/benchmark/dash:1.0.0-capstan","command":["./dashserver.so"],"resources":{"limits":{"cpu":"500m","memory":"300M"},"requests":{"cpu":"100m","memory":"100M"}},"imagePullPolicy":"Always"},"Params":null,"BaseComponent":"Component 38","BaseResources":null,"MaxResources":null}}}],"Component 45":[{"ApiVersion":"v1/beta","Kind":"ComponentDefinition","Metadata":{"Name":"Implementation 45.1","Labels":{},"Annotations":null},"Spec":{"Workload":{"Type":"Container","Definition":{"ApiVersion":"","Kind":""}},"Schematic":{"Definition":{"name":"TestApp","image":"gitlab.ilabt.imec.be:4567/fledge/benchmark/dash:1.0.0-capstan","command":["./dashserver.so"],"resources":{"limits":{"cpu":"500m","memory":"300M"},"requests":{"cpu":"100m","memory":"100M"}},"imagePullPolicy":"Always"},"Params":null,"BaseComponent":"Component 45","BaseResources":null,"MaxResources":null}}}],"Component 47":[{"ApiVersion":"v1/beta","Kind":"ComponentDefinition","Metadata":{"Name":"Implementation 47.1","Labels":{},"Annotations":null},"Spec":{"Workload":{"Type":"Container","Definition":{"ApiVersion":"","Kind":""}},"Schematic":{"Definition":{"name":"TestApp","image":"gitlab.ilabt.imec.be:4567/fledge/benchmark/dash:1.0.0-capstan","command":["./dashserver.so"],"resources":{"limits":{"cpu":"500m","memory":"300M"},"requests":{"cpu":"100m","memory":"100M"}},"imagePullPolicy":"Always"},"Params":null,"BaseComponent":"Component 47","BaseResources":null,"MaxResources":null}}}],"Component 7":[{"ApiVersion":"v1/beta","Kind":"ComponentDefinition","Metadata":{"Name":"Implementation 7.2","Labels":{},"Annotations":null},"Spec":{"Workload":{"Type":"Container","Definition":{"ApiVersion":"","Kind":""}},"Schematic":{"Definition":{"name":"TestApp","image":"gitlab.ilabt.imec.be:4567/fledge/benchmark/dash:1.0.0-capstan","command":["./dashserver.so"],"resources":{"limits":{"cpu":"500m","memory":"300M"},"requests":{"cpu":"100m","memory":"100M"}},"imagePullPolicy":"Always"},"Params":null,"BaseComponent":"Component 7","BaseResources":null,"MaxResources":null}}}]}}