{"discoAPIPort":31004,"repoAPIPort":32004,"initialNodes":[{"name":"f0","ip":"127.0.0.1","distance":0,"discoAPIPort":31000,"repoAPIPort":32000},{"name":"f1","ip":"127.0.0.1","distance":0,"discoAPIPort":31001,"repoAPIPort":32001},{"name":"f2","ip":"127.0.0.1","distance":0,"discoAPIPort":31002,"repoAPIPort":32002},{"name":"f3","ip":"127.0.0.1","distance":0,"discoAPIPort":31003,"repoAPIPort":32003}],"maxPing":20,"nodeID":"f4","nodeType":"servicenode","pingPeriod":3000,"testMode":true,"cheatyMinimalPing":10,"cheatyMinimalPingMap":{"e0":12.263622,"f0":15.891222,"f1":4.9872656,"f10":26.535824,"f100":21.736004,"f101":17.2977,"f102":26.294895,"f103":29.592688,"f104":28.234707,"f105":19.703148,"f106":27.625767,"f107":23.176214,"f108":8.5271225,"f109":13.591177,"f11":23.00231,"f110":17.92617,"f111":41.237026,"f112":7.029608,"f113":24.677057,"f114":11.179872,"f115":31.427948,"f116":8.212465,"f117":10.278668,"f118":11.887338,"f119":13.297094,"f12":16.245401,"f120":23.593649,"f121":16.622759,"f122":12.47278,"f123":8.635151,"f124":14.389631,"f13":9.950914,"f14":4.214109,"f15":18.609118,"f16":43.591618,"f17":15.0913315,"f18":35.124016,"f19":9.454572,"f2":10.772267,"f20":29.349373,"f21":14.17852,"f22":4.8996673,"f23":20.45558,"f24":25.146914,"f25":7.655164,"f26":18.470707,"f27":21.60817,"f28":14.386465,"f29":6.934347,"f3":11.436383,"f30":16.66352,"f31":5.2029266,"f32":35.216892,"f33":29.004076,"f34":31.218544,"f35":15.93794,"f36":22.506947,"f37":4.9382486,"f38":5.266547,"f39":37.349197,"f40":19.88694,"f41":23.217752,"f42":43.196453,"f43":39.108612,"f44":13.110255,"f45":39.63969,"f46":21.961815,"f47":37.912785,"f48":38.47331,"f49":26.833673,"f5":30.520294,"f50":23.926579,"f51":5.627051,"f52":11.513725,"f53":3.2319868,"f54":13.200108,"f55":32.59955,"f56":20.32516,"f57":30.078064,"f58":20.78257,"f59":9.243691,"f6":16.969988,"f60":20.806122,"f61":35.841213,"f62":7.6291366,"f63":12.968558,"f64":19.685476,"f65":36.679134,"f66":35.856598,"f67":14.410377,"f68":23.914688,"f69":3.2262275,"f7":12.107232,"f70":15.156769,"f71":23.63622,"f72":4.589477,"f73":29.219707,"f74":12.614353,"f75":18.798918,"f76":40.619152,"f77":21.86908,"f78":32.51027,"f79":29.482735,"f8":22.111486,"f80":22.772833,"f81":26.39373,"f82":11.067106,"f83":10.8276615,"f84":21.44397,"f85":22.547035,"f86":42.625736,"f87":38.945354,"f88":16.584742,"f89":23.2439,"f9":2.6034424,"f90":24.350786,"f91":36.256535,"f92":10.062985,"f93":7.5883436,"f94":6.4022117,"f95":19.724337,"f96":44.83555,"f97":29.25089,"f98":29.911142,"f99":40.775333},"BasicComponentDefs":{"Component 17":[{"ApiVersion":"v1/beta","Kind":"ComponentDefinition","Metadata":{"Name":"Implementation 17.1","Labels":{},"Annotations":null},"Spec":{"Workload":{"Type":"Container","Definition":{"ApiVersion":"","Kind":""}},"Schematic":{"Definition":{"name":"TestApp","image":"gitlab.ilabt.imec.be:4567/fledge/benchmark/dash:1.0.0-capstan","command":["./dashserver.so"],"resources":{"limits":{"cpu":"500m","memory":"300M"},"requests":{"cpu":"100m","memory":"100M"}},"imagePullPolicy":"Always"},"Params":null,"BaseComponent":"Component 17","BaseResources":null,"MaxResources":null}}}],"Component 2":[{"ApiVersion":"v1/beta","Kind":"ComponentDefinition","Metadata":{"Name":"Implementation 2.1","Labels":{},"Annotations":null},"Spec":{"Workload":{"Type":"Container","Definition":{"ApiVersion":"","Kind":""}},"Schematic":{"Definition":{"name":"TestApp","image":"gitlab.ilabt.imec.be:4567/fledge/benchmark/dash:1.0.0-capstan","command":["./dashserver.so"],"resources":{"limits":{"cpu":"500m","memory":"300M"},"requests":{"cpu":"100m","memory":"100M"}},"imagePullPolicy":"Always"},"Params":null,"BaseComponent":"Component 2","BaseResources":null,"MaxResources":null}}}],"Component 20":[{"ApiVersion":"v1/beta","Kind":"ComponentDefinition","Metadata":{"Name":"Implementation 20.1","Labels":{},"Annotations":null},"Spec":{"Workload":{"Type":"Container","Definition":{"ApiVersion":"","Kind":""}},"Schematic":{"Definition":{"name":"TestApp","image":"gitlab.ilabt.imec.be:4567/fledge/benchmark/dash:1.0.0-capstan","command":["./dashserver.so"],"resources":{"limits":{"cpu":"500m","memory":"300M"},"requests":{"cpu":"100m","memory":"100M"}},"imagePullPolicy":"Always"},"Params":null,"BaseComponent":"Component 20","BaseResources":null,"MaxResources":null}}}],"Component 29":[{"ApiVersion":"v1/beta","Kind":"ComponentDefinition","Metadata":{"Name":"Implementation 29.1","Labels":{},"Annotations":null},"Spec":{"Workload":{"Type":"Container","Definition":{"ApiVersion":"","Kind":""}},"Schematic":{"Definition":{"name":"TestApp","image":"gitlab.ilabt.imec.be:4567/fledge/benchmark/dash:1.0.0-capstan","command":["./dashserver.so"],"resources":{"limits":{"cpu":"500m","memory":"300M"},"requests":{"cpu":"100m","memory":"100M"}},"imagePullPolicy":"Always"},"Params":null,"BaseComponent":"Component 29","BaseResources":null,"MaxResources":null}}}],"Component 49":[{"ApiVersion":"v1/beta","Kind":"ComponentDefinition","Metadata":{"Name":"Implementation 49.1","Labels":{},"Annotations":null},"Spec":{"Workload":{"Type":"Container","Definition":{"ApiVersion":"","Kind":""}},"Schematic":{"Definition":{"name":"TestApp","image":"gitlab.ilabt.imec.be:4567/fledge/benchmark/dash:1.0.0-capstan","command":["./dashserver.so"],"resources":{"limits":{"cpu":"500m","memory":"300M"},"requests":{"cpu":"100m","memory":"100M"}},"imagePullPolicy":"Always"},"Params":null,"BaseComponent":"Component 49","BaseResources":null,"MaxResources":null}}}]}}