{"discoAPIPort":31000,"repoAPIPort":32000,"initialNodes":[],"maxPing":20,"nodeID":"f0","nodeType":"servicenode","pingPeriod":3000,"testMode":true,"cheatyMinimalPing":10,"cheatyMinimalPingMap":{"e0":33.951927,"f1":19.768452,"f10":26.528646,"f11":16.532463,"f12":24.267544,"f13":12.888186,"f14":16.197807,"f15":30.584263,"f16":22.680004,"f17":16.666025,"f18":10.971009,"f19":25.447676,"f2":18.675537,"f20":21.59724,"f21":17.601385,"f22":9.240236,"f23":17.290173,"f24":12.818216,"f25":18.93967,"f26":28.673874,"f27":41.408314,"f28":20.522863,"f29":7.7140536,"f3":13.227983,"f30":22.994495,"f31":17.69558,"f32":6.307161,"f33":15.245348,"f34":20.068659,"f35":24.857462,"f36":10.575789,"f37":19.263468,"f38":25.969675,"f39":9.075259,"f4":15.149218,"f40":27.385218,"f41":29.864592,"f42":27.336708,"f43":18.759642,"f44":28.263762,"f45":19.167913,"f46":24.479996,"f47":14.064338,"f48":20.057673,"f49":11.428817,"f5":28.51604,"f50":17.499094,"f51":20.311413,"f52":26.953293,"f53":10.49175,"f54":14.559175,"f55":11.095882,"f56":23.656975,"f57":6.764369,"f58":19.697512,"f59":27.819204,"f6":13.252018,"f60":36.24058,"f61":34.09258,"f62":18.73297,"f63":35.82748,"f64":4.7840567,"f65":39.65467,"f66":5.683166,"f67":6.0918736,"f68":18.313929,"f69":25.162117,"f7":26.078558,"f70":18.250631,"f71":29.563839,"f72":8.251686,"f73":20.84315,"f74":23.394825,"f75":22.338629,"f76":29.826345,"f77":18.3737,"f78":15.805448,"f79":25.33286,"f8":9.687239,"f80":18.643045,"f81":16.56017,"f82":21.921581,"f83":31.203598,"f84":28.99912,"f85":19.081623,"f86":18.121267,"f87":21.45397,"f88":24.235722,"f89":28.505545,"f9":14.661519,"f90":21.412289,"f91":17.138567,"f92":18.176474,"f93":7.0899444,"f94":26.645405,"f95":16.868334,"f96":12.7368555,"f97":13.318121,"f98":19.272749,"f99":22.758787},"BasicComponentDefs":{"Component 28":[{"ApiVersion":"v1/beta","Kind":"ComponentDefinition","Metadata":{"Name":"Implementation 28.2","Labels":{},"Annotations":null},"Spec":{"Workload":{"Type":"Container","Definition":{"ApiVersion":"","Kind":""}},"Schematic":{"Definition":{"name":"TestApp","image":"gitlab.ilabt.imec.be:4567/fledge/benchmark/dash:1.0.0-capstan","command":["./dashserver.so"],"resources":{"limits":{"cpu":"500m","memory":"300M"},"requests":{"cpu":"100m","memory":"100M"}},"imagePullPolicy":"Always"},"Params":null,"BaseComponent":"Component 28","BaseResources":null,"MaxResources":null}}}],"Component 31":[{"ApiVersion":"v1/beta","Kind":"ComponentDefinition","Metadata":{"Name":"Implementation 31.1","Labels":{},"Annotations":null},"Spec":{"Workload":{"Type":"Container","Definition":{"ApiVersion":"","Kind":""}},"Schematic":{"Definition":{"name":"TestApp","image":"gitlab.ilabt.imec.be:4567/fledge/benchmark/dash:1.0.0-capstan","command":["./dashserver.so"],"resources":{"limits":{"cpu":"500m","memory":"300M"},"requests":{"cpu":"100m","memory":"100M"}},"imagePullPolicy":"Always"},"Params":null,"BaseComponent":"Component 31","BaseResources":null,"MaxResources":null}}}],"Component 37":[{"ApiVersion":"v1/beta","Kind":"ComponentDefinition","Metadata":{"Name":"Implementation 37.2","Labels":{},"Annotations":null},"Spec":{"Workload":{"Type":"Container","Definition":{"ApiVersion":"","Kind":""}},"Schematic":{"Definition":{"name":"TestApp","image":"gitlab.ilabt.imec.be:4567/fledge/benchmark/dash:1.0.0-capstan","command":["./dashserver.so"],"resources":{"limits":{"cpu":"500m","memory":"300M"},"requests":{"cpu":"100m","memory":"100M"}},"imagePullPolicy":"Always"},"Params":null,"BaseComponent":"Component 37","BaseResources":null,"MaxResources":null}}},{"ApiVersion":"v1/beta","Kind":"ComponentDefinition","Metadata":{"Name":"Implementation 37.2","Labels":{},"Annotations":null},"Spec":{"Workload":{"Type":"Container","Definition":{"ApiVersion":"","Kind":""}},"Schematic":{"Definition":{"name":"TestApp","image":"gitlab.ilabt.imec.be:4567/fledge/benchmark/dash:1.0.0-capstan","command":["./dashserver.so"],"resources":{"limits":{"cpu":"500m","memory":"300M"},"requests":{"cpu":"100m","memory":"100M"}},"imagePullPolicy":"Always"},"Params":null,"BaseComponent":"Component 37","BaseResources":null,"MaxResources":null}}}],"Component 50":[{"ApiVersion":"v1/beta","Kind":"ComponentDefinition","Metadata":{"Name":"Implementation 50.2","Labels":{},"Annotations":null},"Spec":{"Workload":{"Type":"Container","Definition":{"ApiVersion":"","Kind":""}},"Schematic":{"Definition":{"name":"TestApp","image":"gitlab.ilabt.imec.be:4567/fledge/benchmark/dash:1.0.0-capstan","command":["./dashserver.so"],"resources":{"limits":{"cpu":"500m","memory":"300M"},"requests":{"cpu":"100m","memory":"100M"}},"imagePullPolicy":"Always"},"Params":null,"BaseComponent":"Component 50","BaseResources":null,"MaxResources":null}}}]}}