{"discoAPIPort":31001,"repoAPIPort":32001,"initialNodes":[{"name":"f0","ip":"127.0.0.1","distance":0,"discoAPIPort":31000,"repoAPIPort":32000}],"maxPing":20,"nodeID":"f1","nodeType":"servicenode","pingPeriod":3000,"testMode":true,"cheatyMinimalPing":10,"cheatyMinimalPingMap":{"e0":17.36627,"f0":19.768452,"f10":24.599709,"f11":12.93747,"f12":23.611301,"f13":39.53185,"f14":23.726849,"f15":17.917345,"f16":15.951179,"f17":26.303864,"f18":34.5191,"f19":34.16377,"f2":18.359161,"f20":20.164824,"f21":7.2503505,"f22":18.123814,"f23":13.324659,"f24":14.814307,"f25":7.2500825,"f26":30.64672,"f27":41.69875,"f28":31.865173,"f29":21.517231,"f3":20.309727,"f30":13.470095,"f31":37.64853,"f32":16.485245,"f33":7.9481263,"f34":11.413635,"f35":15.204385,"f36":28.88018,"f37":21.911066,"f38":8.670808,"f39":28.714163,"f4":19.651333,"f40":41.036488,"f41":22.77926,"f42":32.0702,"f43":11.21725,"f44":32.888565,"f45":43.463806,"f46":19.860882,"f47":11.746479,"f48":15.411346,"f49":24.74278,"f5":37.28706,"f50":37.41041,"f51":16.363728,"f52":26.41964,"f53":19.07126,"f54":39.633713,"f55":16.630844,"f56":26.139957,"f57":17.719496,"f58":16.714025,"f59":23.699741,"f6":29.634333,"f60":44.465363,"f61":29.259758,"f62":13.644599,"f63":20.42077,"f64":25.522743,"f65":20.146177,"f66":21.00724,"f67":15.741605,"f68":27.710606,"f69":38.78193,"f7":26.37058,"f70":37.354347,"f71":23.307194,"f72":18.49127,"f73":2.6118882,"f74":33.420284,"f75":4.5138865,"f76":24.020517,"f77":18.155193,"f78":6.46413,"f79":28.313614,"f8":26.925034,"f80":35.83574,"f81":13.789361,"f82":8.882373,"f83":27.769058,"f84":28.013704,"f85":28.293379,"f86":42.235363,"f87":26.25925,"f88":22.824234,"f89":37.700783,"f9":37.08906,"f90":43.308395,"f91":38.222897,"f92":8.915666,"f93":17.157633,"f94":29.518143,"f95":22.598137,"f96":20.215822,"f97":5.646923,"f98":40.548256,"f99":4.5893836},"BasicComponentDefs":{"Component 13":[{"ApiVersion":"v1/beta","Kind":"ComponentDefinition","Metadata":{"Name":"Implementation 13.2","Labels":{},"Annotations":null},"Spec":{"Workload":{"Type":"Container","Definition":{"ApiVersion":"","Kind":""}},"Schematic":{"Definition":{"name":"TestApp","image":"gitlab.ilabt.imec.be:4567/fledge/benchmark/dash:1.0.0-capstan","command":["./dashserver.so"],"resources":{"limits":{"cpu":"500m","memory":"300M"},"requests":{"cpu":"100m","memory":"100M"}},"imagePullPolicy":"Always"},"Params":null,"BaseComponent":"Component 13","BaseResources":null,"MaxResources":null}}}],"Component 18":[{"ApiVersion":"v1/beta","Kind":"ComponentDefinition","Metadata":{"Name":"Implementation 18.2","Labels":{},"Annotations":null},"Spec":{"Workload":{"Type":"Container","Definition":{"ApiVersion":"","Kind":""}},"Schematic":{"Definition":{"name":"TestApp","image":"gitlab.ilabt.imec.be:4567/fledge/benchmark/dash:1.0.0-capstan","command":["./dashserver.so"],"resources":{"limits":{"cpu":"500m","memory":"300M"},"requests":{"cpu":"100m","memory":"100M"}},"imagePullPolicy":"Always"},"Params":null,"BaseComponent":"Component 18","BaseResources":null,"MaxResources":null}}}],"Component 30":[{"ApiVersion":"v1/beta","Kind":"ComponentDefinition","Metadata":{"Name":"Implementation 30.1","Labels":{},"Annotations":null},"Spec":{"Workload":{"Type":"Container","Definition":{"ApiVersion":"","Kind":""}},"Schematic":{"Definition":{"name":"TestApp","image":"gitlab.ilabt.imec.be:4567/fledge/benchmark/dash:1.0.0-capstan","command":["./dashserver.so"],"resources":{"limits":{"cpu":"500m","memory":"300M"},"requests":{"cpu":"100m","memory":"100M"}},"imagePullPolicy":"Always"},"Params":null,"BaseComponent":"Component 30","BaseResources":null,"MaxResources":null}}}],"Component 40":[{"ApiVersion":"v1/beta","Kind":"ComponentDefinition","Metadata":{"Name":"Implementation 40.1","Labels":{},"Annotations":null},"Spec":{"Workload":{"Type":"Container","Definition":{"ApiVersion":"","Kind":""}},"Schematic":{"Definition":{"name":"TestApp","image":"gitlab.ilabt.imec.be:4567/fledge/benchmark/dash:1.0.0-capstan","command":["./dashserver.so"],"resources":{"limits":{"cpu":"500m","memory":"300M"},"requests":{"cpu":"100m","memory":"100M"}},"imagePullPolicy":"Always"},"Params":null,"BaseComponent":"Component 40","BaseResources":null,"MaxResources":null}}}],"Component 5":[{"ApiVersion":"v1/beta","Kind":"ComponentDefinition","Metadata":{"Name":"Implementation 5.1","Labels":{},"Annotations":null},"Spec":{"Workload":{"Type":"Container","Definition":{"ApiVersion":"","Kind":""}},"Schematic":{"Definition":{"name":"TestApp","image":"gitlab.ilabt.imec.be:4567/fledge/benchmark/dash:1.0.0-capstan","command":["./dashserver.so"],"resources":{"limits":{"cpu":"500m","memory":"300M"},"requests":{"cpu":"100m","memory":"100M"}},"imagePullPolicy":"Always"},"Params":null,"BaseComponent":"Component 5","BaseResources":null,"MaxResources":null}}}]}}