{"discoAPIPort":31002,"repoAPIPort":32002,"initialNodes":[{"name":"f0","ip":"127.0.0.1","distance":0,"discoAPIPort":31000,"repoAPIPort":32000},{"name":"f1","ip":"127.0.0.1","distance":0,"discoAPIPort":31001,"repoAPIPort":32001}],"maxPing":20,"nodeID":"f2","nodeType":"servicenode","pingPeriod":3000,"testMode":true,"cheatyMinimalPing":10,"cheatyMinimalPingMap":{"e0":33.263046,"f0":18.675537,"f1":18.359161,"f10":2.9414027,"f11":34.464764,"f12":4.401712,"f13":25.810501,"f14":29.392635,"f15":34.935562,"f16":29.15705,"f17":17.710087,"f18":18.286915,"f19":21.754358,"f20":4.2650228,"f21":17.057108,"f22":26.274233,"f23":31.650587,"f24":23.090742,"f25":30.07401,"f26":9.526717,"f27":52.270935,"f28":35.36117,"f29":32.397892,"f3":37.151478,"f30":30.905006,"f31":40.06273,"f32":24.499456,"f33":11.360366,"f34":5.9218235,"f35":1.3016332,"f36":27.962019,"f37":0.3934421,"f38":26.034494,"f39":29.74275,"f4":12.022211,"f40":42.97514,"f41":36.21254,"f42":47.959446,"f43":31.96541,"f44":44.65374,"f45":26.822227,"f46":44.487705,"f47":10.416979,"f48":34.974686,"f49":26.827715,"f5":46.45343,"f50":19.755241,"f51":34.969376,"f52":38.946163,"f53":14.485653,"f54":27.053984,"f55":12.465129,"f56":4.7628827,"f57":11.539727,"f58":5.2354407,"f59":5.5826325,"f6":15.538848,"f60":49.232483,"f61":48.657322,"f62":33.94954,"f63":43.67785,"f64":18.91225,"f65":43.13786,"f66":29.531439,"f67":25.696198,"f68":27.028772,"f69":40.222164,"f7":11.692646,"f70":26.526794,"f71":34.106785,"f72":14.8982935,"f73":17.724867,"f74":8.262202,"f75":15.160175,"f76":47.57693,"f77":24.499012,"f78":27.735739,"f79":42.84018,"f8":17.404163,"f80":33.82525,"f81":25.034786,"f82":25.764336,"f83":48.431583,"f84":45.407887,"f85":9.673846,"f86":28.054234,"f87":5.180159,"f88":39.99973,"f89":51.668816,"f9":34.847298,"f90":39.2386,"f91":33.30657,"f92":27.202412,"f93":21.797626,"f94":46.83629,"f95":35.46751,"f96":25.66535,"f97":17.22503,"f98":23.821743,"f99":21.073498},"BasicComponentDefs":{"Component 11":[{"ApiVersion":"v1/beta","Kind":"ComponentDefinition","Metadata":{"Name":"Implementation 11.1","Labels":{},"Annotations":null},"Spec":{"Workload":{"Type":"Container","Definition":{"ApiVersion":"","Kind":""}},"Schematic":{"Definition":{"name":"TestApp","image":"gitlab.ilabt.imec.be:4567/fledge/benchmark/dash:1.0.0-capstan","command":["./dashserver.so"],"resources":{"limits":{"cpu":"500m","memory":"300M"},"requests":{"cpu":"100m","memory":"100M"}},"imagePullPolicy":"Always"},"Params":null,"BaseComponent":"Component 11","BaseResources":null,"MaxResources":null}}}],"Component 18":[{"ApiVersion":"v1/beta","Kind":"ComponentDefinition","Metadata":{"Name":"Implementation 18.2","Labels":{},"Annotations":null},"Spec":{"Workload":{"Type":"Container","Definition":{"ApiVersion":"","Kind":""}},"Schematic":{"Definition":{"name":"TestApp","image":"gitlab.ilabt.imec.be:4567/fledge/benchmark/dash:1.0.0-capstan","command":["./dashserver.so"],"resources":{"limits":{"cpu":"500m","memory":"300M"},"requests":{"cpu":"100m","memory":"100M"}},"imagePullPolicy":"Always"},"Params":null,"BaseComponent":"Component 18","BaseResources":null,"MaxResources":null}}}],"Component 22":[{"ApiVersion":"v1/beta","Kind":"ComponentDefinition","Metadata":{"Name":"Implementation 22.1","Labels":{},"Annotations":null},"Spec":{"Workload":{"Type":"Container","Definition":{"ApiVersion":"","Kind":""}},"Schematic":{"Definition":{"name":"TestApp","image":"gitlab.ilabt.imec.be:4567/fledge/benchmark/dash:1.0.0-capstan","command":["./dashserver.so"],"resources":{"limits":{"cpu":"500m","memory":"300M"},"requests":{"cpu":"100m","memory":"100M"}},"imagePullPolicy":"Always"},"Params":null,"BaseComponent":"Component 22","BaseResources":null,"MaxResources":null}}}],"Component 33":[{"ApiVersion":"v1/beta","Kind":"ComponentDefinition","Metadata":{"Name":"Implementation 33.1","Labels":{},"Annotations":null},"Spec":{"Workload":{"Type":"Container","Definition":{"ApiVersion":"","Kind":""}},"Schematic":{"Definition":{"name":"TestApp","image":"gitlab.ilabt.imec.be:4567/fledge/benchmark/dash:1.0.0-capstan","command":["./dashserver.so"],"resources":{"limits":{"cpu":"500m","memory":"300M"},"requests":{"cpu":"100m","memory":"100M"}},"imagePullPolicy":"Always"},"Params":null,"BaseComponent":"Component 33","BaseResources":null,"MaxResources":null}}}],"Component 41":[{"ApiVersion":"v1/beta","Kind":"ComponentDefinition","Metadata":{"Name":"Implementation 41.2","Labels":{},"Annotations":null},"Spec":{"Workload":{"Type":"Container","Definition":{"ApiVersion":"","Kind":""}},"Schematic":{"Definition":{"name":"TestApp","image":"gitlab.ilabt.imec.be:4567/fledge/benchmark/dash:1.0.0-capstan","command":["./dashserver.so"],"resources":{"limits":{"cpu":"500m","memory":"300M"},"requests":{"cpu":"100m","memory":"100M"}},"imagePullPolicy":"Always"},"Params":null,"BaseComponent":"Component 41","BaseResources":null,"MaxResources":null}}}]}}