{"discoAPIPort":31003,"repoAPIPort":32003,"initialNodes":[{"name":"f0","ip":"127.0.0.1","distance":0,"discoAPIPort":31000,"repoAPIPort":32000},{"name":"f1","ip":"127.0.0.1","distance":0,"discoAPIPort":31001,"repoAPIPort":32001},{"name":"f2","ip":"127.0.0.1","distance":0,"discoAPIPort":31002,"repoAPIPort":32002}],"maxPing":20,"nodeID":"f3","nodeType":"servicenode","pingPeriod":3000,"testMode":true,"cheatyMinimalPing":10,"cheatyMinimalPingMap":{"e0":25.999008,"f0":13.227983,"f1":20.309727,"f10":34.22008,"f11":12.630612,"f12":40.23686,"f13":23.41054,"f14":1.1239637,"f15":20.10601,"f16":15.972741,"f17":31.379284,"f18":28.366697,"f19":31.778671,"f2":37.151478,"f20":32.759064,"f21":20.404093,"f22":8.738314,"f23":13.129362,"f24":8.969353,"f25":18.871489,"f26":40.28715,"f27":18.030445,"f28":11.514135,"f29":8.770721,"f30":14.996854,"f31":6.8762317,"f32":10.017274,"f33":20.088037,"f34":32.260784,"f35":28.076881,"f36":19.65444,"f37":34.28521,"f38":22.698946,"f39":12.572051,"f4":28.1061,"f40":14.444801,"f41":16.033352,"f42":15.64504,"f43":21.769846,"f44":13.839321,"f45":37.440933,"f46":18.666285,"f47":22.871662,"f48":10.412331,"f49":27.457724,"f5":16.6458,"f50":26.701456,"f51":13.800678,"f52":17.901978,"f53":25.382814,"f54":24.935677,"f55":24.918446,"f56":31.665586,"f57":21.949577,"f58":23.993093,"f59":39.707848,"f6":27.949932,"f60":16.573011,"f61":18.710722,"f62":14.879961,"f63":20.186865,"f64":15.663133,"f65":34.345093,"f66":8.9902,"f67":9.644247,"f68":34.027462,"f69":14.413511,"f7":48.065636,"f70":31.464766,"f71":24.723352,"f72":17.786535,"f73":19.20984,"f74":46.260788,"f75":27.70629,"f76":14.285774,"f77":9.604895,"f78":18.666132,"f79":12.938701,"f8":18.932972,"f80":28.123537,"f81":11.110287,"f82":21.242027,"f83":20.58869,"f84":22.988626,"f85":25.63961,"f86":32.18038,"f87":30.780767,"f88":9.067861,"f89":13.282186,"f9":17.737595,"f90":13.036524,"f91":13.690871,"f92":17.840916,"f93":6.9168735,"f94":17.122168,"f95":6.1317887,"f96":3.0477376,"f97":20.162277,"f98":28.626348,"f99":21.004368},"BasicComponentDefs":{"Component 10":[{"ApiVersion":"v1/beta","Kind":"ComponentDefinition","Metadata":{"Name":"Implementation 10.1","Labels":{},"Annotations":null},"Spec":{"Workload":{"Type":"Container","Definition":{"ApiVersion":"","Kind":""}},"Schematic":{"Definition":{"name":"TestApp","image":"gitlab.ilabt.imec.be:4567/fledge/benchmark/dash:1.0.0-capstan","command":["./dashserver.so"],"resources":{"limits":{"cpu":"500m","memory":"300M"},"requests":{"cpu":"100m","memory":"100M"}},"imagePullPolicy":"Always"},"Params":null,"BaseComponent":"Component 10","BaseResources":null,"MaxResources":null}}}],"Component 11":[{"ApiVersion":"v1/beta","Kind":"ComponentDefinition","Metadata":{"Name":"Implementation 11.1","Labels":{},"Annotations":null},"Spec":{"Workload":{"Type":"Container","Definition":{"ApiVersion":"","Kind":""}},"Schematic":{"Definition":{"name":"TestApp","image":"gitlab.ilabt.imec.be:4567/fledge/benchmark/dash:1.0.0-capstan","command":["./dashserver.so"],"resources":{"limits":{"cpu":"500m","memory":"300M"},"requests":{"cpu":"100m","memory":"100M"}},"imagePullPolicy":"Always"},"Params":null,"BaseComponent":"Component 11","BaseResources":null,"MaxResources":null}}}],"Component 37":[{"ApiVersion":"v1/beta","Kind":"ComponentDefinition","Metadata":{"Name":"Implementation 37.2","Labels":{},"Annotations":null},"Spec":{"Workload":{"Type":"Container","Definition":{"ApiVersion":"","Kind":""}},"Schematic":{"Definition":{"name":"TestApp","image":"gitlab.ilabt.imec.be:4567/fledge/benchmark/dash:1.0.0-capstan","command":["./dashserver.so"],"resources":{"limits":{"cpu":"500m","memory":"300M"},"requests":{"cpu":"100m","memory":"100M"}},"imagePullPolicy":"Always"},"Params":null,"BaseComponent":"Component 37","BaseResources":null,"MaxResources":null}}}],"Component 45":[{"ApiVersion":"v1/beta","Kind":"ComponentDefinition","Metadata":{"Name":"Implementation 45.2","Labels":{},"Annotations":null},"Spec":{"Workload":{"Type":"Container","Definition":{"ApiVersion":"","Kind":""}},"Schematic":{"Definition":{"name":"TestApp","image":"gitlab.ilabt.imec.be:4567/fledge/benchmark/dash:1.0.0-capstan","command":["./dashserver.so"],"resources":{"limits":{"cpu":"500m","memory":"300M"},"requests":{"cpu":"100m","memory":"100M"}},"imagePullPolicy":"Always"},"Params":null,"BaseComponent":"Component 45","BaseResources":null,"MaxResources":null}}}],"Component 47":[{"ApiVersion":"v1/beta","Kind":"ComponentDefinition","Metadata":{"Name":"Implementation 47.1","Labels":{},"Annotations":null},"Spec":{"Workload":{"Type":"Container","Definition":{"ApiVersion":"","Kind":""}},"Schematic":{"Definition":{"name":"TestApp","image":"gitlab.ilabt.imec.be:4567/fledge/benchmark/dash:1.0.0-capstan","command":["./dashserver.so"],"resources":{"limits":{"cpu":"500m","memory":"300M"},"requests":{"cpu":"100m","memory":"100M"}},"imagePullPolicy":"Always"},"Params":null,"BaseComponent":"Component 47","BaseResources":null,"MaxResources":null}}}]}}