{"discoAPIPort":31004,"repoAPIPort":32004,"initialNodes":[{"name":"f0","ip":"127.0.0.1","distance":0,"discoAPIPort":31000,"repoAPIPort":32000},{"name":"f1","ip":"127.0.0.1","distance":0,"discoAPIPort":31001,"repoAPIPort":32001},{"name":"f2","ip":"127.0.0.1","distance":0,"discoAPIPort":31002,"repoAPIPort":32002},{"name":"f3","ip":"127.0.0.1","distance":0,"discoAPIPort":31003,"repoAPIPort":32003}],"maxPing":20,"nodeID":"f4","nodeType":"servicenode","pingPeriod":3000,"testMode":true,"cheatyMinimalPing":10,"cheatyMinimalPingMap":{"e0":40.996147,"f0":15.149218,"f1":19.651333,"f10":12.963902,"f11":22.602253,"f12":11.689876,"f13":16.312895,"f14":23.411463,"f15":40.74063,"f16":34.7214,"f17":9.529099,"f18":12.03313,"f19":14.675364,"f2":12.022211,"f20":6.4514103,"f21":13.723409,"f22":16.858818,"f23":24.395908,"f24":23.852844,"f25":27.292076,"f26":16.366491,"f27":56.759914,"f28":35.959038,"f29":24.431524,"f3":28.1061,"f30":27.901209,"f31":34.642864,"f32":17.06814,"f33":15.702388,"f34":11.420875,"f35":9.623812,"f36":21.235401,"f37":8.616126,"f38":23.635834,"f39":17.118698,"f40":41.744408,"f41":30.651842,"f42":34.876297,"f43":23.412903,"f44":35.971233,"f45":16.602032,"f46":30.120768,"f47":12.246439,"f48":23.63207,"f49":11.495896,"f5":34.991734,"f50":8.786604,"f51":30.985054,"f52":45.703697,"f53":4.2789035,"f54":16.498672,"f55":4.816501,"f56":17.083246,"f57":4.7640195,"f58":7.9938602,"f59":12.109587,"f6":6.4057527,"f60":35.335556,"f61":39.589893,"f62":27.013145,"f63":34.9479,"f64":8.443568,"f65":35.78603,"f66":18.569357,"f67":19.883749,"f68":13.622823,"f69":46.73221,"f7":11.977234,"f70":15.587991,"f71":43.030033,"f72":5.9176335,"f73":16.40744,"f74":17.013184,"f75":13.51485,"f76":32.761883,"f77":30.662935,"f78":19.287342,"f79":40.62915,"f8":7.792782,"f80":23.967497,"f81":24.578876,"f82":25.452234,"f83":43.42949,"f84":38.909313,"f85":4.2142415,"f86":21.474617,"f87":6.8941727,"f88":30.936522,"f89":36.646458,"f9":23.23081,"f90":45.434223,"f91":38.167686,"f92":25.899248,"f93":19.37238,"f94":44.281113,"f95":29.633602,"f96":22.538649,"f97":20.908154,"f98":17.941341,"f99":21.78007},"BasicComponentDefs":{"Component 11":[{"ApiVersion":"v1/beta","Kind":"ComponentDefinition","Metadata":{"Name":"Implementation 11.2","Labels":{},"Annotations":null},"Spec":{"Workload":{"Type":"Container","Definition":{"ApiVersion":"","Kind":""}},"Schematic":{"Definition":{"name":"TestApp","image":"gitlab.ilabt.imec.be:4567/fledge/benchmark/dash:1.0.0-capstan","command":["./dashserver.so"],"resources":{"limits":{"cpu":"500m","memory":"300M"},"requests":{"cpu":"100m","memory":"100M"}},"imagePullPolicy":"Always"},"Params":null,"BaseComponent":"Component 11","BaseResources":null,"MaxResources":null}}}],"Component 20":[{"ApiVersion":"v1/beta","Kind":"ComponentDefinition","Metadata":{"Name":"Implementation 20.1","Labels":{},"Annotations":null},"Spec":{"Workload":{"Type":"Container","Definition":{"ApiVersion":"","Kind":""}},"Schematic":{"Definition":{"name":"TestApp","image":"gitlab.ilabt.imec.be:4567/fledge/benchmark/dash:1.0.0-capstan","command":["./dashserver.so"],"resources":{"limits":{"cpu":"500m","memory":"300M"},"requests":{"cpu":"100m","memory":"100M"}},"imagePullPolicy":"Always"},"Params":null,"BaseComponent":"Component 20","BaseResources":null,"MaxResources":null}}}],"Component 22":[{"ApiVersion":"v1/beta","Kind":"ComponentDefinition","Metadata":{"Name":"Implementation 22.1","Labels":{},"Annotations":null},"Spec":{"Workload":{"Type":"Container","Definition":{"ApiVersion":"","Kind":""}},"Schematic":{"Definition":{"name":"TestApp","image":"gitlab.ilabt.imec.be:4567/fledge/benchmark/dash:1.0.0-capstan","command":["./dashserver.so"],"resources":{"limits":{"cpu":"500m","memory":"300M"},"requests":{"cpu":"100m","memory":"100M"}},"imagePullPolicy":"Always"},"Params":null,"BaseComponent":"Component 22","BaseResources":null,"MaxResources":null}}}],"Component 5":[{"ApiVersion":"v1/beta","Kind":"ComponentDefinition","Metadata":{"Name":"Implementation 5.2","Labels":{},"Annotations":null},"Spec":{"Workload":{"Type":"Container","Definition":{"ApiVersion":"","Kind":""}},"Schematic":{"Definition":{"name":"TestApp","image":"gitlab.ilabt.imec.be:4567/fledge/benchmark/dash:1.0.0-capstan","command":["./dashserver.so"],"resources":{"limits":{"cpu":"500m","memory":"300M"},"requests":{"cpu":"100m","memory":"100M"}},"imagePullPolicy":"Always"},"Params":null,"BaseComponent":"Component 5","BaseResources":null,"MaxResources":null}}}],"Component 9":[{"ApiVersion":"v1/beta","Kind":"ComponentDefinition","Metadata":{"Name":"Implementation 9.2","Labels":{},"Annotations":null},"Spec":{"Workload":{"Type":"Container","Definition":{"ApiVersion":"","Kind":""}},"Schematic":{"Definition":{"name":"TestApp","image":"gitlab.ilabt.imec.be:4567/fledge/benchmark/dash:1.0.0-capstan","command":["./dashserver.so"],"resources":{"limits":{"cpu":"500m","memory":"300M"},"requests":{"cpu":"100m","memory":"100M"}},"imagePullPolicy":"Always"},"Params":null,"BaseComponent":"Component 9","BaseResources":null,"MaxResources":null}}}]}}