{"discoAPIPort":31000,"repoAPIPort":32000,"initialNodes":[],"maxPing":20,"nodeID":"f0","nodeType":"servicenode","pingPeriod":3000,"testMode":true,"cheatyMinimalPing":10,"cheatyMinimalPingMap":{"e0":23.04331,"f1":5.970172,"f10":11.863783,"f11":21.604881,"f12":23.48772,"f13":26.712402,"f14":14.040207,"f15":26.87824,"f16":19.666859,"f17":7.5284286,"f18":20.805984,"f19":28.120258,"f2":3.0383043,"f20":24.611368,"f21":33.261536,"f22":17.712042,"f23":22.143984,"f24":20.994705,"f25":30.30778,"f26":4.6041226,"f27":23.370441,"f28":11.705894,"f29":12.958614,"f3":19.557798,"f30":16.016045,"f31":23.74419,"f32":23.406282,"f33":2.5701513,"f34":19.165888,"f35":27.734678,"f36":27.341711,"f37":22.148615,"f38":29.519382,"f39":21.860956,"f4":36.632896,"f40":25.490799,"f41":22.891718,"f42":23.919724,"f43":18.538204,"f44":27.950825,"f45":33.857433,"f46":16.904121,"f47":39.169037,"f48":20.866919,"f49":20.172787,"f5":28.064001,"f50":17.239191,"f51":27.19206,"f52":42.205433,"f53":29.735743,"f54":26.580961,"f55":10.231926,"f56":13.488625,"f57":17.854315,"f58":27.080294,"f59":7.2612863,"f6":9.710567,"f60":27.922089,"f61":32.918533,"f62":15.52945,"f63":36.29044,"f64":19.530762,"f65":17.264847,"f66":21.23722,"f67":22.287212,"f68":6.5507317,"f69":7.409371,"f7":40.25766,"f70":24.746,"f71":24.124775,"f72":37.326733,"f73":30.872948,"f74":23.000128,"f8":33.12616,"f9":24.955273},"BasicComponentDefs":{"Component 13":[{"ApiVersion":"v1/beta","Kind":"ComponentDefinition","Metadata":{"Name":"Implementation 13.2","Labels":{},"Annotations":null},"Spec":{"Workload":{"Type":"Container","Definition":{"ApiVersion":"","Kind":""}},"Schematic":{"Definition":{"name":"TestApp","image":"gitlab.ilabt.imec.be:4567/fledge/benchmark/dash:1.0.0-capstan","command":["./dashserver.so"],"resources":{"limits":{"cpu":"500m","memory":"300M"},"requests":{"cpu":"100m","memory":"100M"}},"imagePullPolicy":"Always"},"Params":null,"BaseComponent":"Component 13","BaseResources":null,"MaxResources":null}}}],"Component 22":[{"ApiVersion":"v1/beta","Kind":"ComponentDefinition","Metadata":{"Name":"Implementation 22.2","Labels":{},"Annotations":null},"Spec":{"Workload":{"Type":"Container","Definition":{"ApiVersion":"","Kind":""}},"Schematic":{"Definition":{"name":"TestApp","image":"gitlab.ilabt.imec.be:4567/fledge/benchmark/dash:1.0.0-capstan","command":["./dashserver.so"],"resources":{"limits":{"cpu":"500m","memory":"300M"},"requests":{"cpu":"100m","memory":"100M"}},"imagePullPolicy":"Always"},"Params":null,"BaseComponent":"Component 22","BaseResources":null,"MaxResources":null}}}],"Component 28":[{"ApiVersion":"v1/beta","Kind":"ComponentDefinition","Metadata":{"Name":"Implementation 28.2","Labels":{},"Annotations":null},"Spec":{"Workload":{"Type":"Container","Definition":{"ApiVersion":"","Kind":""}},"Schematic":{"Definition":{"name":"TestApp","image":"gitlab.ilabt.imec.be:4567/fledge/benchmark/dash:1.0.0-capstan","command":["./dashserver.so"],"resources":{"limits":{"cpu":"500m","memory":"300M"},"requests":{"cpu":"100m","memory":"100M"}},"imagePullPolicy":"Always"},"Params":null,"BaseComponent":"Component 28","BaseResources":null,"MaxResources":null}}}],"Component 44":[{"ApiVersion":"v1/beta","Kind":"ComponentDefinition","Metadata":{"Name":"Implementation 44.2","Labels":{},"Annotations":null},"Spec":{"Workload":{"Type":"Container","Definition":{"ApiVersion":"","Kind":""}},"Schematic":{"Definition":{"name":"TestApp","image":"gitlab.ilabt.imec.be:4567/fledge/benchmark/dash:1.0.0-capstan","command":["./dashserver.so"],"resources":{"limits":{"cpu":"500m","memory":"300M"},"requests":{"cpu":"100m","memory":"100M"}},"imagePullPolicy":"Always"},"Params":null,"BaseComponent":"Component 44","BaseResources":null,"MaxResources":null}}}],"Component 8":[{"ApiVersion":"v1/beta","Kind":"ComponentDefinition","Metadata":{"Name":"Implementation 8.2","Labels":{},"Annotations":null},"Spec":{"Workload":{"Type":"Container","Definition":{"ApiVersion":"","Kind":""}},"Schematic":{"Definition":{"name":"TestApp","image":"gitlab.ilabt.imec.be:4567/fledge/benchmark/dash:1.0.0-capstan","command":["./dashserver.so"],"resources":{"limits":{"cpu":"500m","memory":"300M"},"requests":{"cpu":"100m","memory":"100M"}},"imagePullPolicy":"Always"},"Params":null,"BaseComponent":"Component 8","BaseResources":null,"MaxResources":null}}}]}}