{"discoAPIPort":31001,"repoAPIPort":32001,"initialNodes":[{"name":"f0","ip":"127.0.0.1","distance":0,"discoAPIPort":31000,"repoAPIPort":32000}],"maxPing":20,"nodeID":"f1","nodeType":"servicenode","pingPeriod":3000,"testMode":true,"cheatyMinimalPing":10,"cheatyMinimalPingMap":{"e0":21.388554,"f0":5.970172,"f10":7.5435367,"f11":17.882648,"f12":25.682447,"f13":23.306128,"f14":7.515778,"f15":29.576265,"f16":16.083769,"f17":12.8361435,"f18":27.74433,"f19":28.56467,"f2":5.987502,"f20":19.657156,"f21":34.439117,"f22":12.677982,"f23":19.5957,"f24":18.957409,"f25":30.60673,"f26":5.6856103,"f27":27.465015,"f28":6.270602,"f29":18.704208,"f3":14.452921,"f30":17.367373,"f31":19.305822,"f32":20.007034,"f33":4.375374,"f34":16.473625,"f35":15.260658,"f36":21.80905,"f37":19.226223,"f38":21.215096,"f39":17.3353,"f4":25.696756,"f40":27.803589,"f41":23.589401,"f42":17.184834,"f43":25.977715,"f44":21.812487,"f45":33.324947,"f46":13.987077,"f47":37.363686,"f48":21.267092,"f49":22.972214,"f5":18.405693,"f50":23.148085,"f51":19.64483,"f52":44.649876,"f53":16.4786,"f54":30.51308,"f55":15.072098,"f56":6.423034,"f57":25.99863,"f58":35.410732,"f59":13.322032,"f6":12.372111,"f60":17.79648,"f61":31.921692,"f62":12.579678,"f63":38.583782,"f64":14.00304,"f65":13.835861,"f66":15.749022,"f67":19.073097,"f68":5.0217233,"f69":8.161011,"f7":29.818813,"f70":13.493818,"f71":20.607952,"f72":37.555027,"f73":22.120367,"f74":25.686947,"f8":38.96379,"f9":18.096338},"BasicComponentDefs":{"Component 1":[{"ApiVersion":"v1/beta","Kind":"ComponentDefinition","Metadata":{"Name":"Implementation 1.2","Labels":{},"Annotations":null},"Spec":{"Workload":{"Type":"Container","Definition":{"ApiVersion":"","Kind":""}},"Schematic":{"Definition":{"name":"TestApp","image":"gitlab.ilabt.imec.be:4567/fledge/benchmark/dash:1.0.0-capstan","command":["./dashserver.so"],"resources":{"limits":{"cpu":"500m","memory":"300M"},"requests":{"cpu":"100m","memory":"100M"}},"imagePullPolicy":"Always"},"Params":null,"BaseComponent":"Component 1","BaseResources":null,"MaxResources":null}}}],"Component 14":[{"ApiVersion":"v1/beta","Kind":"ComponentDefinition","Metadata":{"Name":"Implementation 14.2","Labels":{},"Annotations":null},"Spec":{"Workload":{"Type":"Container","Definition":{"ApiVersion":"","Kind":""}},"Schematic":{"Definition":{"name":"TestApp","image":"gitlab.ilabt.imec.be:4567/fledge/benchmark/dash:1.0.0-capstan","command":["./dashserver.so"],"resources":{"limits":{"cpu":"500m","memory":"300M"},"requests":{"cpu":"100m","memory":"100M"}},"imagePullPolicy":"Always"},"Params":null,"BaseComponent":"Component 14","BaseResources":null,"MaxResources":null}}}],"Component 46":[{"ApiVersion":"v1/beta","Kind":"ComponentDefinition","Metadata":{"Name":"Implementation 46.2","Labels":{},"Annotations":null},"Spec":{"Workload":{"Type":"Container","Definition":{"ApiVersion":"","Kind":""}},"Schematic":{"Definition":{"name":"TestApp","image":"gitlab.ilabt.imec.be:4567/fledge/benchmark/dash:1.0.0-capstan","command":["./dashserver.so"],"resources":{"limits":{"cpu":"500m","memory":"300M"},"requests":{"cpu":"100m","memory":"100M"}},"imagePullPolicy":"Always"},"Params":null,"BaseComponent":"Component 46","BaseResources":null,"MaxResources":null}}},{"ApiVersion":"v1/beta","Kind":"ComponentDefinition","Metadata":{"Name":"Implementation 46.1","Labels":{},"Annotations":null},"Spec":{"Workload":{"Type":"Container","Definition":{"ApiVersion":"","Kind":""}},"Schematic":{"Definition":{"name":"TestApp","image":"gitlab.ilabt.imec.be:4567/fledge/benchmark/dash:1.0.0-capstan","command":["./dashserver.so"],"resources":{"limits":{"cpu":"500m","memory":"300M"},"requests":{"cpu":"100m","memory":"100M"}},"imagePullPolicy":"Always"},"Params":null,"BaseComponent":"Component 46","BaseResources":null,"MaxResources":null}}}],"Component 48":[{"ApiVersion":"v1/beta","Kind":"ComponentDefinition","Metadata":{"Name":"Implementation 48.1","Labels":{},"Annotations":null},"Spec":{"Workload":{"Type":"Container","Definition":{"ApiVersion":"","Kind":""}},"Schematic":{"Definition":{"name":"TestApp","image":"gitlab.ilabt.imec.be:4567/fledge/benchmark/dash:1.0.0-capstan","command":["./dashserver.so"],"resources":{"limits":{"cpu":"500m","memory":"300M"},"requests":{"cpu":"100m","memory":"100M"}},"imagePullPolicy":"Always"},"Params":null,"BaseComponent":"Component 48","BaseResources":null,"MaxResources":null}}}]}}