{"discoAPIPort":31002,"repoAPIPort":32002,"initialNodes":[{"name":"f0","ip":"127.0.0.1","distance":0,"discoAPIPort":31000,"repoAPIPort":32000},{"name":"f1","ip":"127.0.0.1","distance":0,"discoAPIPort":31001,"repoAPIPort":32001}],"maxPing":20,"nodeID":"f2","nodeType":"servicenode","pingPeriod":3000,"testMode":true,"cheatyMinimalPing":10,"cheatyMinimalPingMap":{"e0":22.81631,"f0":3.0383043,"f1":5.987502,"f10":15.218429,"f11":22.02794,"f12":22.523594,"f13":25.758162,"f14":16.685013,"f15":30.684275,"f16":22.333874,"f17":11.4283085,"f18":29.777048,"f19":25.59372,"f20":28.787683,"f21":36.084682,"f22":21.564566,"f23":26.461412,"f24":19.826752,"f25":31.274025,"f26":5.933096,"f27":25.64534,"f28":16.08654,"f29":18.078785,"f3":12.370404,"f30":15.961633,"f31":27.922499,"f32":20.689133,"f33":4.2815075,"f34":22.481247,"f35":20.82379,"f36":31.074389,"f37":22.179424,"f38":26.639574,"f39":20.814518,"f4":35.280468,"f40":37.04083,"f41":22.316263,"f42":22.846943,"f43":16.654638,"f44":30.072483,"f45":43.594276,"f46":18.03916,"f47":41.42814,"f48":25.319218,"f49":27.805235,"f5":27.793978,"f50":18.829077,"f51":27.159628,"f52":37.151684,"f53":23.044724,"f54":35.32546,"f55":11.735577,"f56":13.545667,"f57":21.27504,"f58":37.152184,"f59":12.832999,"f6":13.011018,"f60":28.833595,"f61":34.87434,"f62":14.618371,"f63":34.161854,"f64":16.966536,"f65":19.108068,"f66":22.433382,"f67":19.588531,"f68":5.177973,"f69":9.259329,"f7":40.947712,"f70":24.152023,"f71":25.68822,"f72":42.8582,"f73":33.27424,"f74":30.811275,"f8":41.11945,"f9":25.840685},"BasicComponentDefs":{"Component 23":[{"ApiVersion":"v1/beta","Kind":"ComponentDefinition","Metadata":{"Name":"Implementation 23.1","Labels":{},"Annotations":null},"Spec":{"Workload":{"Type":"Container","Definition":{"ApiVersion":"","Kind":""}},"Schematic":{"Definition":{"name":"TestApp","image":"gitlab.ilabt.imec.be:4567/fledge/benchmark/dash:1.0.0-capstan","command":["./dashserver.so"],"resources":{"limits":{"cpu":"500m","memory":"300M"},"requests":{"cpu":"100m","memory":"100M"}},"imagePullPolicy":"Always"},"Params":null,"BaseComponent":"Component 23","BaseResources":null,"MaxResources":null}}}],"Component 24":[{"ApiVersion":"v1/beta","Kind":"ComponentDefinition","Metadata":{"Name":"Implementation 24.1","Labels":{},"Annotations":null},"Spec":{"Workload":{"Type":"Container","Definition":{"ApiVersion":"","Kind":""}},"Schematic":{"Definition":{"name":"TestApp","image":"gitlab.ilabt.imec.be:4567/fledge/benchmark/dash:1.0.0-capstan","command":["./dashserver.so"],"resources":{"limits":{"cpu":"500m","memory":"300M"},"requests":{"cpu":"100m","memory":"100M"}},"imagePullPolicy":"Always"},"Params":null,"BaseComponent":"Component 24","BaseResources":null,"MaxResources":null}}}],"Component 31":[{"ApiVersion":"v1/beta","Kind":"ComponentDefinition","Metadata":{"Name":"Implementation 31.2","Labels":{},"Annotations":null},"Spec":{"Workload":{"Type":"Container","Definition":{"ApiVersion":"","Kind":""}},"Schematic":{"Definition":{"name":"TestApp","image":"gitlab.ilabt.imec.be:4567/fledge/benchmark/dash:1.0.0-capstan","command":["./dashserver.so"],"resources":{"limits":{"cpu":"500m","memory":"300M"},"requests":{"cpu":"100m","memory":"100M"}},"imagePullPolicy":"Always"},"Params":null,"BaseComponent":"Component 31","BaseResources":null,"MaxResources":null}}}],"Component 40":[{"ApiVersion":"v1/beta","Kind":"ComponentDefinition","Metadata":{"Name":"Implementation 40.2","Labels":{},"Annotations":null},"Spec":{"Workload":{"Type":"Container","Definition":{"ApiVersion":"","Kind":""}},"Schematic":{"Definition":{"name":"TestApp","image":"gitlab.ilabt.imec.be:4567/fledge/benchmark/dash:1.0.0-capstan","command":["./dashserver.so"],"resources":{"limits":{"cpu":"500m","memory":"300M"},"requests":{"cpu":"100m","memory":"100M"}},"imagePullPolicy":"Always"},"Params":null,"BaseComponent":"Component 40","BaseResources":null,"MaxResources":null}}}],"Component 48":[{"ApiVersion":"v1/beta","Kind":"ComponentDefinition","Metadata":{"Name":"Implementation 48.1","Labels":{},"Annotations":null},"Spec":{"Workload":{"Type":"Container","Definition":{"ApiVersion":"","Kind":""}},"Schematic":{"Definition":{"name":"TestApp","image":"gitlab.ilabt.imec.be:4567/fledge/benchmark/dash:1.0.0-capstan","command":["./dashserver.so"],"resources":{"limits":{"cpu":"500m","memory":"300M"},"requests":{"cpu":"100m","memory":"100M"}},"imagePullPolicy":"Always"},"Params":null,"BaseComponent":"Component 48","BaseResources":null,"MaxResources":null}}}]}}