{"discoAPIPort":31003,"repoAPIPort":32003,"initialNodes":[{"name":"f0","ip":"127.0.0.1","distance":0,"discoAPIPort":31000,"repoAPIPort":32000},{"name":"f1","ip":"127.0.0.1","distance":0,"discoAPIPort":31001,"repoAPIPort":32001},{"name":"f2","ip":"127.0.0.1","distance":0,"discoAPIPort":31002,"repoAPIPort":32002}],"maxPing":20,"nodeID":"f3","nodeType":"servicenode","pingPeriod":3000,"testMode":true,"cheatyMinimalPing":10,"cheatyMinimalPingMap":{"e0":37.479107,"f0":19.557798,"f1":14.452921,"f10":26.223759,"f11":36.350735,"f12":30.426456,"f13":31.869781,"f14":12.800829,"f15":36.70062,"f16":33.173233,"f17":29.229546,"f18":35.829052,"f19":42.082806,"f2":12.370404,"f20":38.735023,"f21":37.426598,"f22":24.90189,"f23":32.757,"f24":11.852847,"f25":41.60368,"f26":19.487637,"f27":51.541027,"f28":21.302715,"f29":29.119051,"f30":26.547125,"f31":31.838503,"f32":22.031929,"f33":16.183714,"f34":35.326077,"f35":19.863163,"f36":35.384476,"f37":29.199013,"f38":39.9738,"f39":28.283028,"f4":33.185436,"f40":46.242287,"f41":46.64959,"f42":37.9481,"f43":34.069847,"f44":44.586594,"f45":49.05467,"f46":28.821804,"f47":30.780853,"f48":38.171413,"f49":34.442528,"f5":35.93487,"f50":30.30686,"f51":11.873433,"f52":49.578903,"f53":19.446976,"f54":47.912014,"f55":22.690096,"f56":19.975914,"f57":36.611263,"f58":52.10363,"f59":20.10635,"f6":29.904167,"f60":31.12718,"f61":37.72128,"f62":10.509643,"f63":51.156574,"f64":14.008272,"f65":28.00268,"f66":13.25806,"f67":44.011925,"f68":9.973729,"f69":26.511786,"f7":36.69447,"f70":17.966042,"f71":39.399384,"f72":55.004623,"f73":38.83555,"f74":32.25771,"f8":46.165024,"f9":11.711882},"BasicComponentDefs":{"Component 15":[{"ApiVersion":"v1/beta","Kind":"ComponentDefinition","Metadata":{"Name":"Implementation 15.2","Labels":{},"Annotations":null},"Spec":{"Workload":{"Type":"Container","Definition":{"ApiVersion":"","Kind":""}},"Schematic":{"Definition":{"name":"TestApp","image":"gitlab.ilabt.imec.be:4567/fledge/benchmark/dash:1.0.0-capstan","command":["./dashserver.so"],"resources":{"limits":{"cpu":"500m","memory":"300M"},"requests":{"cpu":"100m","memory":"100M"}},"imagePullPolicy":"Always"},"Params":null,"BaseComponent":"Component 15","BaseResources":null,"MaxResources":null}}}],"Component 23":[{"ApiVersion":"v1/beta","Kind":"ComponentDefinition","Metadata":{"Name":"Implementation 23.2","Labels":{},"Annotations":null},"Spec":{"Workload":{"Type":"Container","Definition":{"ApiVersion":"","Kind":""}},"Schematic":{"Definition":{"name":"TestApp","image":"gitlab.ilabt.imec.be:4567/fledge/benchmark/dash:1.0.0-capstan","command":["./dashserver.so"],"resources":{"limits":{"cpu":"500m","memory":"300M"},"requests":{"cpu":"100m","memory":"100M"}},"imagePullPolicy":"Always"},"Params":null,"BaseComponent":"Component 23","BaseResources":null,"MaxResources":null}}}],"Component 31":[{"ApiVersion":"v1/beta","Kind":"ComponentDefinition","Metadata":{"Name":"Implementation 31.1","Labels":{},"Annotations":null},"Spec":{"Workload":{"Type":"Container","Definition":{"ApiVersion":"","Kind":""}},"Schematic":{"Definition":{"name":"TestApp","image":"gitlab.ilabt.imec.be:4567/fledge/benchmark/dash:1.0.0-capstan","command":["./dashserver.so"],"resources":{"limits":{"cpu":"500m","memory":"300M"},"requests":{"cpu":"100m","memory":"100M"}},"imagePullPolicy":"Always"},"Params":null,"BaseComponent":"Component 31","BaseResources":null,"MaxResources":null}}}],"Component 33":[{"ApiVersion":"v1/beta","Kind":"ComponentDefinition","Metadata":{"Name":"Implementation 33.2","Labels":{},"Annotations":null},"Spec":{"Workload":{"Type":"Container","Definition":{"ApiVersion":"","Kind":""}},"Schematic":{"Definition":{"name":"TestApp","image":"gitlab.ilabt.imec.be:4567/fledge/benchmark/dash:1.0.0-capstan","command":["./dashserver.so"],"resources":{"limits":{"cpu":"500m","memory":"300M"},"requests":{"cpu":"100m","memory":"100M"}},"imagePullPolicy":"Always"},"Params":null,"BaseComponent":"Component 33","BaseResources":null,"MaxResources":null}}}],"Component 40":[{"ApiVersion":"v1/beta","Kind":"ComponentDefinition","Metadata":{"Name":"Implementation 40.2","Labels":{},"Annotations":null},"Spec":{"Workload":{"Type":"Container","Definition":{"ApiVersion":"","Kind":""}},"Schematic":{"Definition":{"name":"TestApp","image":"gitlab.ilabt.imec.be:4567/fledge/benchmark/dash:1.0.0-capstan","command":["./dashserver.so"],"resources":{"limits":{"cpu":"500m","memory":"300M"},"requests":{"cpu":"100m","memory":"100M"}},"imagePullPolicy":"Always"},"Params":null,"BaseComponent":"Component 40","BaseResources":null,"MaxResources":null}}}]}}