{"discoAPIPort":31004,"repoAPIPort":32004,"initialNodes":[{"name":"f0","ip":"127.0.0.1","distance":0,"discoAPIPort":31000,"repoAPIPort":32000},{"name":"f1","ip":"127.0.0.1","distance":0,"discoAPIPort":31001,"repoAPIPort":32001},{"name":"f2","ip":"127.0.0.1","distance":0,"discoAPIPort":31002,"repoAPIPort":32002},{"name":"f3","ip":"127.0.0.1","distance":0,"discoAPIPort":31003,"repoAPIPort":32003}],"maxPing":20,"nodeID":"f4","nodeType":"servicenode","pingPeriod":3000,"testMode":true,"cheatyMinimalPing":10,"cheatyMinimalPingMap":{"e0":36.24948,"f0":36.632896,"f1":25.696756,"f10":29.765244,"f11":27.174328,"f12":33.40119,"f13":51.1282,"f14":24.540977,"f15":33.585735,"f16":24.936708,"f17":40.35718,"f18":49.72595,"f19":33.249866,"f2":35.280468,"f20":44.85918,"f21":52.69168,"f22":22.995247,"f23":28.694904,"f24":28.880486,"f25":45.832344,"f26":29.934067,"f27":55.011307,"f28":20.918344,"f29":37.490864,"f3":33.185436,"f30":31.468609,"f31":26.587374,"f32":16.527096,"f33":39.141983,"f34":37.758617,"f35":13.41558,"f36":38.944817,"f37":32.787876,"f38":22.675694,"f39":28.758446,"f40":41.228836,"f41":41.320534,"f42":37.98163,"f43":46.065907,"f44":24.287872,"f45":63.34075,"f46":32.853916,"f47":0.31908014,"f48":35.095352,"f49":37.706177,"f5":24.822117,"f50":48.109627,"f51":29.072937,"f52":65.484856,"f53":20.731691,"f54":51.96778,"f55":45.42235,"f56":31.24275,"f57":58.752594,"f58":41.556995,"f59":39.00031,"f6":44.31814,"f60":17.534168,"f61":0.7531086,"f62":29.48246,"f63":43.195972,"f64":20.25799,"f65":30.47405,"f66":23.039803,"f67":39.505787,"f68":34.47733,"f69":44.172546,"f7":5.5916543,"f70":15.561978,"f71":42.54267,"f72":41.69632,"f73":17.179646,"f74":64.7575,"f8":54.906532,"f9":27.747293},"BasicComponentDefs":{"Component 10":[{"ApiVersion":"v1/beta","Kind":"ComponentDefinition","Metadata":{"Name":"Implementation 10.2","Labels":{},"Annotations":null},"Spec":{"Workload":{"Type":"Container","Definition":{"ApiVersion":"","Kind":""}},"Schematic":{"Definition":{"name":"TestApp","image":"gitlab.ilabt.imec.be:4567/fledge/benchmark/dash:1.0.0-capstan","command":["./dashserver.so"],"resources":{"limits":{"cpu":"500m","memory":"300M"},"requests":{"cpu":"100m","memory":"100M"}},"imagePullPolicy":"Always"},"Params":null,"BaseComponent":"Component 10","BaseResources":null,"MaxResources":null}}}],"Component 13":[{"ApiVersion":"v1/beta","Kind":"ComponentDefinition","Metadata":{"Name":"Implementation 13.2","Labels":{},"Annotations":null},"Spec":{"Workload":{"Type":"Container","Definition":{"ApiVersion":"","Kind":""}},"Schematic":{"Definition":{"name":"TestApp","image":"gitlab.ilabt.imec.be:4567/fledge/benchmark/dash:1.0.0-capstan","command":["./dashserver.so"],"resources":{"limits":{"cpu":"500m","memory":"300M"},"requests":{"cpu":"100m","memory":"100M"}},"imagePullPolicy":"Always"},"Params":null,"BaseComponent":"Component 13","BaseResources":null,"MaxResources":null}}}],"Component 20":[{"ApiVersion":"v1/beta","Kind":"ComponentDefinition","Metadata":{"Name":"Implementation 20.2","Labels":{},"Annotations":null},"Spec":{"Workload":{"Type":"Container","Definition":{"ApiVersion":"","Kind":""}},"Schematic":{"Definition":{"name":"TestApp","image":"gitlab.ilabt.imec.be:4567/fledge/benchmark/dash:1.0.0-capstan","command":["./dashserver.so"],"resources":{"limits":{"cpu":"500m","memory":"300M"},"requests":{"cpu":"100m","memory":"100M"}},"imagePullPolicy":"Always"},"Params":null,"BaseComponent":"Component 20","BaseResources":null,"MaxResources":null}}}],"Component 34":[{"ApiVersion":"v1/beta","Kind":"ComponentDefinition","Metadata":{"Name":"Implementation 34.1","Labels":{},"Annotations":null},"Spec":{"Workload":{"Type":"Container","Definition":{"ApiVersion":"","Kind":""}},"Schematic":{"Definition":{"name":"TestApp","image":"gitlab.ilabt.imec.be:4567/fledge/benchmark/dash:1.0.0-capstan","command":["./dashserver.so"],"resources":{"limits":{"cpu":"500m","memory":"300M"},"requests":{"cpu":"100m","memory":"100M"}},"imagePullPolicy":"Always"},"Params":null,"BaseComponent":"Component 34","BaseResources":null,"MaxResources":null}}}],"Component 36":[{"ApiVersion":"v1/beta","Kind":"ComponentDefinition","Metadata":{"Name":"Implementation 36.1","Labels":{},"Annotations":null},"Spec":{"Workload":{"Type":"Container","Definition":{"ApiVersion":"","Kind":""}},"Schematic":{"Definition":{"name":"TestApp","image":"gitlab.ilabt.imec.be:4567/fledge/benchmark/dash:1.0.0-capstan","command":["./dashserver.so"],"resources":{"limits":{"cpu":"500m","memory":"300M"},"requests":{"cpu":"100m","memory":"100M"}},"imagePullPolicy":"Always"},"Params":null,"BaseComponent":"Component 36","BaseResources":null,"MaxResources":null}}}]}}