{"discoAPIPort":31000,"repoAPIPort":32000,"initialNodes":[],"maxPing":10,"nodeID":"f0","nodeType":"servicenode","pingPeriod":3000,"testMode":true,"cheatyMinimalPing":10,"cheatyMinimalPingMap":{"e0":13.691982,"f1":30.647455,"f10":7.3753552,"f100":27.078247,"f101":31.898176,"f102":14.744591,"f103":5.0253158,"f104":10.113572,"f105":10.717833,"f106":6.8891015,"f107":8.43207,"f108":15.363913,"f109":18.418978,"f11":5.478875,"f110":9.429404,"f111":24.331566,"f112":15.253888,"f113":24.034695,"f114":11.7101755,"f115":13.366219,"f116":16.44525,"f117":29.237621,"f118":17.38479,"f119":43.34172,"f12":15.5370455,"f120":12.034085,"f121":19.204687,"f122":41.950253,"f123":17.561962,"f124":36.72067,"f125":15.120931,"f126":21.08599,"f127":26.485178,"f128":31.440916,"f129":4.800345,"f13":24.949852,"f130":14.783857,"f131":23.288134,"f132":28.138222,"f133":26.25205,"f134":24.61621,"f135":17.465784,"f136":32.493706,"f137":32.58076,"f138":15.941955,"f139":12.471633,"f14":15.826387,"f140":28.517008,"f141":36.492943,"f142":19.477837,"f143":10.8742695,"f144":22.016968,"f145":11.344748,"f146":23.384102,"f147":17.690466,"f148":16.437267,"f149":15.670103,"f15":37.811146,"f16":28.869516,"f17":4.7718735,"f18":24.100319,"f19":22.76724,"f2":3.2264903,"f20":31.79942,"f21":12.122304,"f22":10.708252,"f23":23.220201,"f24":18.373278,"f25":24.260096,"f26":12.969506,"f27":19.537355,"f28":18.331924,"f29":20.12968,"f3":11.000526,"f30":6.0926914,"f31":7.2222376,"f32":31.32198,"f33":8.013435,"f34":13.953658,"f35":28.278227,"f36":12.3145,"f37":13.7336855,"f38":4.7107186,"f39":20.544325,"f4":20.705378,"f40":22.691732,"f41":36.23466,"f42":15.050163,"f43":43.376854,"f44":18.084057,"f45":30.602207,"f46":24.052696,"f47":17.154476,"f48":24.36604,"f49":8.437872,"f5":13.785866,"f50":29.37229,"f51":16.17379,"f52":29.978865,"f53":8.131594,"f54":13.716056,"f55":32.36714,"f56":27.571327,"f57":14.53253,"f58":35.954224,"f59":30.117737,"f6":15.501115,"f60":17.732327,"f61":9.909595,"f62":17.9735,"f63":28.261707,"f64":23.087824,"f65":27.483469,"f66":25.146118,"f67":19.180574,"f68":9.744194,"f69":48.9674,"f7":9.00283,"f70":37.605946,"f71":19.045559,"f72":20.811913,"f73":13.918683,"f74":26.782183,"f75":18.255463,"f76":11.419559,"f77":21.813156,"f78":18.588552,"f79":18.439608,"f8":6.394204,"f80":30.715631,"f81":18.624752,"f82":12.4336,"f83":23.963331,"f84":25.842728,"f85":20.237339,"f86":34.073143,"f87":4.9404373,"f88":20.6657,"f89":11.2377825,"f9":8.102001,"f90":14.908053,"f91":32.559605,"f92":17.274105,"f93":21.540577,"f94":21.750246,"f95":31.193241,"f96":25.105864,"f97":30.538702,"f98":16.865652,"f99":43.391068},"BasicComponentDefs":{"Component 17":[{"ApiVersion":"v1/beta","Kind":"ComponentDefinition","Metadata":{"Name":"Implementation 17.1","Labels":{},"Annotations":null},"Spec":{"Workload":{"Type":"Container","Definition":{"ApiVersion":"","Kind":""}},"Schematic":{"Definition":{"name":"TestApp","image":"gitlab.ilabt.imec.be:4567/fledge/benchmark/dash:1.0.0-capstan","command":["./dashserver.so"],"resources":{"limits":{"cpu":"500m","memory":"300M"},"requests":{"cpu":"100m","memory":"100M"}},"imagePullPolicy":"Always"},"Params":null,"BaseComponent":"Component 17","BaseResources":null,"MaxResources":null}}}],"Component 20":[{"ApiVersion":"v1/beta","Kind":"ComponentDefinition","Metadata":{"Name":"Implementation 20.1","Labels":{},"Annotations":null},"Spec":{"Workload":{"Type":"Container","Definition":{"ApiVersion":"","Kind":""}},"Schematic":{"Definition":{"name":"TestApp","image":"gitlab.ilabt.imec.be:4567/fledge/benchmark/dash:1.0.0-capstan","command":["./dashserver.so"],"resources":{"limits":{"cpu":"500m","memory":"300M"},"requests":{"cpu":"100m","memory":"100M"}},"imagePullPolicy":"Always"},"Params":null,"BaseComponent":"Component 20","BaseResources":null,"MaxResources":null}}}],"Component 28":[{"ApiVersion":"v1/beta","Kind":"ComponentDefinition","Metadata":{"Name":"Implementation 28.1","Labels":{},"Annotations":null},"Spec":{"Workload":{"Type":"Container","Definition":{"ApiVersion":"","Kind":""}},"Schematic":{"Definition":{"name":"TestApp","image":"gitlab.ilabt.imec.be:4567/fledge/benchmark/dash:1.0.0-capstan","command":["./dashserver.so"],"resources":{"limits":{"cpu":"500m","memory":"300M"},"requests":{"cpu":"100m","memory":"100M"}},"imagePullPolicy":"Always"},"Params":null,"BaseComponent":"Component 28","BaseResources":null,"MaxResources":null}}}],"Component 39":[{"ApiVersion":"v1/beta","Kind":"ComponentDefinition","Metadata":{"Name":"Implementation 39.1","Labels":{},"Annotations":null},"Spec":{"Workload":{"Type":"Container","Definition":{"ApiVersion":"","Kind":""}},"Schematic":{"Definition":{"name":"TestApp","image":"gitlab.ilabt.imec.be:4567/fledge/benchmark/dash:1.0.0-capstan","command":["./dashserver.so"],"resources":{"limits":{"cpu":"500m","memory":"300M"},"requests":{"cpu":"100m","memory":"100M"}},"imagePullPolicy":"Always"},"Params":null,"BaseComponent":"Component 39","BaseResources":null,"MaxResources":null}}}],"Component 47":[{"ApiVersion":"v1/beta","Kind":"ComponentDefinition","Metadata":{"Name":"Implementation 47.2","Labels":{},"Annotations":null},"Spec":{"Workload":{"Type":"Container","Definition":{"ApiVersion":"","Kind":""}},"Schematic":{"Definition":{"name":"TestApp","image":"gitlab.ilabt.imec.be:4567/fledge/benchmark/dash:1.0.0-capstan","command":["./dashserver.so"],"resources":{"limits":{"cpu":"500m","memory":"300M"},"requests":{"cpu":"100m","memory":"100M"}},"imagePullPolicy":"Always"},"Params":null,"BaseComponent":"Component 47","BaseResources":null,"MaxResources":null}}}]}}