{"discoAPIPort":31001,"repoAPIPort":32001,"initialNodes":[{"name":"f0","ip":"127.0.0.1","distance":0,"discoAPIPort":31000,"repoAPIPort":32000}],"maxPing":10,"nodeID":"f1","nodeType":"servicenode","pingPeriod":3000,"testMode":true,"cheatyMinimalPing":10,"cheatyMinimalPingMap":{"e0":49.770813,"f0":30.647455,"f10":32.59991,"f100":47.28976,"f101":19.6667,"f102":48.71471,"f103":32.33871,"f104":27.203754,"f105":31.91061,"f106":36.83714,"f107":49.4221,"f108":21.202326,"f109":52.982746,"f11":46.864433,"f110":49.95538,"f111":16.244654,"f112":30.35842,"f113":50.979244,"f114":44.834435,"f115":30.434446,"f116":32.898705,"f117":13.21255,"f118":38.36925,"f119":12.355345,"f12":46.979088,"f120":50.299713,"f121":56.29276,"f122":8.770052,"f123":52.633217,"f124":23.314734,"f125":23.615854,"f126":56.192005,"f127":10.463015,"f128":28.391403,"f129":40.383736,"f13":19.32913,"f130":42.1145,"f131":25.10922,"f132":14.996184,"f133":20.342327,"f134":54.794277,"f135":42.538986,"f136":12.95275,"f137":4.0716753,"f138":36.303806,"f139":24.813587,"f14":47.694855,"f140":19.001781,"f141":11.054018,"f142":32.93558,"f143":42.98822,"f144":13.293757,"f145":29.14903,"f146":12.825084,"f147":44.783623,"f148":46.37893,"f149":24.72742,"f15":7.3604484,"f16":2.3372173,"f17":41.864975,"f18":15.915604,"f19":21.57857,"f2":39.107258,"f20":9.787501,"f21":24.867636,"f22":23.855997,"f23":24.3115,"f24":47.038723,"f25":20.788326,"f26":18.906956,"f27":45.519466,"f28":43.853798,"f29":56.015114,"f3":32.681515,"f30":46.482376,"f31":41.1948,"f32":10.978359,"f33":31.185915,"f34":37.943886,"f35":17.466206,"f36":48.22678,"f37":40.762825,"f38":31.559296,"f39":56.673298,"f4":47.424667,"f40":23.855988,"f41":2.274066,"f42":22.801353,"f43":10.447688,"f44":29.080599,"f45":23.944431,"f46":19.637112,"f47":51.10963,"f48":46.621853,"f49":34.03694,"f5":25.919516,"f50":17.336607,"f51":47.341236,"f52":13.353444,"f53":49.006294,"f54":22.145899,"f55":21.236197,"f56":35.742966,"f57":46.247803,"f58":11.392087,"f59":48.645065,"f6":51.981743,"f60":23.884722,"f61":29.28165,"f62":24.54601,"f63":6.1901207,"f64":16.59606,"f65":22.782415,"f66":64.23409,"f67":30.372412,"f68":33.067627,"f69":13.41135,"f7":28.855648,"f70":7.5153418,"f71":21.463404,"f72":14.376541,"f73":31.487467,"f74":48.24846,"f75":34.28824,"f76":40.439384,"f77":24.709919,"f78":37.897327,"f79":56.43222,"f8":37.82084,"f80":4.7921224,"f81":48.233936,"f82":34.99206,"f83":62.545746,"f84":12.352471,"f85":54.463184,"f86":4.6294003,"f87":34.930527,"f88":21.418333,"f89":21.7971,"f9":35.420113,"f90":29.477266,"f91":11.78609,"f92":23.995407,"f93":52.48706,"f94":55.416485,"f95":10.155232,"f96":59.767075,"f97":0.86579704,"f98":40.14133,"f99":8.450728},"BasicComponentDefs":{"Component 1":[{"ApiVersion":"v1/beta","Kind":"ComponentDefinition","Metadata":{"Name":"Implementation 1.1","Labels":{},"Annotations":null},"Spec":{"Workload":{"Type":"Container","Definition":{"ApiVersion":"","Kind":""}},"Schematic":{"Definition":{"name":"TestApp","image":"gitlab.ilabt.imec.be:4567/fledge/benchmark/dash:1.0.0-capstan","command":["./dashserver.so"],"resources":{"limits":{"cpu":"500m","memory":"300M"},"requests":{"cpu":"100m","memory":"100M"}},"imagePullPolicy":"Always"},"Params":null,"BaseComponent":"Component 1","BaseResources":null,"MaxResources":null}}}],"Component 18":[{"ApiVersion":"v1/beta","Kind":"ComponentDefinition","Metadata":{"Name":"Implementation 18.2","Labels":{},"Annotations":null},"Spec":{"Workload":{"Type":"Container","Definition":{"ApiVersion":"","Kind":""}},"Schematic":{"Definition":{"name":"TestApp","image":"gitlab.ilabt.imec.be:4567/fledge/benchmark/dash:1.0.0-capstan","command":["./dashserver.so"],"resources":{"limits":{"cpu":"500m","memory":"300M"},"requests":{"cpu":"100m","memory":"100M"}},"imagePullPolicy":"Always"},"Params":null,"BaseComponent":"Component 18","BaseResources":null,"MaxResources":null}}}],"Component 19":[{"ApiVersion":"v1/beta","Kind":"ComponentDefinition","Metadata":{"Name":"Implementation 19.1","Labels":{},"Annotations":null},"Spec":{"Workload":{"Type":"Container","Definition":{"ApiVersion":"","Kind":""}},"Schematic":{"Definition":{"name":"TestApp","image":"gitlab.ilabt.imec.be:4567/fledge/benchmark/dash:1.0.0-capstan","command":["./dashserver.so"],"resources":{"limits":{"cpu":"500m","memory":"300M"},"requests":{"cpu":"100m","memory":"100M"}},"imagePullPolicy":"Always"},"Params":null,"BaseComponent":"Component 19","BaseResources":null,"MaxResources":null}}}],"Component 29":[{"ApiVersion":"v1/beta","Kind":"ComponentDefinition","Metadata":{"Name":"Implementation 29.1","Labels":{},"Annotations":null},"Spec":{"Workload":{"Type":"Container","Definition":{"ApiVersion":"","Kind":""}},"Schematic":{"Definition":{"name":"TestApp","image":"gitlab.ilabt.imec.be:4567/fledge/benchmark/dash:1.0.0-capstan","command":["./dashserver.so"],"resources":{"limits":{"cpu":"500m","memory":"300M"},"requests":{"cpu":"100m","memory":"100M"}},"imagePullPolicy":"Always"},"Params":null,"BaseComponent":"Component 29","BaseResources":null,"MaxResources":null}}}],"Component 36":[{"ApiVersion":"v1/beta","Kind":"ComponentDefinition","Metadata":{"Name":"Implementation 36.2","Labels":{},"Annotations":null},"Spec":{"Workload":{"Type":"Container","Definition":{"ApiVersion":"","Kind":""}},"Schematic":{"Definition":{"name":"TestApp","image":"gitlab.ilabt.imec.be:4567/fledge/benchmark/dash:1.0.0-capstan","command":["./dashserver.so"],"resources":{"limits":{"cpu":"500m","memory":"300M"},"requests":{"cpu":"100m","memory":"100M"}},"imagePullPolicy":"Always"},"Params":null,"BaseComponent":"Component 36","BaseResources":null,"MaxResources":null}}}]}}