{"discoAPIPort":31002,"repoAPIPort":32002,"initialNodes":[{"name":"f0","ip":"127.0.0.1","distance":0,"discoAPIPort":31000,"repoAPIPort":32000},{"name":"f1","ip":"127.0.0.1","distance":0,"discoAPIPort":31001,"repoAPIPort":32001}],"maxPing":10,"nodeID":"f2","nodeType":"servicenode","pingPeriod":3000,"testMode":true,"cheatyMinimalPing":10,"cheatyMinimalPingMap":{"e0":12.596575,"f0":3.2264903,"f1":39.107258,"f10":9.023077,"f100":27.975492,"f101":32.86229,"f102":13.446094,"f103":1.6119554,"f104":12.732418,"f105":15.507928,"f106":12.9350195,"f107":6.7342234,"f108":16.205801,"f109":15.661277,"f11":1.4690351,"f110":9.426029,"f111":27.902426,"f112":18.137068,"f113":21.642778,"f114":7.5155573,"f115":15.272706,"f116":19.041008,"f117":35.139324,"f118":17.870338,"f119":42.85676,"f12":11.831592,"f120":8.554826,"f121":22.27497,"f122":42.769978,"f123":14.742638,"f124":36.42448,"f125":18.793177,"f126":17.871758,"f127":39.960705,"f128":27.530142,"f129":9.06215,"f13":21.545141,"f130":16.546425,"f131":18.539581,"f132":31.376474,"f133":27.93343,"f134":18.878475,"f135":11.297991,"f136":35.502,"f137":39.505856,"f138":13.405643,"f139":16.579382,"f14":12.378788,"f140":32.325596,"f141":37.64132,"f142":27.233856,"f143":8.680175,"f144":29.351645,"f145":11.696419,"f146":30.631975,"f147":16.876339,"f148":13.828443,"f149":17.88359,"f15":39.876347,"f16":42.965412,"f17":5.551376,"f18":34.604137,"f19":25.05423,"f20":27.581583,"f21":20.044832,"f22":11.777307,"f23":27.464869,"f24":15.182897,"f25":26.02404,"f26":13.658603,"f27":24.722815,"f28":18.511023,"f29":16.972996,"f3":11.562939,"f30":3.4253721,"f31":9.819501,"f32":35.61618,"f33":10.078989,"f34":12.604831,"f35":26.784733,"f36":12.13792,"f37":9.867056,"f38":7.4317408,"f39":13.809298,"f4":24.130196,"f40":22.285261,"f41":35.94728,"f42":17.62916,"f43":39.436466,"f44":21.389473,"f45":34.882095,"f46":28.037424,"f47":15.977762,"f48":23.7891,"f49":9.331473,"f5":12.900683,"f50":31.370096,"f51":18.02313,"f52":36.172764,"f53":4.323418,"f54":13.070723,"f55":37.49009,"f56":18.805176,"f57":15.860087,"f58":42.099773,"f59":26.676424,"f6":10.441654,"f60":18.764013,"f61":13.238571,"f62":19.480013,"f63":40.40008,"f64":27.948656,"f65":31.561712,"f66":17.728344,"f67":19.479189,"f68":11.046963,"f69":43.6699,"f7":12.815451,"f70":38.21435,"f71":25.38563,"f72":21.86757,"f73":16.73032,"f74":24.89456,"f75":22.639046,"f76":13.71865,"f77":19.532362,"f78":16.358433,"f79":14.576992,"f8":4.1826115,"f80":43.06467,"f81":19.592928,"f82":9.145757,"f83":23.163534,"f84":30.21115,"f85":17.385534,"f86":36.79363,"f87":1.6911294,"f88":30.932089,"f89":14.886525,"f9":11.991116,"f90":14.470874,"f91":36.215096,"f92":21.268179,"f93":12.693318,"f94":24.630442,"f95":31.144907,"f96":18.116165,"f97":30.678072,"f98":15.325876,"f99":47.606457},"BasicComponentDefs":{"Component 10":[{"ApiVersion":"v1/beta","Kind":"ComponentDefinition","Metadata":{"Name":"Implementation 10.1","Labels":{},"Annotations":null},"Spec":{"Workload":{"Type":"Container","Definition":{"ApiVersion":"","Kind":""}},"Schematic":{"Definition":{"name":"TestApp","image":"gitlab.ilabt.imec.be:4567/fledge/benchmark/dash:1.0.0-capstan","command":["./dashserver.so"],"resources":{"limits":{"cpu":"500m","memory":"300M"},"requests":{"cpu":"100m","memory":"100M"}},"imagePullPolicy":"Always"},"Params":null,"BaseComponent":"Component 10","BaseResources":null,"MaxResources":null}}}],"Component 15":[{"ApiVersion":"v1/beta","Kind":"ComponentDefinition","Metadata":{"Name":"Implementation 15.1","Labels":{},"Annotations":null},"Spec":{"Workload":{"Type":"Container","Definition":{"ApiVersion":"","Kind":""}},"Schematic":{"Definition":{"name":"TestApp","image":"gitlab.ilabt.imec.be:4567/fledge/benchmark/dash:1.0.0-capstan","command":["./dashserver.so"],"resources":{"limits":{"cpu":"500m","memory":"300M"},"requests":{"cpu":"100m","memory":"100M"}},"imagePullPolicy":"Always"},"Params":null,"BaseComponent":"Component 15","BaseResources":null,"MaxResources":null}}}],"Component 25":[{"ApiVersion":"v1/beta","Kind":"ComponentDefinition","Metadata":{"Name":"Implementation 25.1","Labels":{},"Annotations":null},"Spec":{"Workload":{"Type":"Container","Definition":{"ApiVersion":"","Kind":""}},"Schematic":{"Definition":{"name":"TestApp","image":"gitlab.ilabt.imec.be:4567/fledge/benchmark/dash:1.0.0-capstan","command":["./dashserver.so"],"resources":{"limits":{"cpu":"500m","memory":"300M"},"requests":{"cpu":"100m","memory":"100M"}},"imagePullPolicy":"Always"},"Params":null,"BaseComponent":"Component 25","BaseResources":null,"MaxResources":null}}}],"Component 36":[{"ApiVersion":"v1/beta","Kind":"ComponentDefinition","Metadata":{"Name":"Implementation 36.2","Labels":{},"Annotations":null},"Spec":{"Workload":{"Type":"Container","Definition":{"ApiVersion":"","Kind":""}},"Schematic":{"Definition":{"name":"TestApp","image":"gitlab.ilabt.imec.be:4567/fledge/benchmark/dash:1.0.0-capstan","command":["./dashserver.so"],"resources":{"limits":{"cpu":"500m","memory":"300M"},"requests":{"cpu":"100m","memory":"100M"}},"imagePullPolicy":"Always"},"Params":null,"BaseComponent":"Component 36","BaseResources":null,"MaxResources":null}}}],"Component 37":[{"ApiVersion":"v1/beta","Kind":"ComponentDefinition","Metadata":{"Name":"Implementation 37.2","Labels":{},"Annotations":null},"Spec":{"Workload":{"Type":"Container","Definition":{"ApiVersion":"","Kind":""}},"Schematic":{"Definition":{"name":"TestApp","image":"gitlab.ilabt.imec.be:4567/fledge/benchmark/dash:1.0.0-capstan","command":["./dashserver.so"],"resources":{"limits":{"cpu":"500m","memory":"300M"},"requests":{"cpu":"100m","memory":"100M"}},"imagePullPolicy":"Always"},"Params":null,"BaseComponent":"Component 37","BaseResources":null,"MaxResources":null}}}]}}