{"discoAPIPort":31003,"repoAPIPort":32003,"initialNodes":[{"name":"f0","ip":"127.0.0.1","distance":0,"discoAPIPort":31000,"repoAPIPort":32000},{"name":"f1","ip":"127.0.0.1","distance":0,"discoAPIPort":31001,"repoAPIPort":32001},{"name":"f2","ip":"127.0.0.1","distance":0,"discoAPIPort":31002,"repoAPIPort":32002}],"maxPing":10,"nodeID":"f3","nodeType":"servicenode","pingPeriod":3000,"testMode":true,"cheatyMinimalPing":10,"cheatyMinimalPingMap":{"e0":21.882006,"f0":11.000526,"f1":32.681515,"f10":4.5273,"f100":37.805576,"f101":34.71272,"f102":18.228376,"f103":17.375809,"f104":11.193967,"f105":3.8449724,"f106":4.866456,"f107":20.901814,"f108":18.263428,"f109":35.68062,"f11":13.172876,"f110":19.693766,"f111":20.535719,"f112":6.000058,"f113":28.585716,"f114":20.944513,"f115":6.2059293,"f116":22.324087,"f117":18.705276,"f118":26.761862,"f119":31.543516,"f12":27.671885,"f120":16.811028,"f121":36.545486,"f122":36.609627,"f123":28.1726,"f124":32.889744,"f125":4.4654584,"f126":36.374428,"f127":23.589144,"f128":25.38137,"f129":6.149173,"f13":12.648486,"f130":32.095844,"f131":8.344687,"f132":11.268756,"f133":27.0145,"f134":34.7344,"f135":29.83237,"f136":20.913677,"f137":32.57783,"f138":20.8685,"f139":4.5184116,"f14":26.068768,"f140":27.153637,"f141":28.062672,"f142":22.834524,"f143":15.46039,"f144":19.203564,"f145":6.703748,"f146":15.043942,"f147":33.426277,"f148":25.481842,"f149":12.432288,"f15":31.632017,"f16":29.329073,"f17":10.5501,"f18":19.980232,"f19":10.728662,"f2":11.562939,"f20":21.6436,"f21":9.8993225,"f22":2.7213871,"f23":27.671333,"f24":27.320618,"f25":16.33521,"f26":10.259673,"f27":37.25631,"f28":28.896355,"f29":35.518475,"f30":20.331787,"f31":13.930774,"f32":24.119993,"f33":4.3786693,"f34":17.140072,"f35":26.706293,"f36":23.19588,"f37":15.586713,"f38":8.893195,"f39":25.236668,"f4":38.404163,"f40":19.659683,"f41":26.864202,"f42":17.893995,"f43":28.75624,"f44":3.7824187,"f45":32.568714,"f46":26.754992,"f47":27.655546,"f48":27.472538,"f49":10.569655,"f5":5.194498,"f50":20.221226,"f51":29.48274,"f52":28.125381,"f53":15.555762,"f54":4.5417275,"f55":28.424768,"f56":33.00661,"f57":29.37209,"f58":31.630482,"f59":38.02423,"f6":26.23117,"f60":8.427372,"f61":2.4307172,"f62":14.802119,"f63":31.721455,"f64":9.421872,"f65":28.116116,"f66":30.835047,"f67":26.835697,"f68":12.85755,"f69":42.08905,"f7":3.4505448,"f70":28.336388,"f71":7.9791713,"f72":14.595921,"f73":24.894957,"f74":42.10059,"f75":7.0489244,"f76":7.540996,"f77":18.330786,"f78":29.082489,"f79":27.16363,"f8":13.935802,"f80":33.9648,"f81":32.781464,"f82":16.863071,"f83":42.706276,"f84":21.292553,"f85":24.331646,"f86":17.98407,"f87":16.774809,"f88":21.300282,"f89":3.4188347,"f9":2.925699,"f90":19.604963,"f91":30.489761,"f92":20.753643,"f93":30.595558,"f94":35.1734,"f95":19.116991,"f96":39.23541,"f97":29.137218,"f98":22.693085,"f99":33.40998},"BasicComponentDefs":{"Component 15":[{"ApiVersion":"v1/beta","Kind":"ComponentDefinition","Metadata":{"Name":"Implementation 15.1","Labels":{},"Annotations":null},"Spec":{"Workload":{"Type":"Container","Definition":{"ApiVersion":"","Kind":""}},"Schematic":{"Definition":{"name":"TestApp","image":"gitlab.ilabt.imec.be:4567/fledge/benchmark/dash:1.0.0-capstan","command":["./dashserver.so"],"resources":{"limits":{"cpu":"500m","memory":"300M"},"requests":{"cpu":"100m","memory":"100M"}},"imagePullPolicy":"Always"},"Params":null,"BaseComponent":"Component 15","BaseResources":null,"MaxResources":null}}}],"Component 3":[{"ApiVersion":"v1/beta","Kind":"ComponentDefinition","Metadata":{"Name":"Implementation 3.1","Labels":{},"Annotations":null},"Spec":{"Workload":{"Type":"Container","Definition":{"ApiVersion":"","Kind":""}},"Schematic":{"Definition":{"name":"TestApp","image":"gitlab.ilabt.imec.be:4567/fledge/benchmark/dash:1.0.0-capstan","command":["./dashserver.so"],"resources":{"limits":{"cpu":"500m","memory":"300M"},"requests":{"cpu":"100m","memory":"100M"}},"imagePullPolicy":"Always"},"Params":null,"BaseComponent":"Component 3","BaseResources":null,"MaxResources":null}}}],"Component 36":[{"ApiVersion":"v1/beta","Kind":"ComponentDefinition","Metadata":{"Name":"Implementation 36.2","Labels":{},"Annotations":null},"Spec":{"Workload":{"Type":"Container","Definition":{"ApiVersion":"","Kind":""}},"Schematic":{"Definition":{"name":"TestApp","image":"gitlab.ilabt.imec.be:4567/fledge/benchmark/dash:1.0.0-capstan","command":["./dashserver.so"],"resources":{"limits":{"cpu":"500m","memory":"300M"},"requests":{"cpu":"100m","memory":"100M"}},"imagePullPolicy":"Always"},"Params":null,"BaseComponent":"Component 36","BaseResources":null,"MaxResources":null}}}],"Component 5":[{"ApiVersion":"v1/beta","Kind":"ComponentDefinition","Metadata":{"Name":"Implementation 5.1","Labels":{},"Annotations":null},"Spec":{"Workload":{"Type":"Container","Definition":{"ApiVersion":"","Kind":""}},"Schematic":{"Definition":{"name":"TestApp","image":"gitlab.ilabt.imec.be:4567/fledge/benchmark/dash:1.0.0-capstan","command":["./dashserver.so"],"resources":{"limits":{"cpu":"500m","memory":"300M"},"requests":{"cpu":"100m","memory":"100M"}},"imagePullPolicy":"Always"},"Params":null,"BaseComponent":"Component 5","BaseResources":null,"MaxResources":null}}}],"Component 8":[{"ApiVersion":"v1/beta","Kind":"ComponentDefinition","Metadata":{"Name":"Implementation 8.2","Labels":{},"Annotations":null},"Spec":{"Workload":{"Type":"Container","Definition":{"ApiVersion":"","Kind":""}},"Schematic":{"Definition":{"name":"TestApp","image":"gitlab.ilabt.imec.be:4567/fledge/benchmark/dash:1.0.0-capstan","command":["./dashserver.so"],"resources":{"limits":{"cpu":"500m","memory":"300M"},"requests":{"cpu":"100m","memory":"100M"}},"imagePullPolicy":"Always"},"Params":null,"BaseComponent":"Component 8","BaseResources":null,"MaxResources":null}}}]}}