{"discoAPIPort":31004,"repoAPIPort":32004,"initialNodes":[{"name":"f0","ip":"127.0.0.1","distance":0,"discoAPIPort":31000,"repoAPIPort":32000},{"name":"f1","ip":"127.0.0.1","distance":0,"discoAPIPort":31001,"repoAPIPort":32001},{"name":"f2","ip":"127.0.0.1","distance":0,"discoAPIPort":31002,"repoAPIPort":32002},{"name":"f3","ip":"127.0.0.1","distance":0,"discoAPIPort":31003,"repoAPIPort":32003}],"maxPing":10,"nodeID":"f4","nodeType":"servicenode","pingPeriod":3000,"testMode":true,"cheatyMinimalPing":10,"cheatyMinimalPingMap":{"e0":12.87598,"f0":20.705378,"f1":47.424667,"f10":28.99905,"f100":4.900757,"f101":53.40757,"f102":35.786438,"f103":18.502758,"f104":29.606167,"f105":33.520317,"f106":29.335005,"f107":22.24895,"f108":28.724325,"f109":17.457602,"f11":17.362421,"f110":26.118721,"f111":61.687866,"f112":31.799175,"f113":17.478271,"f114":12.382944,"f115":34.44941,"f116":35.40463,"f117":59.791073,"f118":22.88237,"f119":67.93076,"f12":14.814442,"f120":32.897305,"f121":12.0876465,"f122":62.553905,"f123":12.862585,"f124":49.334717,"f125":42.23633,"f126":14.104774,"f127":49.10895,"f128":40.66152,"f129":36.181694,"f13":55.015625,"f130":14.608545,"f131":46.82718,"f132":50.489532,"f133":47.786957,"f134":10.808246,"f135":10.8580675,"f136":58.36723,"f137":49.90054,"f138":11.123044,"f139":44.1675,"f14":21.380676,"f140":44.99703,"f141":53.148518,"f142":28.566996,"f143":24.706505,"f144":48.705505,"f145":34.66361,"f146":52.904556,"f147":7.8234715,"f148":17.14629,"f149":30.880207,"f15":46.740532,"f16":59.451347,"f17":23.274012,"f18":53.92338,"f19":42.936768,"f2":24.130196,"f20":50.157993,"f21":35.24293,"f22":28.241983,"f23":35.619255,"f24":9.711766,"f25":55.06193,"f26":29.493782,"f27":14.669121,"f28":11.876508,"f29":9.504836,"f3":38.404163,"f30":19.836067,"f31":24.417538,"f32":51.418133,"f33":29.81124,"f34":23.193277,"f35":40.94661,"f36":18.681587,"f37":31.39909,"f38":30.550985,"f39":7.9097075,"f40":31.769024,"f41":67.82534,"f42":37.53865,"f43":64.37132,"f44":34.29362,"f45":40.78846,"f46":35.85129,"f47":11.874817,"f48":21.122765,"f49":33.360985,"f5":43.77358,"f50":45.726276,"f51":8.469443,"f52":47.68815,"f53":24.430899,"f54":34.422375,"f55":51.45379,"f56":17.814463,"f57":20.274117,"f58":48.64558,"f59":13.758451,"f6":12.182124,"f60":43.536335,"f61":32.88386,"f62":28.652977,"f63":47.311684,"f64":53.321495,"f65":40.599834,"f66":17.845688,"f67":34.87294,"f68":27.90163,"f69":65.587265,"f7":27.866049,"f70":66.92716,"f71":39.006653,"f72":54.635765,"f73":24.68699,"f74":6.5355487,"f75":49.37216,"f76":41.76514,"f77":26.718739,"f78":14.352286,"f79":20.88511,"f8":22.566526,"f80":60.154972,"f81":6.427759,"f82":31.556015,"f83":12.932477,"f84":54.321114,"f85":14.040546,"f86":58.11019,"f87":25.71924,"f88":48.87666,"f89":35.148636,"f9":29.11537,"f90":23.566689,"f91":55.49471,"f92":30.077835,"f93":9.586618,"f94":2.48776,"f95":51.44027,"f96":7.0627646,"f97":49.064278,"f98":24.946918,"f99":65.25229},"BasicComponentDefs":{"Component 1":[{"ApiVersion":"v1/beta","Kind":"ComponentDefinition","Metadata":{"Name":"Implementation 1.2","Labels":{},"Annotations":null},"Spec":{"Workload":{"Type":"Container","Definition":{"ApiVersion":"","Kind":""}},"Schematic":{"Definition":{"name":"TestApp","image":"gitlab.ilabt.imec.be:4567/fledge/benchmark/dash:1.0.0-capstan","command":["./dashserver.so"],"resources":{"limits":{"cpu":"500m","memory":"300M"},"requests":{"cpu":"100m","memory":"100M"}},"imagePullPolicy":"Always"},"Params":null,"BaseComponent":"Component 1","BaseResources":null,"MaxResources":null}}}],"Component 31":[{"ApiVersion":"v1/beta","Kind":"ComponentDefinition","Metadata":{"Name":"Implementation 31.1","Labels":{},"Annotations":null},"Spec":{"Workload":{"Type":"Container","Definition":{"ApiVersion":"","Kind":""}},"Schematic":{"Definition":{"name":"TestApp","image":"gitlab.ilabt.imec.be:4567/fledge/benchmark/dash:1.0.0-capstan","command":["./dashserver.so"],"resources":{"limits":{"cpu":"500m","memory":"300M"},"requests":{"cpu":"100m","memory":"100M"}},"imagePullPolicy":"Always"},"Params":null,"BaseComponent":"Component 31","BaseResources":null,"MaxResources":null}}}],"Component 34":[{"ApiVersion":"v1/beta","Kind":"ComponentDefinition","Metadata":{"Name":"Implementation 34.1","Labels":{},"Annotations":null},"Spec":{"Workload":{"Type":"Container","Definition":{"ApiVersion":"","Kind":""}},"Schematic":{"Definition":{"name":"TestApp","image":"gitlab.ilabt.imec.be:4567/fledge/benchmark/dash:1.0.0-capstan","command":["./dashserver.so"],"resources":{"limits":{"cpu":"500m","memory":"300M"},"requests":{"cpu":"100m","memory":"100M"}},"imagePullPolicy":"Always"},"Params":null,"BaseComponent":"Component 34","BaseResources":null,"MaxResources":null}}}],"Component 37":[{"ApiVersion":"v1/beta","Kind":"ComponentDefinition","Metadata":{"Name":"Implementation 37.2","Labels":{},"Annotations":null},"Spec":{"Workload":{"Type":"Container","Definition":{"ApiVersion":"","Kind":""}},"Schematic":{"Definition":{"name":"TestApp","image":"gitlab.ilabt.imec.be:4567/fledge/benchmark/dash:1.0.0-capstan","command":["./dashserver.so"],"resources":{"limits":{"cpu":"500m","memory":"300M"},"requests":{"cpu":"100m","memory":"100M"}},"imagePullPolicy":"Always"},"Params":null,"BaseComponent":"Component 37","BaseResources":null,"MaxResources":null}}}],"Component 48":[{"ApiVersion":"v1/beta","Kind":"ComponentDefinition","Metadata":{"Name":"Implementation 48.1","Labels":{},"Annotations":null},"Spec":{"Workload":{"Type":"Container","Definition":{"ApiVersion":"","Kind":""}},"Schematic":{"Definition":{"name":"TestApp","image":"gitlab.ilabt.imec.be:4567/fledge/benchmark/dash:1.0.0-capstan","command":["./dashserver.so"],"resources":{"limits":{"cpu":"500m","memory":"300M"},"requests":{"cpu":"100m","memory":"100M"}},"imagePullPolicy":"Always"},"Params":null,"BaseComponent":"Component 48","BaseResources":null,"MaxResources":null}}}]}}