{"discoAPIPort":31000,"repoAPIPort":32000,"initialNodes":[],"maxPing":20,"nodeID":"f0","nodeType":"servicenode","pingPeriod":3000,"testMode":true,"cheatyMinimalPing":10,"cheatyMinimalPingMap":{"e0":12.551765,"f1":27.192516,"f10":35.07659,"f100":37.022552,"f101":34.46507,"f102":2.0156512,"f103":39.614063,"f104":29.80536,"f105":24.8525,"f106":14.413883,"f107":15.181831,"f108":38.945965,"f109":32.922474,"f11":27.744379,"f110":32.161465,"f111":8.1574955,"f112":19.846853,"f113":26.232883,"f114":19.344223,"f115":27.298248,"f116":23.44813,"f117":18.21401,"f118":17.496618,"f119":24.007702,"f12":7.2718873,"f120":37.915638,"f121":9.781549,"f122":21.047665,"f123":31.188293,"f124":10.509531,"f125":23.934998,"f126":18.311642,"f127":15.923967,"f128":17.832182,"f129":25.09305,"f13":2.455246,"f130":12.29827,"f131":20.959131,"f132":23.90335,"f133":26.011875,"f134":14.923026,"f135":6.00896,"f136":7.2840924,"f137":12.123129,"f138":24.877861,"f139":27.108229,"f14":19.106426,"f140":17.23643,"f141":28.577297,"f142":5.6675196,"f143":38.048927,"f144":26.650318,"f145":26.372438,"f146":44.793026,"f147":38.649883,"f148":34.82669,"f149":24.836233,"f15":32.43669,"f150":38.390312,"f151":14.762009,"f152":7.3703036,"f153":34.628025,"f154":45.618298,"f155":26.782784,"f156":26.373432,"f157":8.139946,"f158":16.65805,"f159":26.192036,"f16":10.613085,"f160":24.045809,"f161":6.592732,"f162":34.043854,"f163":18.732826,"f164":28.5402,"f165":20.73461,"f166":29.611359,"f167":8.876112,"f168":36.268345,"f169":26.005548,"f17":23.065025,"f170":23.74536,"f171":34.90158,"f172":4.3028903,"f173":27.992012,"f174":5.3865504,"f175":16.781353,"f176":37.44538,"f177":6.028213,"f178":4.495649,"f179":26.451164,"f18":6.049373,"f180":22.32771,"f181":44.737843,"f182":15.352192,"f183":27.659199,"f184":34.479515,"f185":22.93217,"f186":15.759878,"f187":15.50276,"f188":14.308742,"f189":42.99056,"f19":13.327939,"f190":23.815094,"f191":23.24662,"f192":12.52311,"f193":23.972355,"f194":13.3480835,"f195":35.089493,"f196":29.213886,"f197":37.099075,"f198":31.257662,"f199":37.47459,"f2":2.9537492,"f20":28.563894,"f21":38.22971,"f22":31.243408,"f23":22.39964,"f24":9.582671,"f25":38.453766,"f26":26.13368,"f27":21.261526,"f28":19.560055,"f29":28.585987,"f3":15.662443,"f30":21.015127,"f31":36.484974,"f32":32.235256,"f33":15.740324,"f34":7.266366,"f35":35.038567,"f36":38.880203,"f37":33.778816,"f38":16.075842,"f39":10.008947,"f4":24.704365,"f40":24.445005,"f41":4.6297436,"f42":2.7167118,"f43":34.69487,"f44":36.234787,"f45":26.969978,"f46":18.586843,"f47":9.768445,"f48":7.897883,"f49":29.643332,"f5":1.6044285,"f50":19.843798,"f51":15.154235,"f52":24.229168,"f53":35.131763,"f54":14.49386,"f55":32.796787,"f56":27.008368,"f57":14.951843,"f58":21.663046,"f59":32.001373,"f6":15.36083,"f60":21.336302,"f61":5.7303843,"f62":20.441174,"f63":24.521252,"f64":12.898411,"f65":15.573697,"f66":27.914661,"f67":29.643303,"f68":9.123457,"f69":30.889975,"f7":22.659176,"f70":13.299755,"f71":6.417216,"f72":33.5851,"f73":32.957058,"f74":43.942757,"f75":16.706758,"f76":17.064177,"f77":7.021284,"f78":16.191835,"f79":18.785582,"f8":39.99019,"f80":11.272948,"f81":22.104427,"f82":24.51776,"f83":4.167675,"f84":45.292137,"f85":36.00839,"f86":18.409832,"f87":20.844543,"f88":17.93481,"f89":31.28337,"f9":18.14224,"f90":32.55661,"f91":9.615078,"f92":19.333496,"f93":35.258602,"f94":29.017778,"f95":34.429977,"f96":20.757063,"f97":24.556442,"f98":11.6963415,"f99":23.88642},"BasicComponentDefs":{"Component 26":[{"ApiVersion":"v1/beta","Kind":"ComponentDefinition","Metadata":{"Name":"Implementation 26.1","Labels":{},"Annotations":null},"Spec":{"Workload":{"Type":"Container","Definition":{"ApiVersion":"","Kind":""}},"Schematic":{"Definition":{"name":"TestApp","image":"gitlab.ilabt.imec.be:4567/fledge/benchmark/dash:1.0.0-capstan","command":["./dashserver.so"],"resources":{"limits":{"cpu":"500m","memory":"300M"},"requests":{"cpu":"100m","memory":"100M"}},"imagePullPolicy":"Always"},"Params":null,"BaseComponent":"Component 26","BaseResources":null,"MaxResources":null}}}],"Component 44":[{"ApiVersion":"v1/beta","Kind":"ComponentDefinition","Metadata":{"Name":"Implementation 44.1","Labels":{},"Annotations":null},"Spec":{"Workload":{"Type":"Container","Definition":{"ApiVersion":"","Kind":""}},"Schematic":{"Definition":{"name":"TestApp","image":"gitlab.ilabt.imec.be:4567/fledge/benchmark/dash:1.0.0-capstan","command":["./dashserver.so"],"resources":{"limits":{"cpu":"500m","memory":"300M"},"requests":{"cpu":"100m","memory":"100M"}},"imagePullPolicy":"Always"},"Params":null,"BaseComponent":"Component 44","BaseResources":null,"MaxResources":null}}},{"ApiVersion":"v1/beta","Kind":"ComponentDefinition","Metadata":{"Name":"Implementation 44.1","Labels":{},"Annotations":null},"Spec":{"Workload":{"Type":"Container","Definition":{"ApiVersion":"","Kind":""}},"Schematic":{"Definition":{"name":"TestApp","image":"gitlab.ilabt.imec.be:4567/fledge/benchmark/dash:1.0.0-capstan","command":["./dashserver.so"],"resources":{"limits":{"cpu":"500m","memory":"300M"},"requests":{"cpu":"100m","memory":"100M"}},"imagePullPolicy":"Always"},"Params":null,"BaseComponent":"Component 44","BaseResources":null,"MaxResources":null}}}],"Component 45":[{"ApiVersion":"v1/beta","Kind":"ComponentDefinition","Metadata":{"Name":"Implementation 45.1","Labels":{},"Annotations":null},"Spec":{"Workload":{"Type":"Container","Definition":{"ApiVersion":"","Kind":""}},"Schematic":{"Definition":{"name":"TestApp","image":"gitlab.ilabt.imec.be:4567/fledge/benchmark/dash:1.0.0-capstan","command":["./dashserver.so"],"resources":{"limits":{"cpu":"500m","memory":"300M"},"requests":{"cpu":"100m","memory":"100M"}},"imagePullPolicy":"Always"},"Params":null,"BaseComponent":"Component 45","BaseResources":null,"MaxResources":null}}}],"Component 9":[{"ApiVersion":"v1/beta","Kind":"ComponentDefinition","Metadata":{"Name":"Implementation 9.1","Labels":{},"Annotations":null},"Spec":{"Workload":{"Type":"Container","Definition":{"ApiVersion":"","Kind":""}},"Schematic":{"Definition":{"name":"TestApp","image":"gitlab.ilabt.imec.be:4567/fledge/benchmark/dash:1.0.0-capstan","command":["./dashserver.so"],"resources":{"limits":{"cpu":"500m","memory":"300M"},"requests":{"cpu":"100m","memory":"100M"}},"imagePullPolicy":"Always"},"Params":null,"BaseComponent":"Component 9","BaseResources":null,"MaxResources":null}}}]}}