{"discoAPIPort":31001,"repoAPIPort":32001,"initialNodes":[{"name":"f0","ip":"127.0.0.1","distance":0,"discoAPIPort":31000,"repoAPIPort":32000}],"maxPing":20,"nodeID":"f1","nodeType":"servicenode","pingPeriod":3000,"testMode":true,"cheatyMinimalPing":10,"cheatyMinimalPingMap":{"e0":12.362526,"f0":27.192516,"f10":14.390654,"f100":13.348316,"f101":36.733425,"f102":26.763554,"f103":15.518089,"f104":21.447044,"f105":25.885418,"f106":20.589857,"f107":26.539623,"f108":9.335853,"f109":11.925009,"f11":8.012131,"f110":13.171133,"f111":20.413208,"f112":6.18268,"f113":18.097542,"f114":19.936169,"f115":41.737503,"f116":40.448616,"f117":6.1872187,"f118":39.208908,"f119":3.7324953,"f12":27.897184,"f120":30.963335,"f121":21.26901,"f122":25.080132,"f123":13.260296,"f124":13.859737,"f125":39.10138,"f126":38.058716,"f127":14.931109,"f128":6.933043,"f129":8.42578,"f13":26.241884,"f130":22.74561,"f131":45.51804,"f132":39.485962,"f133":23.736755,"f134":13.285752,"f135":22.682476,"f136":28.543869,"f137":26.409237,"f138":28.445967,"f139":6.7794743,"f14":8.976864,"f140":16.303974,"f141":6.4012747,"f142":25.408903,"f143":19.936098,"f144":11.633712,"f145":4.3694777,"f146":11.314833,"f147":14.65322,"f148":13.242071,"f149":15.633265,"f15":34.70977,"f150":17.490004,"f151":37.014137,"f152":26.542633,"f153":19.734715,"f154":17.60224,"f155":6.119767,"f156":20.644005,"f157":27.323923,"f158":16.273943,"f159":5.2204876,"f16":26.054724,"f160":18.624348,"f161":26.990082,"f162":18.733545,"f163":18.987617,"f164":11.652795,"f165":37.500027,"f166":6.300189,"f167":31.576546,"f168":17.429356,"f169":32.23107,"f17":6.1870093,"f170":14.898963,"f171":27.239182,"f172":30.976896,"f173":5.2227545,"f174":23.743479,"f175":27.512909,"f176":7.048985,"f177":36.68329,"f178":26.534159,"f179":31.914639,"f18":27.78978,"f180":26.707167,"f181":19.234827,"f182":38.452084,"f183":2.8982923,"f184":28.121567,"f185":17.872858,"f186":24.311054,"f187":24.566502,"f188":15.416737,"f189":16.688732,"f19":36.725243,"f190":21.056185,"f191":37.98807,"f192":29.445208,"f193":24.42708,"f194":11.68627,"f195":30.834991,"f196":25.532112,"f197":23.307304,"f198":6.919082,"f199":17.677395,"f2":27.047375,"f20":7.9345,"f21":14.707787,"f22":9.302572,"f23":9.400386,"f24":25.462614,"f25":11.118881,"f26":30.00996,"f27":17.416927,"f28":10.203855,"f29":30.629704,"f3":10.869506,"f30":22.226881,"f31":9.503471,"f32":33.072407,"f33":26.69537,"f34":18.84992,"f35":31.6871,"f36":17.07988,"f37":12.768649,"f38":19.431364,"f39":31.809961,"f4":3.6118336,"f40":21.32172,"f41":26.279957,"f42":24.863695,"f43":10.411237,"f44":34.527714,"f45":8.956801,"f46":11.568077,"f47":26.015734,"f48":24.7301,"f49":1.6438407,"f5":23.829397,"f50":6.8679304,"f51":14.613643,"f52":16.721918,"f53":18.921862,"f54":23.554388,"f55":12.94965,"f56":12.259483,"f57":9.13079,"f58":12.062316,"f59":29.904428,"f6":17.056297,"f60":44.31853,"f61":22.74682,"f62":17.66109,"f63":23.093386,"f64":30.785976,"f65":33.3339,"f66":6.7338386,"f67":13.415381,"f68":24.379799,"f69":9.973117,"f7":29.63702,"f70":23.746218,"f71":24.27187,"f72":7.2018065,"f73":18.64873,"f74":24.864445,"f75":24.249111,"f76":13.657281,"f77":18.965311,"f78":36.132393,"f79":21.585316,"f8":19.073162,"f80":25.969679,"f81":37.951385,"f82":28.438158,"f83":25.993422,"f84":16.658924,"f85":13.272156,"f86":51.662594,"f87":4.258164,"f88":18.464712,"f89":9.841062,"f9":33.904984,"f90":13.376214,"f91":36.431824,"f92":14.480999,"f93":18.808767,"f94":11.936901,"f95":25.442327,"f96":37.250195,"f97":20.291273,"f98":29.794424,"f99":38.673767},"BasicComponentDefs":{"Component 19":[{"ApiVersion":"v1/beta","Kind":"ComponentDefinition","Metadata":{"Name":"Implementation 19.1","Labels":{},"Annotations":null},"Spec":{"Workload":{"Type":"Container","Definition":{"ApiVersion":"","Kind":""}},"Schematic":{"Definition":{"name":"TestApp","image":"gitlab.ilabt.imec.be:4567/fledge/benchmark/dash:1.0.0-capstan","command":["./dashserver.so"],"resources":{"limits":{"cpu":"500m","memory":"300M"},"requests":{"cpu":"100m","memory":"100M"}},"imagePullPolicy":"Always"},"Params":null,"BaseComponent":"Component 19","BaseResources":null,"MaxResources":null}}}],"Component 35":[{"ApiVersion":"v1/beta","Kind":"ComponentDefinition","Metadata":{"Name":"Implementation 35.1","Labels":{},"Annotations":null},"Spec":{"Workload":{"Type":"Container","Definition":{"ApiVersion":"","Kind":""}},"Schematic":{"Definition":{"name":"TestApp","image":"gitlab.ilabt.imec.be:4567/fledge/benchmark/dash:1.0.0-capstan","command":["./dashserver.so"],"resources":{"limits":{"cpu":"500m","memory":"300M"},"requests":{"cpu":"100m","memory":"100M"}},"imagePullPolicy":"Always"},"Params":null,"BaseComponent":"Component 35","BaseResources":null,"MaxResources":null}}}],"Component 42":[{"ApiVersion":"v1/beta","Kind":"ComponentDefinition","Metadata":{"Name":"Implementation 42.1","Labels":{},"Annotations":null},"Spec":{"Workload":{"Type":"Container","Definition":{"ApiVersion":"","Kind":""}},"Schematic":{"Definition":{"name":"TestApp","image":"gitlab.ilabt.imec.be:4567/fledge/benchmark/dash:1.0.0-capstan","command":["./dashserver.so"],"resources":{"limits":{"cpu":"500m","memory":"300M"},"requests":{"cpu":"100m","memory":"100M"}},"imagePullPolicy":"Always"},"Params":null,"BaseComponent":"Component 42","BaseResources":null,"MaxResources":null}}}],"Component 6":[{"ApiVersion":"v1/beta","Kind":"ComponentDefinition","Metadata":{"Name":"Implementation 6.2","Labels":{},"Annotations":null},"Spec":{"Workload":{"Type":"Container","Definition":{"ApiVersion":"","Kind":""}},"Schematic":{"Definition":{"name":"TestApp","image":"gitlab.ilabt.imec.be:4567/fledge/benchmark/dash:1.0.0-capstan","command":["./dashserver.so"],"resources":{"limits":{"cpu":"500m","memory":"300M"},"requests":{"cpu":"100m","memory":"100M"}},"imagePullPolicy":"Always"},"Params":null,"BaseComponent":"Component 6","BaseResources":null,"MaxResources":null}}}],"Component 9":[{"ApiVersion":"v1/beta","Kind":"ComponentDefinition","Metadata":{"Name":"Implementation 9.2","Labels":{},"Annotations":null},"Spec":{"Workload":{"Type":"Container","Definition":{"ApiVersion":"","Kind":""}},"Schematic":{"Definition":{"name":"TestApp","image":"gitlab.ilabt.imec.be:4567/fledge/benchmark/dash:1.0.0-capstan","command":["./dashserver.so"],"resources":{"limits":{"cpu":"500m","memory":"300M"},"requests":{"cpu":"100m","memory":"100M"}},"imagePullPolicy":"Always"},"Params":null,"BaseComponent":"Component 9","BaseResources":null,"MaxResources":null}}}]}}