{"discoAPIPort":31002,"repoAPIPort":32002,"initialNodes":[{"name":"f0","ip":"127.0.0.1","distance":0,"discoAPIPort":31000,"repoAPIPort":32000},{"name":"f1","ip":"127.0.0.1","distance":0,"discoAPIPort":31001,"repoAPIPort":32001}],"maxPing":20,"nodeID":"f2","nodeType":"servicenode","pingPeriod":3000,"testMode":true,"cheatyMinimalPing":10,"cheatyMinimalPingMap":{"e0":8.788619,"f0":2.9537492,"f1":27.047375,"f10":33.333782,"f100":37.74193,"f101":25.769524,"f102":3.600938,"f103":37.203346,"f104":27.600317,"f105":23.64502,"f106":10.337317,"f107":16.086035,"f108":28.042336,"f109":29.55605,"f11":26.46127,"f110":39.31841,"f111":6.3109603,"f112":17.157333,"f113":28.04486,"f114":24.36317,"f115":20.062662,"f116":24.21825,"f117":20.396252,"f118":22.555542,"f119":23.325178,"f12":11.962917,"f120":26.454681,"f121":14.998912,"f122":21.975304,"f123":37.781784,"f124":7.0147285,"f125":18.136992,"f126":24.487463,"f127":11.021148,"f128":17.534689,"f129":20.416965,"f13":3.4608755,"f130":15.09294,"f131":20.50581,"f132":29.563557,"f133":21.11308,"f134":16.892942,"f135":5.5989394,"f136":8.8726,"f137":12.721797,"f138":24.471132,"f139":30.38026,"f14":17.856382,"f140":15.662432,"f141":17.35902,"f142":9.539469,"f143":34.034115,"f144":24.361357,"f145":22.31501,"f146":34.260788,"f147":34.61423,"f148":43.095783,"f149":24.0636,"f15":27.417358,"f150":32.662983,"f151":18.722446,"f152":8.614101,"f153":33.161064,"f154":44.771805,"f155":29.546597,"f156":25.519648,"f157":8.335844,"f158":12.78208,"f159":33.35664,"f16":12.419024,"f160":25.089401,"f161":9.88662,"f162":41.88062,"f163":19.748798,"f164":35.796753,"f165":20.94082,"f166":32.269115,"f167":9.468072,"f168":31.909115,"f169":29.566122,"f17":24.926376,"f170":25.502098,"f171":25.58776,"f172":3.9026537,"f173":22.376017,"f174":2.877739,"f175":16.302723,"f176":32.835052,"f177":7.754903,"f178":5.13622,"f179":21.912767,"f18":7.5270576,"f180":20.147444,"f181":42.83467,"f182":21.26037,"f183":22.423567,"f184":34.025963,"f185":25.655655,"f186":13.409956,"f187":12.715608,"f188":9.928957,"f189":36.558743,"f19":14.237073,"f190":17.352846,"f191":20.233192,"f192":14.809234,"f193":21.261574,"f194":13.561394,"f195":30.537012,"f196":25.789135,"f197":30.658663,"f198":25.007463,"f199":31.018822,"f20":23.861046,"f21":28.752068,"f22":21.435553,"f23":23.092575,"f24":5.591465,"f25":30.80007,"f26":23.773869,"f27":21.008148,"f28":17.058514,"f29":20.21657,"f3":17.740644,"f30":15.947046,"f31":27.258009,"f32":28.768896,"f33":13.034696,"f34":6.1338367,"f35":27.098265,"f36":36.203876,"f37":41.845886,"f38":12.744653,"f39":9.651711,"f4":22.405794,"f40":23.848707,"f41":7.296365,"f42":7.145466,"f43":27.552906,"f44":35.470543,"f45":23.818048,"f46":17.198414,"f47":8.043037,"f48":7.6062374,"f49":21.728802,"f5":1.6065055,"f50":16.457775,"f51":11.395177,"f52":22.391514,"f53":32.745686,"f54":11.641596,"f55":30.627853,"f56":33.59448,"f57":13.766359,"f58":20.350061,"f59":28.327744,"f6":11.3007,"f60":23.828772,"f61":3.4979954,"f62":17.269768,"f63":17.741789,"f64":13.241822,"f65":16.260954,"f66":29.162659,"f67":21.820568,"f68":7.6041307,"f69":27.75911,"f7":19.131187,"f70":13.795851,"f71":3.566508,"f72":23.304085,"f73":35.46602,"f74":37.213882,"f75":11.8226385,"f76":13.587476,"f77":5.236767,"f78":17.631687,"f79":13.173517,"f8":40.06073,"f80":8.0470085,"f81":19.751133,"f82":20.632408,"f83":3.6428483,"f84":41.565285,"f85":33.012405,"f86":23.122316,"f87":23.286732,"f88":14.757339,"f89":25.987139,"f9":14.717029,"f90":25.114609,"f91":13.809889,"f92":15.780017,"f93":38.477646,"f94":32.66245,"f95":27.287699,"f96":19.223778,"f97":23.686092,"f98":8.474808,"f99":19.074448},"BasicComponentDefs":{"Component 1":[{"ApiVersion":"v1/beta","Kind":"ComponentDefinition","Metadata":{"Name":"Implementation 1.2","Labels":{},"Annotations":null},"Spec":{"Workload":{"Type":"Container","Definition":{"ApiVersion":"","Kind":""}},"Schematic":{"Definition":{"name":"TestApp","image":"gitlab.ilabt.imec.be:4567/fledge/benchmark/dash:1.0.0-capstan","command":["./dashserver.so"],"resources":{"limits":{"cpu":"500m","memory":"300M"},"requests":{"cpu":"100m","memory":"100M"}},"imagePullPolicy":"Always"},"Params":null,"BaseComponent":"Component 1","BaseResources":null,"MaxResources":null}}}],"Component 34":[{"ApiVersion":"v1/beta","Kind":"ComponentDefinition","Metadata":{"Name":"Implementation 34.1","Labels":{},"Annotations":null},"Spec":{"Workload":{"Type":"Container","Definition":{"ApiVersion":"","Kind":""}},"Schematic":{"Definition":{"name":"TestApp","image":"gitlab.ilabt.imec.be:4567/fledge/benchmark/dash:1.0.0-capstan","command":["./dashserver.so"],"resources":{"limits":{"cpu":"500m","memory":"300M"},"requests":{"cpu":"100m","memory":"100M"}},"imagePullPolicy":"Always"},"Params":null,"BaseComponent":"Component 34","BaseResources":null,"MaxResources":null}}}],"Component 39":[{"ApiVersion":"v1/beta","Kind":"ComponentDefinition","Metadata":{"Name":"Implementation 39.2","Labels":{},"Annotations":null},"Spec":{"Workload":{"Type":"Container","Definition":{"ApiVersion":"","Kind":""}},"Schematic":{"Definition":{"name":"TestApp","image":"gitlab.ilabt.imec.be:4567/fledge/benchmark/dash:1.0.0-capstan","command":["./dashserver.so"],"resources":{"limits":{"cpu":"500m","memory":"300M"},"requests":{"cpu":"100m","memory":"100M"}},"imagePullPolicy":"Always"},"Params":null,"BaseComponent":"Component 39","BaseResources":null,"MaxResources":null}}}],"Component 41":[{"ApiVersion":"v1/beta","Kind":"ComponentDefinition","Metadata":{"Name":"Implementation 41.1","Labels":{},"Annotations":null},"Spec":{"Workload":{"Type":"Container","Definition":{"ApiVersion":"","Kind":""}},"Schematic":{"Definition":{"name":"TestApp","image":"gitlab.ilabt.imec.be:4567/fledge/benchmark/dash:1.0.0-capstan","command":["./dashserver.so"],"resources":{"limits":{"cpu":"500m","memory":"300M"},"requests":{"cpu":"100m","memory":"100M"}},"imagePullPolicy":"Always"},"Params":null,"BaseComponent":"Component 41","BaseResources":null,"MaxResources":null}}}],"Component 46":[{"ApiVersion":"v1/beta","Kind":"ComponentDefinition","Metadata":{"Name":"Implementation 46.1","Labels":{},"Annotations":null},"Spec":{"Workload":{"Type":"Container","Definition":{"ApiVersion":"","Kind":""}},"Schematic":{"Definition":{"name":"TestApp","image":"gitlab.ilabt.imec.be:4567/fledge/benchmark/dash:1.0.0-capstan","command":["./dashserver.so"],"resources":{"limits":{"cpu":"500m","memory":"300M"},"requests":{"cpu":"100m","memory":"100M"}},"imagePullPolicy":"Always"},"Params":null,"BaseComponent":"Component 46","BaseResources":null,"MaxResources":null}}}]}}