{"discoAPIPort":31003,"repoAPIPort":32003,"initialNodes":[{"name":"f0","ip":"127.0.0.1","distance":0,"discoAPIPort":31000,"repoAPIPort":32000},{"name":"f1","ip":"127.0.0.1","distance":0,"discoAPIPort":31001,"repoAPIPort":32001},{"name":"f2","ip":"127.0.0.1","distance":0,"discoAPIPort":31002,"repoAPIPort":32002}],"maxPing":20,"nodeID":"f3","nodeType":"servicenode","pingPeriod":3000,"testMode":true,"cheatyMinimalPing":10,"cheatyMinimalPingMap":{"e0":6.253804,"f0":15.662443,"f1":10.869506,"f10":13.345114,"f100":24.371124,"f101":19.740883,"f102":22.528017,"f103":31.46422,"f104":26.463806,"f105":10.680949,"f106":10.94952,"f107":19.151497,"f108":17.232195,"f109":18.721943,"f11":17.89245,"f110":16.894497,"f111":13.59454,"f112":6.117972,"f113":25.068027,"f114":30.646051,"f115":28.95222,"f116":20.89912,"f117":9.035088,"f118":25.08476,"f119":18.086458,"f12":22.287886,"f120":34.020832,"f121":19.399141,"f122":27.632984,"f123":15.4318495,"f124":8.622225,"f125":24.837454,"f126":30.371265,"f127":2.4617884,"f128":6.494314,"f129":3.2219124,"f13":15.568171,"f130":23.072472,"f131":34.292046,"f132":26.563133,"f133":20.015121,"f134":14.258292,"f135":12.706575,"f136":17.688238,"f137":17.996006,"f138":15.261827,"f139":17.270279,"f14":4.089207,"f140":18.940544,"f141":6.3904767,"f142":19.16187,"f143":23.9617,"f144":20.741253,"f145":13.188311,"f146":20.064863,"f147":20.966293,"f148":29.927069,"f149":10.567843,"f15":23.238499,"f150":29.064745,"f151":25.8612,"f152":27.288776,"f153":33.377567,"f154":37.324383,"f155":14.955066,"f156":24.127104,"f157":22.569468,"f158":4.4890947,"f159":16.362968,"f16":19.220098,"f160":21.723852,"f161":20.777712,"f162":27.242737,"f163":6.0938606,"f164":21.015715,"f165":26.825674,"f166":16.536726,"f167":23.245962,"f168":24.18742,"f169":31.252373,"f17":8.095713,"f170":25.232555,"f171":28.373228,"f172":16.564655,"f173":14.944886,"f174":13.05337,"f175":26.649107,"f176":16.219795,"f177":19.810728,"f178":22.192888,"f179":19.87913,"f18":25.508913,"f180":19.66242,"f181":27.444408,"f182":25.165268,"f183":12.161758,"f184":40.44522,"f185":7.539629,"f186":25.498388,"f187":17.881266,"f188":9.549817,"f189":21.521242,"f19":32.169582,"f190":9.1076565,"f191":37.639114,"f192":19.537218,"f193":10.998822,"f194":7.819982,"f195":25.717197,"f196":32.493233,"f197":27.563992,"f198":17.478,"f199":31.307312,"f2":17.740644,"f20":5.6897717,"f21":30.640686,"f22":17.651358,"f23":9.700874,"f24":10.044923,"f25":26.794842,"f26":21.291124,"f27":22.049345,"f28":2.4549296,"f29":31.16447,"f30":26.09205,"f31":14.043096,"f32":25.002626,"f33":14.09786,"f34":14.956845,"f35":27.876446,"f36":33.33866,"f37":28.012094,"f38":13.034014,"f39":18.933035,"f4":15.957651,"f40":31.952076,"f41":19.959438,"f42":22.074146,"f43":11.055568,"f44":21.240416,"f45":8.066,"f46":2.251819,"f47":21.100124,"f48":20.985252,"f49":11.529914,"f5":15.883987,"f50":7.8818517,"f51":6.59376,"f52":22.511671,"f53":27.650257,"f54":28.762508,"f55":10.565314,"f56":26.730778,"f57":5.8521357,"f58":2.7412262,"f59":25.157146,"f6":8.335852,"f60":23.26021,"f61":16.686852,"f62":9.8478775,"f63":28.125303,"f64":17.763718,"f65":17.808657,"f66":13.798202,"f67":8.586041,"f68":15.78894,"f69":23.33558,"f7":15.209631,"f70":25.467964,"f71":15.38973,"f72":12.217163,"f73":35.647457,"f74":34.852425,"f75":14.340604,"f76":13.302036,"f77":9.316827,"f78":32.793804,"f79":15.13117,"f8":31.100756,"f80":11.798337,"f81":35.446842,"f82":17.00936,"f83":18.209839,"f84":25.889343,"f85":11.708665,"f86":35.107616,"f87":12.172823,"f88":22.828625,"f89":21.322956,"f9":23.34833,"f90":22.349043,"f91":25.958532,"f92":14.801342,"f93":34.101112,"f94":25.695747,"f95":36.88404,"f96":25.051422,"f97":10.37494,"f98":20.219704,"f99":29.797386},"BasicComponentDefs":{"Component 15":[{"ApiVersion":"v1/beta","Kind":"ComponentDefinition","Metadata":{"Name":"Implementation 15.1","Labels":{},"Annotations":null},"Spec":{"Workload":{"Type":"Container","Definition":{"ApiVersion":"","Kind":""}},"Schematic":{"Definition":{"name":"TestApp","image":"gitlab.ilabt.imec.be:4567/fledge/benchmark/dash:1.0.0-capstan","command":["./dashserver.so"],"resources":{"limits":{"cpu":"500m","memory":"300M"},"requests":{"cpu":"100m","memory":"100M"}},"imagePullPolicy":"Always"},"Params":null,"BaseComponent":"Component 15","BaseResources":null,"MaxResources":null}}}],"Component 30":[{"ApiVersion":"v1/beta","Kind":"ComponentDefinition","Metadata":{"Name":"Implementation 30.2","Labels":{},"Annotations":null},"Spec":{"Workload":{"Type":"Container","Definition":{"ApiVersion":"","Kind":""}},"Schematic":{"Definition":{"name":"TestApp","image":"gitlab.ilabt.imec.be:4567/fledge/benchmark/dash:1.0.0-capstan","command":["./dashserver.so"],"resources":{"limits":{"cpu":"500m","memory":"300M"},"requests":{"cpu":"100m","memory":"100M"}},"imagePullPolicy":"Always"},"Params":null,"BaseComponent":"Component 30","BaseResources":null,"MaxResources":null}}}],"Component 34":[{"ApiVersion":"v1/beta","Kind":"ComponentDefinition","Metadata":{"Name":"Implementation 34.1","Labels":{},"Annotations":null},"Spec":{"Workload":{"Type":"Container","Definition":{"ApiVersion":"","Kind":""}},"Schematic":{"Definition":{"name":"TestApp","image":"gitlab.ilabt.imec.be:4567/fledge/benchmark/dash:1.0.0-capstan","command":["./dashserver.so"],"resources":{"limits":{"cpu":"500m","memory":"300M"},"requests":{"cpu":"100m","memory":"100M"}},"imagePullPolicy":"Always"},"Params":null,"BaseComponent":"Component 34","BaseResources":null,"MaxResources":null}}}],"Component 6":[{"ApiVersion":"v1/beta","Kind":"ComponentDefinition","Metadata":{"Name":"Implementation 6.1","Labels":{},"Annotations":null},"Spec":{"Workload":{"Type":"Container","Definition":{"ApiVersion":"","Kind":""}},"Schematic":{"Definition":{"name":"TestApp","image":"gitlab.ilabt.imec.be:4567/fledge/benchmark/dash:1.0.0-capstan","command":["./dashserver.so"],"resources":{"limits":{"cpu":"500m","memory":"300M"},"requests":{"cpu":"100m","memory":"100M"}},"imagePullPolicy":"Always"},"Params":null,"BaseComponent":"Component 6","BaseResources":null,"MaxResources":null}}}],"Component 7":[{"ApiVersion":"v1/beta","Kind":"ComponentDefinition","Metadata":{"Name":"Implementation 7.2","Labels":{},"Annotations":null},"Spec":{"Workload":{"Type":"Container","Definition":{"ApiVersion":"","Kind":""}},"Schematic":{"Definition":{"name":"TestApp","image":"gitlab.ilabt.imec.be:4567/fledge/benchmark/dash:1.0.0-capstan","command":["./dashserver.so"],"resources":{"limits":{"cpu":"500m","memory":"300M"},"requests":{"cpu":"100m","memory":"100M"}},"imagePullPolicy":"Always"},"Params":null,"BaseComponent":"Component 7","BaseResources":null,"MaxResources":null}}}]}}