{"discoAPIPort":31004,"repoAPIPort":32004,"initialNodes":[{"name":"f0","ip":"127.0.0.1","distance":0,"discoAPIPort":31000,"repoAPIPort":32000},{"name":"f1","ip":"127.0.0.1","distance":0,"discoAPIPort":31001,"repoAPIPort":32001},{"name":"f2","ip":"127.0.0.1","distance":0,"discoAPIPort":31002,"repoAPIPort":32002},{"name":"f3","ip":"127.0.0.1","distance":0,"discoAPIPort":31003,"repoAPIPort":32003}],"maxPing":20,"nodeID":"f4","nodeType":"servicenode","pingPeriod":3000,"testMode":true,"cheatyMinimalPing":10,"cheatyMinimalPingMap":{"e0":15.355172,"f0":24.704365,"f1":3.6118336,"f10":20.517483,"f100":13.5069685,"f101":29.643446,"f102":22.239508,"f103":11.360297,"f104":18.359545,"f105":27.85299,"f106":23.231857,"f107":38.744717,"f108":6.4084864,"f109":11.169801,"f11":5.8494797,"f110":10.922729,"f111":17.571299,"f112":6.6159835,"f113":12.966958,"f114":22.033203,"f115":33.701862,"f116":38.731804,"f117":5.2574086,"f118":31.878794,"f119":4.465101,"f12":27.450544,"f120":21.380575,"f121":20.3753,"f122":24.365475,"f123":16.613451,"f124":16.619822,"f125":35.26153,"f126":48.6662,"f127":14.974999,"f128":6.952716,"f129":12.651997,"f13":27.659643,"f130":21.126177,"f131":44.756878,"f132":32.390186,"f133":24.966772,"f134":9.811586,"f135":18.584728,"f136":34.318413,"f137":37.25212,"f138":32.161808,"f139":5.110441,"f14":9.576389,"f140":16.959555,"f141":11.568296,"f142":24.286142,"f143":13.334488,"f144":10.103397,"f145":2.507228,"f146":12.549352,"f147":11.024556,"f148":16.367931,"f149":19.182438,"f15":44.664547,"f150":12.743893,"f151":44.21105,"f152":30.151949,"f153":15.1808405,"f154":17.381163,"f155":7.7507825,"f156":19.14144,"f157":21.161352,"f158":17.219528,"f159":7.225135,"f16":25.962608,"f160":11.996669,"f161":34.773815,"f162":16.775358,"f163":18.69333,"f164":8.922248,"f165":51.214733,"f166":5.6893463,"f167":38.046173,"f168":17.277834,"f169":42.593517,"f17":9.659277,"f170":13.375979,"f171":19.2123,"f172":21.680521,"f173":3.217927,"f174":19.791815,"f175":25.677666,"f176":7.7917576,"f177":30.319345,"f178":23.84947,"f179":27.22947,"f18":25.67891,"f180":37.84584,"f181":18.128592,"f182":35.030727,"f183":2.337248,"f184":22.390242,"f185":19.790485,"f186":18.800898,"f187":32.088535,"f188":20.946907,"f189":16.581324,"f19":33.935394,"f190":27.08795,"f191":45.697315,"f192":31.63077,"f193":24.773363,"f194":12.239181,"f195":40.036663,"f196":20.179083,"f197":23.092285,"f198":5.092965,"f199":13.633514,"f2":22.405794,"f20":10.7334795,"f21":11.615491,"f22":5.244049,"f23":10.02924,"f24":19.808699,"f25":12.806906,"f26":36.440224,"f27":17.737146,"f28":14.675572,"f29":24.482271,"f3":15.957651,"f30":14.376017,"f31":12.692437,"f32":40.289143,"f33":24.880112,"f34":15.434705,"f35":34.710674,"f36":19.56329,"f37":13.336288,"f38":25.573065,"f39":29.164703,"f40":14.65647,"f41":33.68449,"f42":24.45503,"f43":13.773415,"f44":29.559357,"f45":13.915699,"f46":10.247311,"f47":32.35575,"f48":22.18159,"f49":1.6510255,"f5":23.476305,"f50":7.451029,"f51":17.5095,"f52":11.787926,"f53":18.35814,"f54":22.011057,"f55":17.078352,"f56":8.424328,"f57":9.796295,"f58":14.00719,"f59":39.15831,"f6":25.367928,"f60":43.83837,"f61":25.045,"f62":28.106386,"f63":13.930658,"f64":27.569155,"f65":31.923153,"f66":7.9979763,"f67":21.52788,"f68":30.475348,"f69":9.521445,"f7":29.730978,"f70":24.026058,"f71":27.28049,"f72":11.231413,"f73":16.310398,"f74":20.64835,"f75":27.001158,"f76":12.053448,"f77":15.387568,"f78":40.616283,"f79":30.918678,"f8":17.43856,"f80":23.833544,"f81":47.617554,"f82":25.559237,"f83":25.2432,"f84":14.495159,"f85":12.559166,"f86":51.576565,"f87":2.1561546,"f88":17.402657,"f89":7.464895,"f9":39.91913,"f90":13.827058,"f91":38.38521,"f92":11.30902,"f93":20.679127,"f94":7.34387,"f95":15.970106,"f96":37.896873,"f97":24.875011,"f98":33.714596,"f99":43.707485},"BasicComponentDefs":{"Component 12":[{"ApiVersion":"v1/beta","Kind":"ComponentDefinition","Metadata":{"Name":"Implementation 12.1","Labels":{},"Annotations":null},"Spec":{"Workload":{"Type":"Container","Definition":{"ApiVersion":"","Kind":""}},"Schematic":{"Definition":{"name":"TestApp","image":"gitlab.ilabt.imec.be:4567/fledge/benchmark/dash:1.0.0-capstan","command":["./dashserver.so"],"resources":{"limits":{"cpu":"500m","memory":"300M"},"requests":{"cpu":"100m","memory":"100M"}},"imagePullPolicy":"Always"},"Params":null,"BaseComponent":"Component 12","BaseResources":null,"MaxResources":null}}}],"Component 38":[{"ApiVersion":"v1/beta","Kind":"ComponentDefinition","Metadata":{"Name":"Implementation 38.2","Labels":{},"Annotations":null},"Spec":{"Workload":{"Type":"Container","Definition":{"ApiVersion":"","Kind":""}},"Schematic":{"Definition":{"name":"TestApp","image":"gitlab.ilabt.imec.be:4567/fledge/benchmark/dash:1.0.0-capstan","command":["./dashserver.so"],"resources":{"limits":{"cpu":"500m","memory":"300M"},"requests":{"cpu":"100m","memory":"100M"}},"imagePullPolicy":"Always"},"Params":null,"BaseComponent":"Component 38","BaseResources":null,"MaxResources":null}}}],"Component 39":[{"ApiVersion":"v1/beta","Kind":"ComponentDefinition","Metadata":{"Name":"Implementation 39.1","Labels":{},"Annotations":null},"Spec":{"Workload":{"Type":"Container","Definition":{"ApiVersion":"","Kind":""}},"Schematic":{"Definition":{"name":"TestApp","image":"gitlab.ilabt.imec.be:4567/fledge/benchmark/dash:1.0.0-capstan","command":["./dashserver.so"],"resources":{"limits":{"cpu":"500m","memory":"300M"},"requests":{"cpu":"100m","memory":"100M"}},"imagePullPolicy":"Always"},"Params":null,"BaseComponent":"Component 39","BaseResources":null,"MaxResources":null}}}],"Component 4":[{"ApiVersion":"v1/beta","Kind":"ComponentDefinition","Metadata":{"Name":"Implementation 4.1","Labels":{},"Annotations":null},"Spec":{"Workload":{"Type":"Container","Definition":{"ApiVersion":"","Kind":""}},"Schematic":{"Definition":{"name":"TestApp","image":"gitlab.ilabt.imec.be:4567/fledge/benchmark/dash:1.0.0-capstan","command":["./dashserver.so"],"resources":{"limits":{"cpu":"500m","memory":"300M"},"requests":{"cpu":"100m","memory":"100M"}},"imagePullPolicy":"Always"},"Params":null,"BaseComponent":"Component 4","BaseResources":null,"MaxResources":null}}}],"Component 41":[{"ApiVersion":"v1/beta","Kind":"ComponentDefinition","Metadata":{"Name":"Implementation 41.2","Labels":{},"Annotations":null},"Spec":{"Workload":{"Type":"Container","Definition":{"ApiVersion":"","Kind":""}},"Schematic":{"Definition":{"name":"TestApp","image":"gitlab.ilabt.imec.be:4567/fledge/benchmark/dash:1.0.0-capstan","command":["./dashserver.so"],"resources":{"limits":{"cpu":"500m","memory":"300M"},"requests":{"cpu":"100m","memory":"100M"}},"imagePullPolicy":"Always"},"Params":null,"BaseComponent":"Component 41","BaseResources":null,"MaxResources":null}}}]}}