{"discoAPIPort":31000,"repoAPIPort":32000,"initialNodes":[],"maxPing":20,"nodeID":"f0","nodeType":"servicenode","pingPeriod":3000,"testMode":true,"cheatyMinimalPing":10,"cheatyMinimalPingMap":{"e0":27.239985,"f1":30.20701,"f10":20.922796,"f11":44.371002,"f12":25.993593,"f13":20.512867,"f14":27.81001,"f15":17.012085,"f16":34.383022,"f17":35.49424,"f18":29.591927,"f19":43.280155,"f2":19.770008,"f20":32.06622,"f21":50.566055,"f22":22.874733,"f23":18.45069,"f24":20.648306,"f25":20.8644,"f26":38.506573,"f27":39.722347,"f28":74.443504,"f29":39.51894,"f3":56.49915,"f30":54.672462,"f31":12.849026,"f32":42.660767,"f33":24.617565,"f34":25.438253,"f35":60.928032,"f36":28.843859,"f37":19.282516,"f38":48.050224,"f39":23.493279,"f4":61.41526,"f40":28.866953,"f41":41.87026,"f42":18.909777,"f43":10.502484,"f44":19.854687,"f45":30.927847,"f46":55.143627,"f47":57.581028,"f48":27.407255,"f49":16.844248,"f5":4.861291,"f50":27.871616,"f51":37.2222,"f52":20.278353,"f53":31.05571,"f54":43.865513,"f55":19.494722,"f56":14.814927,"f57":20.933441,"f58":60.659668,"f59":32.169636,"f6":29.14925,"f60":27.083767,"f61":17.967443,"f62":28.277567,"f63":45.73269,"f64":39.831757,"f65":76.33081,"f66":44.873962,"f67":24.967241,"f68":24.2751,"f69":30.097551,"f7":25.201849,"f70":9.459923,"f71":27.049633,"f72":13.709711,"f73":45.429337,"f74":15.777873,"f8":52.74626,"f9":25.136736},"BasicComponentDefs":{"Component 22":[{"ApiVersion":"v1/beta","Kind":"ComponentDefinition","Metadata":{"Name":"Implementation 22.2","Labels":{},"Annotations":null},"Spec":{"Workload":{"Type":"Container","Definition":{"ApiVersion":"","Kind":""}},"Schematic":{"Definition":{"name":"TestApp","image":"gitlab.ilabt.imec.be:4567/fledge/benchmark/dash:1.0.0-capstan","command":["./dashserver.so"],"resources":{"limits":{"cpu":"500m","memory":"300M"},"requests":{"cpu":"100m","memory":"100M"}},"imagePullPolicy":"Always"},"Params":null,"BaseComponent":"Component 22","BaseResources":null,"MaxResources":null}}}],"Component 34":[{"ApiVersion":"v1/beta","Kind":"ComponentDefinition","Metadata":{"Name":"Implementation 34.1","Labels":{},"Annotations":null},"Spec":{"Workload":{"Type":"Container","Definition":{"ApiVersion":"","Kind":""}},"Schematic":{"Definition":{"name":"TestApp","image":"gitlab.ilabt.imec.be:4567/fledge/benchmark/dash:1.0.0-capstan","command":["./dashserver.so"],"resources":{"limits":{"cpu":"500m","memory":"300M"},"requests":{"cpu":"100m","memory":"100M"}},"imagePullPolicy":"Always"},"Params":null,"BaseComponent":"Component 34","BaseResources":null,"MaxResources":null}}}],"Component 42":[{"ApiVersion":"v1/beta","Kind":"ComponentDefinition","Metadata":{"Name":"Implementation 42.1","Labels":{},"Annotations":null},"Spec":{"Workload":{"Type":"Container","Definition":{"ApiVersion":"","Kind":""}},"Schematic":{"Definition":{"name":"TestApp","image":"gitlab.ilabt.imec.be:4567/fledge/benchmark/dash:1.0.0-capstan","command":["./dashserver.so"],"resources":{"limits":{"cpu":"500m","memory":"300M"},"requests":{"cpu":"100m","memory":"100M"}},"imagePullPolicy":"Always"},"Params":null,"BaseComponent":"Component 42","BaseResources":null,"MaxResources":null}}}],"Component 48":[{"ApiVersion":"v1/beta","Kind":"ComponentDefinition","Metadata":{"Name":"Implementation 48.1","Labels":{},"Annotations":null},"Spec":{"Workload":{"Type":"Container","Definition":{"ApiVersion":"","Kind":""}},"Schematic":{"Definition":{"name":"TestApp","image":"gitlab.ilabt.imec.be:4567/fledge/benchmark/dash:1.0.0-capstan","command":["./dashserver.so"],"resources":{"limits":{"cpu":"500m","memory":"300M"},"requests":{"cpu":"100m","memory":"100M"}},"imagePullPolicy":"Always"},"Params":null,"BaseComponent":"Component 48","BaseResources":null,"MaxResources":null}}}],"Component 50":[{"ApiVersion":"v1/beta","Kind":"ComponentDefinition","Metadata":{"Name":"Implementation 50.1","Labels":{},"Annotations":null},"Spec":{"Workload":{"Type":"Container","Definition":{"ApiVersion":"","Kind":""}},"Schematic":{"Definition":{"name":"TestApp","image":"gitlab.ilabt.imec.be:4567/fledge/benchmark/dash:1.0.0-capstan","command":["./dashserver.so"],"resources":{"limits":{"cpu":"500m","memory":"300M"},"requests":{"cpu":"100m","memory":"100M"}},"imagePullPolicy":"Always"},"Params":null,"BaseComponent":"Component 50","BaseResources":null,"MaxResources":null}}}]}}