{"discoAPIPort":31002,"repoAPIPort":32002,"initialNodes":[{"name":"f0","ip":"127.0.0.1","distance":0,"discoAPIPort":31000,"repoAPIPort":32000},{"name":"f1","ip":"127.0.0.1","distance":0,"discoAPIPort":31001,"repoAPIPort":32001}],"maxPing":20,"nodeID":"f2","nodeType":"servicenode","pingPeriod":3000,"testMode":true,"cheatyMinimalPing":10,"cheatyMinimalPingMap":{"e0":26.314875,"f0":19.770008,"f1":16.48308,"f10":19.77672,"f11":28.570904,"f12":24.749758,"f13":4.2992682,"f14":10.9666605,"f15":13.965705,"f16":18.805832,"f17":6.5429544,"f18":5.407184,"f19":35.18455,"f20":30.139904,"f21":24.420383,"f22":9.24493,"f23":7.5873146,"f24":17.272802,"f25":5.1990314,"f26":22.472305,"f27":38.384327,"f28":49.84137,"f29":36.349396,"f3":60.76687,"f30":37.68216,"f31":22.97459,"f32":25.437742,"f33":8.305061,"f34":1.1983554,"f35":43.57004,"f36":10.900159,"f37":3.2217045,"f38":47.397438,"f39":22.604849,"f4":46.546715,"f40":13.999971,"f41":28.545273,"f42":3.5510602,"f43":17.766233,"f44":2.7551172,"f45":10.187481,"f46":48.822803,"f47":33.967094,"f48":7.604226,"f49":7.0532165,"f5":21.310497,"f50":16.739246,"f51":24.48589,"f52":7.8881135,"f53":9.211788,"f54":45.01069,"f55":11.137918,"f56":17.615873,"f57":27.121922,"f58":47.946404,"f59":16.169476,"f6":38.51906,"f60":17.723476,"f61":5.005012,"f62":30.309025,"f63":38.6797,"f64":23.551407,"f65":49.325035,"f66":47.470173,"f67":20.19234,"f68":18.923256,"f69":9.704498,"f7":4.6341763,"f70":24.211082,"f71":9.159691,"f72":19.84945,"f73":50.232468,"f74":13.38721,"f8":56.782406,"f9":19.036406},"BasicComponentDefs":{"Component 17":[{"ApiVersion":"v1/beta","Kind":"ComponentDefinition","Metadata":{"Name":"Implementation 17.1","Labels":{},"Annotations":null},"Spec":{"Workload":{"Type":"Container","Definition":{"ApiVersion":"","Kind":""}},"Schematic":{"Definition":{"name":"TestApp","image":"gitlab.ilabt.imec.be:4567/fledge/benchmark/dash:1.0.0-capstan","command":["./dashserver.so"],"resources":{"limits":{"cpu":"500m","memory":"300M"},"requests":{"cpu":"100m","memory":"100M"}},"imagePullPolicy":"Always"},"Params":null,"BaseComponent":"Component 17","BaseResources":null,"MaxResources":null}}}],"Component 27":[{"ApiVersion":"v1/beta","Kind":"ComponentDefinition","Metadata":{"Name":"Implementation 27.1","Labels":{},"Annotations":null},"Spec":{"Workload":{"Type":"Container","Definition":{"ApiVersion":"","Kind":""}},"Schematic":{"Definition":{"name":"TestApp","image":"gitlab.ilabt.imec.be:4567/fledge/benchmark/dash:1.0.0-capstan","command":["./dashserver.so"],"resources":{"limits":{"cpu":"500m","memory":"300M"},"requests":{"cpu":"100m","memory":"100M"}},"imagePullPolicy":"Always"},"Params":null,"BaseComponent":"Component 27","BaseResources":null,"MaxResources":null}}}],"Component 29":[{"ApiVersion":"v1/beta","Kind":"ComponentDefinition","Metadata":{"Name":"Implementation 29.2","Labels":{},"Annotations":null},"Spec":{"Workload":{"Type":"Container","Definition":{"ApiVersion":"","Kind":""}},"Schematic":{"Definition":{"name":"TestApp","image":"gitlab.ilabt.imec.be:4567/fledge/benchmark/dash:1.0.0-capstan","command":["./dashserver.so"],"resources":{"limits":{"cpu":"500m","memory":"300M"},"requests":{"cpu":"100m","memory":"100M"}},"imagePullPolicy":"Always"},"Params":null,"BaseComponent":"Component 29","BaseResources":null,"MaxResources":null}}}],"Component 43":[{"ApiVersion":"v1/beta","Kind":"ComponentDefinition","Metadata":{"Name":"Implementation 43.1","Labels":{},"Annotations":null},"Spec":{"Workload":{"Type":"Container","Definition":{"ApiVersion":"","Kind":""}},"Schematic":{"Definition":{"name":"TestApp","image":"gitlab.ilabt.imec.be:4567/fledge/benchmark/dash:1.0.0-capstan","command":["./dashserver.so"],"resources":{"limits":{"cpu":"500m","memory":"300M"},"requests":{"cpu":"100m","memory":"100M"}},"imagePullPolicy":"Always"},"Params":null,"BaseComponent":"Component 43","BaseResources":null,"MaxResources":null}}}],"Component 7":[{"ApiVersion":"v1/beta","Kind":"ComponentDefinition","Metadata":{"Name":"Implementation 7.2","Labels":{},"Annotations":null},"Spec":{"Workload":{"Type":"Container","Definition":{"ApiVersion":"","Kind":""}},"Schematic":{"Definition":{"name":"TestApp","image":"gitlab.ilabt.imec.be:4567/fledge/benchmark/dash:1.0.0-capstan","command":["./dashserver.so"],"resources":{"limits":{"cpu":"500m","memory":"300M"},"requests":{"cpu":"100m","memory":"100M"}},"imagePullPolicy":"Always"},"Params":null,"BaseComponent":"Component 7","BaseResources":null,"MaxResources":null}}}]}}