{"discoAPIPort":31000,"repoAPIPort":32000,"initialNodes":[],"maxPing":20,"nodeID":"f0","nodeType":"servicenode","pingPeriod":3000,"testMode":true,"cheatyMinimalPing":10,"cheatyMinimalPingMap":{"e0":20.864096,"f1":12.410907,"f10":23.819878,"f100":22.053875,"f101":22.344196,"f102":47.59848,"f103":10.68613,"f104":48.143593,"f105":31.129395,"f106":30.619846,"f107":25.388144,"f108":47.20054,"f109":15.272025,"f11":32.92083,"f110":52.40555,"f111":5.606258,"f112":26.548275,"f113":21.894024,"f114":44.92275,"f115":46.293186,"f116":25.013716,"f117":24.849907,"f118":39.100742,"f119":36.566727,"f12":20.960726,"f120":28.570498,"f121":34.498768,"f122":37.627575,"f123":24.452251,"f124":32.412285,"f125":55.073017,"f126":34.246284,"f127":22.925726,"f128":15.09676,"f129":21.036278,"f13":30.87813,"f130":34.256565,"f131":7.655429,"f132":30.993526,"f133":36.070923,"f134":50.646797,"f135":9.254809,"f136":28.68417,"f137":17.775614,"f138":17.263195,"f139":25.476625,"f14":33.95102,"f140":13.913142,"f141":34.358604,"f142":32.27939,"f143":15.340458,"f144":16.887217,"f145":37.60753,"f146":58.728207,"f147":48.25106,"f148":54.928917,"f149":16.62586,"f15":26.006374,"f150":37.30523,"f151":31.71989,"f152":14.321521,"f153":9.978014,"f154":37.003746,"f155":2.8399496,"f156":48.719376,"f157":31.367405,"f158":3.7258415,"f159":8.645903,"f16":27.315008,"f160":22.07475,"f161":46.21503,"f162":4.7667036,"f163":16.264194,"f164":31.466263,"f165":12.736064,"f166":26.201565,"f167":12.753301,"f168":25.890844,"f169":21.428595,"f17":32.12851,"f170":7.7767,"f171":25.17971,"f172":14.81862,"f173":29.54017,"f174":21.156769,"f18":31.38076,"f19":29.144836,"f2":35.7481,"f20":41.906525,"f21":11.921814,"f22":30.619793,"f23":31.608372,"f24":33.86739,"f25":10.901816,"f26":12.665892,"f27":32.931133,"f28":32.81067,"f29":27.021507,"f3":50.528797,"f30":37.594784,"f31":49.72315,"f32":10.748154,"f33":26.84345,"f34":23.445156,"f35":5.3142247,"f36":34.6296,"f37":10.038067,"f38":41.730934,"f39":53.62055,"f4":18.763721,"f40":17.335299,"f41":16.067533,"f42":20.56985,"f43":55.89102,"f44":31.177723,"f45":38.372692,"f46":40.53363,"f47":9.380777,"f48":20.02059,"f49":8.5865345,"f5":6.2895765,"f50":25.684473,"f51":34.65845,"f52":17.74166,"f53":27.38144,"f54":35.1133,"f55":10.586627,"f56":7.321306,"f57":10.063894,"f58":12.401948,"f59":40.858982,"f6":36.80281,"f60":45.650963,"f61":28.27836,"f62":30.547699,"f63":26.11763,"f64":39.51843,"f65":33.257816,"f66":41.255886,"f67":35.39792,"f68":14.811298,"f69":28.81129,"f7":8.854824,"f70":41.004795,"f71":8.851752,"f72":43.96741,"f73":35.09781,"f74":34.089943,"f75":4.991725,"f76":28.907915,"f77":28.694118,"f78":27.56281,"f79":16.933428,"f8":39.678116,"f80":32.86001,"f81":16.418129,"f82":40.751266,"f83":4.8328543,"f84":18.026354,"f85":2.8927853,"f86":10.633472,"f87":13.402224,"f88":8.549554,"f89":16.998032,"f9":21.58332,"f90":21.773533,"f91":21.770664,"f92":31.680698,"f93":20.244083,"f94":35.365154,"f95":13.842676,"f96":15.954076,"f97":23.002316,"f98":35.15932,"f99":16.680538},"BasicComponentDefs":{"Component 14":[{"ApiVersion":"v1/beta","Kind":"ComponentDefinition","Metadata":{"Name":"Implementation 14.2","Labels":{},"Annotations":null},"Spec":{"Workload":{"Type":"Container","Definition":{"ApiVersion":"","Kind":""}},"Schematic":{"Definition":{"name":"TestApp","image":"gitlab.ilabt.imec.be:4567/fledge/benchmark/dash:1.0.0-capstan","command":["./dashserver.so"],"resources":{"limits":{"cpu":"500m","memory":"300M"},"requests":{"cpu":"100m","memory":"100M"}},"imagePullPolicy":"Always"},"Params":null,"BaseComponent":"Component 14","BaseResources":null,"MaxResources":null}}}],"Component 22":[{"ApiVersion":"v1/beta","Kind":"ComponentDefinition","Metadata":{"Name":"Implementation 22.1","Labels":{},"Annotations":null},"Spec":{"Workload":{"Type":"Container","Definition":{"ApiVersion":"","Kind":""}},"Schematic":{"Definition":{"name":"TestApp","image":"gitlab.ilabt.imec.be:4567/fledge/benchmark/dash:1.0.0-capstan","command":["./dashserver.so"],"resources":{"limits":{"cpu":"500m","memory":"300M"},"requests":{"cpu":"100m","memory":"100M"}},"imagePullPolicy":"Always"},"Params":null,"BaseComponent":"Component 22","BaseResources":null,"MaxResources":null}}}],"Component 26":[{"ApiVersion":"v1/beta","Kind":"ComponentDefinition","Metadata":{"Name":"Implementation 26.2","Labels":{},"Annotations":null},"Spec":{"Workload":{"Type":"Container","Definition":{"ApiVersion":"","Kind":""}},"Schematic":{"Definition":{"name":"TestApp","image":"gitlab.ilabt.imec.be:4567/fledge/benchmark/dash:1.0.0-capstan","command":["./dashserver.so"],"resources":{"limits":{"cpu":"500m","memory":"300M"},"requests":{"cpu":"100m","memory":"100M"}},"imagePullPolicy":"Always"},"Params":null,"BaseComponent":"Component 26","BaseResources":null,"MaxResources":null}}},{"ApiVersion":"v1/beta","Kind":"ComponentDefinition","Metadata":{"Name":"Implementation 26.1","Labels":{},"Annotations":null},"Spec":{"Workload":{"Type":"Container","Definition":{"ApiVersion":"","Kind":""}},"Schematic":{"Definition":{"name":"TestApp","image":"gitlab.ilabt.imec.be:4567/fledge/benchmark/dash:1.0.0-capstan","command":["./dashserver.so"],"resources":{"limits":{"cpu":"500m","memory":"300M"},"requests":{"cpu":"100m","memory":"100M"}},"imagePullPolicy":"Always"},"Params":null,"BaseComponent":"Component 26","BaseResources":null,"MaxResources":null}}}],"Component 5":[{"ApiVersion":"v1/beta","Kind":"ComponentDefinition","Metadata":{"Name":"Implementation 5.1","Labels":{},"Annotations":null},"Spec":{"Workload":{"Type":"Container","Definition":{"ApiVersion":"","Kind":""}},"Schematic":{"Definition":{"name":"TestApp","image":"gitlab.ilabt.imec.be:4567/fledge/benchmark/dash:1.0.0-capstan","command":["./dashserver.so"],"resources":{"limits":{"cpu":"500m","memory":"300M"},"requests":{"cpu":"100m","memory":"100M"}},"imagePullPolicy":"Always"},"Params":null,"BaseComponent":"Component 5","BaseResources":null,"MaxResources":null}}}]}}