{"discoAPIPort":31001,"repoAPIPort":32001,"initialNodes":[{"name":"f0","ip":"127.0.0.1","distance":0,"discoAPIPort":31000,"repoAPIPort":32000}],"maxPing":20,"nodeID":"f1","nodeType":"servicenode","pingPeriod":3000,"testMode":true,"cheatyMinimalPing":10,"cheatyMinimalPingMap":{"e0":27.648912,"f0":12.410907,"f10":39.12098,"f100":36.115105,"f101":17.715267,"f102":40.854755,"f103":2.0722404,"f104":43.407913,"f105":30.188902,"f106":46.04682,"f107":19.051548,"f108":53.076054,"f109":24.604624,"f11":37.29504,"f110":55.74031,"f111":7.417303,"f112":37.937798,"f113":14.939491,"f114":37.975014,"f115":48.027245,"f116":26.770351,"f117":38.24781,"f118":35.210777,"f119":39.004486,"f12":26.841814,"f120":18.378002,"f121":46.990585,"f122":59.70247,"f123":28.018497,"f124":37.310677,"f125":43.11771,"f126":59.976437,"f127":7.992519,"f128":4.6206985,"f129":23.898312,"f13":21.644075,"f130":48.29186,"f131":3.7095811,"f132":37.63252,"f133":41.357624,"f134":47.86502,"f135":11.965167,"f136":32.204792,"f137":16.943644,"f138":16.42424,"f139":23.241896,"f14":43.85415,"f140":11.992849,"f141":38.413376,"f142":38.896446,"f143":10.218587,"f144":25.10983,"f145":38.638885,"f146":49.65345,"f147":42.93629,"f148":52.141865,"f149":24.958902,"f15":16.2569,"f150":46.773895,"f151":19.783699,"f152":28.722067,"f153":3.2679281,"f154":44.971645,"f155":13.247622,"f156":52.385536,"f157":31.449413,"f158":9.041205,"f159":8.175353,"f16":34.215473,"f160":28.678305,"f161":60.41697,"f162":17.211449,"f163":6.523752,"f164":46.1468,"f165":2.186074,"f166":32.826134,"f167":22.846107,"f168":13.272885,"f169":22.672146,"f17":48.842205,"f170":3.7614472,"f171":27.124138,"f172":6.463501,"f173":26.93653,"f174":26.164946,"f18":17.568468,"f19":24.119825,"f2":36.745647,"f20":60.319305,"f21":20.91187,"f22":26.415424,"f23":28.14342,"f24":44.81895,"f25":3.9306896,"f26":16.655006,"f27":38.57991,"f28":34.18628,"f29":42.195045,"f3":50.622677,"f30":46.534832,"f31":53.83925,"f32":6.5331736,"f33":52.287876,"f34":17.874313,"f35":9.685527,"f36":39.82293,"f37":6.171659,"f38":52.06507,"f39":44.73595,"f4":26.485445,"f40":19.156109,"f41":33.19325,"f42":29.511658,"f43":56.0866,"f44":27.537018,"f45":42.11706,"f46":52.09791,"f47":4.8558426,"f48":12.502148,"f49":20.616695,"f5":7.8053303,"f50":30.639494,"f51":46.814846,"f52":32.218987,"f53":24.222492,"f54":36.00399,"f55":9.076193,"f56":5.7028275,"f57":7.7809663,"f58":22.030445,"f59":63.767403,"f6":39.954292,"f60":46.636784,"f61":38.872402,"f62":26.518396,"f63":30.919565,"f64":39.897835,"f65":44.743374,"f66":39.86676,"f67":37.55501,"f68":23.634157,"f69":25.325733,"f7":2.885849,"f70":53.377792,"f71":13.169097,"f72":44.542557,"f73":46.37873,"f74":40.04736,"f75":15.762603,"f76":33.515537,"f77":24.668152,"f78":18.332281,"f79":19.91951,"f8":40.46324,"f80":37.061565,"f81":29.143017,"f82":35.640514,"f83":6.4649496,"f84":15.15149,"f85":13.96601,"f86":0.7078815,"f87":5.4032645,"f88":16.954771,"f89":31.282629,"f9":20.419027,"f90":25.256153,"f91":27.26303,"f92":37.944515,"f93":14.074369,"f94":43.00781,"f95":21.336664,"f96":12.541328,"f97":22.293188,"f98":30.486105,"f99":5.5451612},"BasicComponentDefs":{"Component 11":[{"ApiVersion":"v1/beta","Kind":"ComponentDefinition","Metadata":{"Name":"Implementation 11.1","Labels":{},"Annotations":null},"Spec":{"Workload":{"Type":"Container","Definition":{"ApiVersion":"","Kind":""}},"Schematic":{"Definition":{"name":"TestApp","image":"gitlab.ilabt.imec.be:4567/fledge/benchmark/dash:1.0.0-capstan","command":["./dashserver.so"],"resources":{"limits":{"cpu":"500m","memory":"300M"},"requests":{"cpu":"100m","memory":"100M"}},"imagePullPolicy":"Always"},"Params":null,"BaseComponent":"Component 11","BaseResources":null,"MaxResources":null}}}],"Component 24":[{"ApiVersion":"v1/beta","Kind":"ComponentDefinition","Metadata":{"Name":"Implementation 24.1","Labels":{},"Annotations":null},"Spec":{"Workload":{"Type":"Container","Definition":{"ApiVersion":"","Kind":""}},"Schematic":{"Definition":{"name":"TestApp","image":"gitlab.ilabt.imec.be:4567/fledge/benchmark/dash:1.0.0-capstan","command":["./dashserver.so"],"resources":{"limits":{"cpu":"500m","memory":"300M"},"requests":{"cpu":"100m","memory":"100M"}},"imagePullPolicy":"Always"},"Params":null,"BaseComponent":"Component 24","BaseResources":null,"MaxResources":null}}}],"Component 27":[{"ApiVersion":"v1/beta","Kind":"ComponentDefinition","Metadata":{"Name":"Implementation 27.1","Labels":{},"Annotations":null},"Spec":{"Workload":{"Type":"Container","Definition":{"ApiVersion":"","Kind":""}},"Schematic":{"Definition":{"name":"TestApp","image":"gitlab.ilabt.imec.be:4567/fledge/benchmark/dash:1.0.0-capstan","command":["./dashserver.so"],"resources":{"limits":{"cpu":"500m","memory":"300M"},"requests":{"cpu":"100m","memory":"100M"}},"imagePullPolicy":"Always"},"Params":null,"BaseComponent":"Component 27","BaseResources":null,"MaxResources":null}}}],"Component 32":[{"ApiVersion":"v1/beta","Kind":"ComponentDefinition","Metadata":{"Name":"Implementation 32.1","Labels":{},"Annotations":null},"Spec":{"Workload":{"Type":"Container","Definition":{"ApiVersion":"","Kind":""}},"Schematic":{"Definition":{"name":"TestApp","image":"gitlab.ilabt.imec.be:4567/fledge/benchmark/dash:1.0.0-capstan","command":["./dashserver.so"],"resources":{"limits":{"cpu":"500m","memory":"300M"},"requests":{"cpu":"100m","memory":"100M"}},"imagePullPolicy":"Always"},"Params":null,"BaseComponent":"Component 32","BaseResources":null,"MaxResources":null}}}],"Component 5":[{"ApiVersion":"v1/beta","Kind":"ComponentDefinition","Metadata":{"Name":"Implementation 5.2","Labels":{},"Annotations":null},"Spec":{"Workload":{"Type":"Container","Definition":{"ApiVersion":"","Kind":""}},"Schematic":{"Definition":{"name":"TestApp","image":"gitlab.ilabt.imec.be:4567/fledge/benchmark/dash:1.0.0-capstan","command":["./dashserver.so"],"resources":{"limits":{"cpu":"500m","memory":"300M"},"requests":{"cpu":"100m","memory":"100M"}},"imagePullPolicy":"Always"},"Params":null,"BaseComponent":"Component 5","BaseResources":null,"MaxResources":null}}}]}}