{"discoAPIPort":31002,"repoAPIPort":32002,"initialNodes":[{"name":"f0","ip":"127.0.0.1","distance":0,"discoAPIPort":31000,"repoAPIPort":32000},{"name":"f1","ip":"127.0.0.1","distance":0,"discoAPIPort":31001,"repoAPIPort":32001}],"maxPing":20,"nodeID":"f2","nodeType":"servicenode","pingPeriod":3000,"testMode":true,"cheatyMinimalPing":10,"cheatyMinimalPingMap":{"e0":11.826791,"f0":35.7481,"f1":36.745647,"f10":16.922245,"f100":26.622509,"f101":24.720634,"f102":24.968433,"f103":34.44426,"f104":11.635145,"f105":12.855348,"f106":24.505745,"f107":36.870495,"f108":25.482687,"f109":20.006113,"f11":11.208211,"f110":17.94257,"f111":35.653652,"f112":9.030525,"f113":43.66184,"f114":5.8424067,"f115":13.379035,"f116":39.52214,"f117":26.477959,"f118":10.0274515,"f119":16.900867,"f12":15.184959,"f120":38.13641,"f121":3.638613,"f122":29.5611,"f123":17.877436,"f124":22.874594,"f125":12.750953,"f126":16.645313,"f127":49.023335,"f128":43.455906,"f129":28.505728,"f13":29.49838,"f130":13.905154,"f131":40.884163,"f132":9.598986,"f133":16.940434,"f134":14.806118,"f135":37.39946,"f136":2.475433,"f137":33.901814,"f138":36.736137,"f139":46.275505,"f14":12.398412,"f140":29.055431,"f141":8.915669,"f142":11.560484,"f143":30.313374,"f144":21.428736,"f145":10.041546,"f146":12.428974,"f147":6.304657,"f148":13.556786,"f149":23.855452,"f15":37.37441,"f150":16.19323,"f151":47.153507,"f152":25.52534,"f153":36.35319,"f154":23.913782,"f155":29.047739,"f156":12.354659,"f157":9.46218,"f158":37.012157,"f159":46.547295,"f16":9.242247,"f160":13.959234,"f161":21.487562,"f162":30.34893,"f163":34.95772,"f164":14.343414,"f165":35.43698,"f166":6.594903,"f167":37.814476,"f168":36.994526,"f169":18.211697,"f17":29.219568,"f170":36.972164,"f171":22.471848,"f172":52.74539,"f173":13.545032,"f174":19.36304,"f18":41.482662,"f19":14.61554,"f20":11.318732,"f21":21.029396,"f22":27.406172,"f23":9.4194145,"f24":8.2335615,"f25":42.64733,"f26":24.79327,"f27":5.304793,"f28":5.4327326,"f29":12.65692,"f3":23.710068,"f30":7.4715424,"f31":13.742819,"f32":48.069424,"f33":25.419754,"f34":31.24624,"f35":42.948544,"f36":7.563555,"f37":46.116398,"f38":17.286177,"f39":10.880731,"f4":19.887543,"f40":24.550894,"f41":23.321724,"f42":10.21045,"f43":14.823252,"f44":19.761995,"f45":22.168468,"f46":22.300455,"f47":43.684937,"f48":32.606556,"f49":38.658974,"f5":50.15536,"f50":14.677468,"f51":14.916668,"f52":21.686584,"f53":32.851368,"f54":4.483484,"f55":33.72521,"f56":42.633514,"f57":47.394943,"f58":32.016785,"f59":12.336145,"f6":10.699556,"f60":34.101547,"f61":9.54262,"f62":14.726931,"f63":23.398586,"f64":5.7500496,"f65":15.595237,"f66":13.720255,"f67":21.434315,"f68":32.52577,"f69":23.395674,"f7":32.992207,"f70":19.620466,"f71":45.11909,"f72":13.198503,"f73":33.951546,"f74":10.517619,"f75":26.169071,"f76":24.148335,"f77":16.046808,"f78":37.62179,"f79":19.420174,"f8":5.02788,"f80":11.951641,"f81":33.045868,"f82":10.007867,"f83":40.99925,"f84":33.411575,"f85":40.192863,"f86":40.30516,"f87":39.856598,"f88":29.053007,"f89":18.095715,"f9":20.68839,"f90":13.312015,"f91":19.945116,"f92":22.330889,"f93":47.641125,"f94":4.844766,"f95":33.16479,"f96":26.647034,"f97":34.25766,"f98":10.385993,"f99":33.33499},"BasicComponentDefs":{"Component 15":[{"ApiVersion":"v1/beta","Kind":"ComponentDefinition","Metadata":{"Name":"Implementation 15.1","Labels":{},"Annotations":null},"Spec":{"Workload":{"Type":"Container","Definition":{"ApiVersion":"","Kind":""}},"Schematic":{"Definition":{"name":"TestApp","image":"gitlab.ilabt.imec.be:4567/fledge/benchmark/dash:1.0.0-capstan","command":["./dashserver.so"],"resources":{"limits":{"cpu":"500m","memory":"300M"},"requests":{"cpu":"100m","memory":"100M"}},"imagePullPolicy":"Always"},"Params":null,"BaseComponent":"Component 15","BaseResources":null,"MaxResources":null}}}],"Component 16":[{"ApiVersion":"v1/beta","Kind":"ComponentDefinition","Metadata":{"Name":"Implementation 16.1","Labels":{},"Annotations":null},"Spec":{"Workload":{"Type":"Container","Definition":{"ApiVersion":"","Kind":""}},"Schematic":{"Definition":{"name":"TestApp","image":"gitlab.ilabt.imec.be:4567/fledge/benchmark/dash:1.0.0-capstan","command":["./dashserver.so"],"resources":{"limits":{"cpu":"500m","memory":"300M"},"requests":{"cpu":"100m","memory":"100M"}},"imagePullPolicy":"Always"},"Params":null,"BaseComponent":"Component 16","BaseResources":null,"MaxResources":null}}}],"Component 20":[{"ApiVersion":"v1/beta","Kind":"ComponentDefinition","Metadata":{"Name":"Implementation 20.2","Labels":{},"Annotations":null},"Spec":{"Workload":{"Type":"Container","Definition":{"ApiVersion":"","Kind":""}},"Schematic":{"Definition":{"name":"TestApp","image":"gitlab.ilabt.imec.be:4567/fledge/benchmark/dash:1.0.0-capstan","command":["./dashserver.so"],"resources":{"limits":{"cpu":"500m","memory":"300M"},"requests":{"cpu":"100m","memory":"100M"}},"imagePullPolicy":"Always"},"Params":null,"BaseComponent":"Component 20","BaseResources":null,"MaxResources":null}}}],"Component 39":[{"ApiVersion":"v1/beta","Kind":"ComponentDefinition","Metadata":{"Name":"Implementation 39.1","Labels":{},"Annotations":null},"Spec":{"Workload":{"Type":"Container","Definition":{"ApiVersion":"","Kind":""}},"Schematic":{"Definition":{"name":"TestApp","image":"gitlab.ilabt.imec.be:4567/fledge/benchmark/dash:1.0.0-capstan","command":["./dashserver.so"],"resources":{"limits":{"cpu":"500m","memory":"300M"},"requests":{"cpu":"100m","memory":"100M"}},"imagePullPolicy":"Always"},"Params":null,"BaseComponent":"Component 39","BaseResources":null,"MaxResources":null}}}],"Component 49":[{"ApiVersion":"v1/beta","Kind":"ComponentDefinition","Metadata":{"Name":"Implementation 49.2","Labels":{},"Annotations":null},"Spec":{"Workload":{"Type":"Container","Definition":{"ApiVersion":"","Kind":""}},"Schematic":{"Definition":{"name":"TestApp","image":"gitlab.ilabt.imec.be:4567/fledge/benchmark/dash:1.0.0-capstan","command":["./dashserver.so"],"resources":{"limits":{"cpu":"500m","memory":"300M"},"requests":{"cpu":"100m","memory":"100M"}},"imagePullPolicy":"Always"},"Params":null,"BaseComponent":"Component 49","BaseResources":null,"MaxResources":null}}}]}}