{"discoAPIPort":31003,"repoAPIPort":32003,"initialNodes":[{"name":"f0","ip":"127.0.0.1","distance":0,"discoAPIPort":31000,"repoAPIPort":32000},{"name":"f1","ip":"127.0.0.1","distance":0,"discoAPIPort":31001,"repoAPIPort":32001},{"name":"f2","ip":"127.0.0.1","distance":0,"discoAPIPort":31002,"repoAPIPort":32002}],"maxPing":20,"nodeID":"f3","nodeType":"servicenode","pingPeriod":3000,"testMode":true,"cheatyMinimalPing":10,"cheatyMinimalPingMap":{"e0":20.091558,"f0":50.528797,"f1":50.622677,"f10":15.552696,"f100":25.17883,"f101":49.75533,"f102":13.233968,"f103":63.497288,"f104":20.466053,"f105":35.465527,"f106":16.437544,"f107":55.211594,"f108":0,"f109":37.783127,"f11":28.59128,"f110":17.865942,"f111":51.812386,"f112":37.015163,"f113":53.550438,"f114":26.03625,"f115":9.821104,"f116":46.05992,"f117":22.825363,"f118":28.653797,"f119":9.705031,"f12":34.47966,"f120":55.596195,"f121":25.584198,"f122":6.6804895,"f123":29.391249,"f124":15.978307,"f125":18.09168,"f126":8.8666115,"f127":54.60965,"f128":57.705822,"f129":29.908146,"f13":39.934166,"f130":12.884709,"f131":60.843037,"f132":28.856964,"f133":8.914457,"f134":19.98712,"f135":39.394524,"f136":17.704584,"f137":48.533802,"f138":50.35429,"f139":71.42124,"f14":21.015741,"f140":48.2365,"f141":34.7222,"f142":18.806807,"f143":55.83868,"f144":38.01993,"f145":35.81039,"f146":29.572561,"f147":21.250303,"f148":17.952736,"f149":35.243435,"f15":47.968197,"f150":11.261626,"f151":62.278057,"f152":35.040672,"f153":45.02271,"f154":9.949959,"f155":51.829445,"f156":11.074792,"f157":21.577433,"f158":44.18702,"f159":49.833588,"f16":18.017893,"f160":21.561432,"f161":0,"f162":49.502365,"f163":50.945137,"f164":11.486078,"f165":64.52953,"f166":27.927702,"f167":41.158325,"f168":60.540752,"f169":34.848934,"f17":12.877147,"f170":50.720646,"f171":24.298466,"f172":57.991035,"f173":38.656555,"f174":21.296154,"f18":52.544968,"f19":32.694523,"f2":23.710068,"f20":26.411013,"f21":40.032646,"f22":45.057182,"f23":29.408707,"f24":17.18073,"f25":44.96705,"f26":33.13182,"f27":24.091202,"f28":21.880686,"f29":22.401703,"f30":16.461119,"f31":17.422707,"f32":50.3368,"f33":17.118576,"f34":50.243774,"f35":56.057533,"f36":23.781296,"f37":62.676125,"f38":16.595825,"f39":17.499552,"f4":32.807568,"f40":37.183918,"f41":26.727932,"f42":20.770494,"f43":23.823507,"f44":44.48753,"f45":13.217681,"f46":9.555299,"f47":51.553074,"f48":64.50212,"f49":42.706028,"f5":57.331257,"f50":24.870235,"f51":7.08889,"f52":22.985851,"f53":47.701836,"f54":22.065765,"f55":47.48761,"f56":58.661594,"f57":63.065174,"f58":28.234724,"f59":19.339855,"f6":31.163137,"f60":7.9575844,"f61":22.233986,"f62":38.65573,"f63":49.850124,"f64":29.65613,"f65":8.675398,"f66":11.167415,"f67":10.232327,"f68":32.917618,"f69":43.108032,"f7":60.798763,"f70":8.186091,"f71":55.008717,"f72":10.714633,"f73":10.714131,"f74":31.183958,"f75":47.411526,"f76":19.74204,"f77":40.035126,"f78":58.53623,"f79":35.626884,"f8":16.356638,"f80":18.148165,"f81":35.468735,"f82":32.430748,"f83":57.17031,"f84":41.036995,"f85":45.946083,"f86":62.981167,"f87":45.35615,"f88":36.693726,"f89":23.535345,"f9":42.137268,"f90":22.884848,"f91":36.682938,"f92":17.643457,"f93":58.68035,"f94":23.271488,"f95":39.532154,"f96":47.71595,"f97":46.334877,"f98":29.906305,"f99":54.543938},"BasicComponentDefs":{"Component 19":[{"ApiVersion":"v1/beta","Kind":"ComponentDefinition","Metadata":{"Name":"Implementation 19.1","Labels":{},"Annotations":null},"Spec":{"Workload":{"Type":"Container","Definition":{"ApiVersion":"","Kind":""}},"Schematic":{"Definition":{"name":"TestApp","image":"gitlab.ilabt.imec.be:4567/fledge/benchmark/dash:1.0.0-capstan","command":["./dashserver.so"],"resources":{"limits":{"cpu":"500m","memory":"300M"},"requests":{"cpu":"100m","memory":"100M"}},"imagePullPolicy":"Always"},"Params":null,"BaseComponent":"Component 19","BaseResources":null,"MaxResources":null}}}],"Component 23":[{"ApiVersion":"v1/beta","Kind":"ComponentDefinition","Metadata":{"Name":"Implementation 23.2","Labels":{},"Annotations":null},"Spec":{"Workload":{"Type":"Container","Definition":{"ApiVersion":"","Kind":""}},"Schematic":{"Definition":{"name":"TestApp","image":"gitlab.ilabt.imec.be:4567/fledge/benchmark/dash:1.0.0-capstan","command":["./dashserver.so"],"resources":{"limits":{"cpu":"500m","memory":"300M"},"requests":{"cpu":"100m","memory":"100M"}},"imagePullPolicy":"Always"},"Params":null,"BaseComponent":"Component 23","BaseResources":null,"MaxResources":null}}}],"Component 26":[{"ApiVersion":"v1/beta","Kind":"ComponentDefinition","Metadata":{"Name":"Implementation 26.2","Labels":{},"Annotations":null},"Spec":{"Workload":{"Type":"Container","Definition":{"ApiVersion":"","Kind":""}},"Schematic":{"Definition":{"name":"TestApp","image":"gitlab.ilabt.imec.be:4567/fledge/benchmark/dash:1.0.0-capstan","command":["./dashserver.so"],"resources":{"limits":{"cpu":"500m","memory":"300M"},"requests":{"cpu":"100m","memory":"100M"}},"imagePullPolicy":"Always"},"Params":null,"BaseComponent":"Component 26","BaseResources":null,"MaxResources":null}}}],"Component 40":[{"ApiVersion":"v1/beta","Kind":"ComponentDefinition","Metadata":{"Name":"Implementation 40.1","Labels":{},"Annotations":null},"Spec":{"Workload":{"Type":"Container","Definition":{"ApiVersion":"","Kind":""}},"Schematic":{"Definition":{"name":"TestApp","image":"gitlab.ilabt.imec.be:4567/fledge/benchmark/dash:1.0.0-capstan","command":["./dashserver.so"],"resources":{"limits":{"cpu":"500m","memory":"300M"},"requests":{"cpu":"100m","memory":"100M"}},"imagePullPolicy":"Always"},"Params":null,"BaseComponent":"Component 40","BaseResources":null,"MaxResources":null}}}],"Component 45":[{"ApiVersion":"v1/beta","Kind":"ComponentDefinition","Metadata":{"Name":"Implementation 45.2","Labels":{},"Annotations":null},"Spec":{"Workload":{"Type":"Container","Definition":{"ApiVersion":"","Kind":""}},"Schematic":{"Definition":{"name":"TestApp","image":"gitlab.ilabt.imec.be:4567/fledge/benchmark/dash:1.0.0-capstan","command":["./dashserver.so"],"resources":{"limits":{"cpu":"500m","memory":"300M"},"requests":{"cpu":"100m","memory":"100M"}},"imagePullPolicy":"Always"},"Params":null,"BaseComponent":"Component 45","BaseResources":null,"MaxResources":null}}}]}}