{"discoAPIPort":31004,"repoAPIPort":32004,"initialNodes":[{"name":"f0","ip":"127.0.0.1","distance":0,"discoAPIPort":31000,"repoAPIPort":32000},{"name":"f1","ip":"127.0.0.1","distance":0,"discoAPIPort":31001,"repoAPIPort":32001},{"name":"f2","ip":"127.0.0.1","distance":0,"discoAPIPort":31002,"repoAPIPort":32002},{"name":"f3","ip":"127.0.0.1","distance":0,"discoAPIPort":31003,"repoAPIPort":32003}],"maxPing":20,"nodeID":"f4","nodeType":"servicenode","pingPeriod":3000,"testMode":true,"cheatyMinimalPing":10,"cheatyMinimalPingMap":{"e0":11.650552,"f0":18.763721,"f1":26.485445,"f10":18.53427,"f100":24.617245,"f101":9.7763195,"f102":32.50357,"f103":20.564499,"f104":26.072052,"f105":7.7753415,"f106":26.454515,"f107":20.42817,"f108":42.148666,"f109":10.9062395,"f11":10.100027,"f110":34.67287,"f111":19.014147,"f112":13.904959,"f113":17.266993,"f114":25.679987,"f115":30.009235,"f116":21.323174,"f117":25.10534,"f118":22.982536,"f119":24.173765,"f12":5.9354534,"f120":17.999784,"f121":19.295582,"f122":35.03564,"f123":18.183943,"f124":24.716278,"f125":25.100477,"f126":32.381203,"f127":23.608673,"f128":22.320158,"f129":11.927299,"f13":11.660945,"f130":28.562199,"f131":15.483244,"f132":14.853085,"f133":29.913193,"f134":28.267288,"f135":13.841215,"f136":20.731243,"f137":11.9494295,"f138":12.392759,"f139":25.373653,"f14":20.640549,"f140":6.789183,"f141":17.646465,"f142":19.755287,"f143":9.940794,"f144":2.0531662,"f145":23.7272,"f146":26.417759,"f147":25.812351,"f148":39.314312,"f149":10.856036,"f15":14.891058,"f150":28.942707,"f151":22.299034,"f152":19.31212,"f153":17.357767,"f154":38.85178,"f155":15.8924265,"f156":34.50473,"f157":10.005159,"f158":24.77121,"f159":26.02525,"f16":16.620838,"f160":14.023381,"f161":30.188004,"f162":16.541887,"f163":20.2286,"f164":21.61151,"f165":27.752298,"f166":12.283094,"f167":18.66707,"f168":22.870697,"f169":1.4836425,"f17":38.460464,"f170":19.652239,"f171":18.03299,"f172":22.308407,"f173":14.744953,"f174":14.049727,"f18":20.398766,"f19":7.140383,"f2":19.887543,"f20":32.253902,"f21":9.781348,"f22":19.555498,"f23":11.087636,"f24":16.391153,"f25":21.815395,"f26":2.9068694,"f27":17.64769,"f28":19.328215,"f29":16.17737,"f3":32.807568,"f30":33.178936,"f31":37.317814,"f32":29.154222,"f33":26.358547,"f34":12.961293,"f35":27.161053,"f36":20.735598,"f37":24.502552,"f38":37.845078,"f39":30.178003,"f40":5.334751,"f41":14.989583,"f42":10.743948,"f43":39.404366,"f44":11.176834,"f45":31.424335,"f46":33.090973,"f47":26.761679,"f48":24.589193,"f49":20.353176,"f5":21.967066,"f50":14.120019,"f51":31.842516,"f52":10.522024,"f53":21.083296,"f54":15.331242,"f55":14.804642,"f56":20.14577,"f57":25.482006,"f58":14.272079,"f59":25.897213,"f6":14.2827635,"f60":37.52861,"f61":15.3572035,"f62":9.067005,"f63":12.311714,"f64":19.544464,"f65":33.26155,"f66":28.232458,"f67":23.618567,"f68":15.39822,"f69":13.3094225,"f7":18.139591,"f70":28.642885,"f71":27.316435,"f72":21.327433,"f73":40.70498,"f74":11.617851,"f75":16.041142,"f76":18.65517,"f77":12.122416,"f78":29.510405,"f79":5.370569,"f8":31.059975,"f80":19.839928,"f81":20.129114,"f82":18.212725,"f83":17.897602,"f84":15.567305,"f85":22.807568,"f86":24.591888,"f87":14.97616,"f88":10.955684,"f89":8.983172,"f9":4.6480455,"f90":8.699827,"f91":2.6656942,"f92":22.374449,"f93":20.516476,"f94":22.312668,"f95":17.587858,"f96":14.049676,"f97":14.835346,"f98":12.393817,"f99":17.772797},"BasicComponentDefs":{"Component 21":[{"ApiVersion":"v1/beta","Kind":"ComponentDefinition","Metadata":{"Name":"Implementation 21.1","Labels":{},"Annotations":null},"Spec":{"Workload":{"Type":"Container","Definition":{"ApiVersion":"","Kind":""}},"Schematic":{"Definition":{"name":"TestApp","image":"gitlab.ilabt.imec.be:4567/fledge/benchmark/dash:1.0.0-capstan","command":["./dashserver.so"],"resources":{"limits":{"cpu":"500m","memory":"300M"},"requests":{"cpu":"100m","memory":"100M"}},"imagePullPolicy":"Always"},"Params":null,"BaseComponent":"Component 21","BaseResources":null,"MaxResources":null}}}],"Component 22":[{"ApiVersion":"v1/beta","Kind":"ComponentDefinition","Metadata":{"Name":"Implementation 22.2","Labels":{},"Annotations":null},"Spec":{"Workload":{"Type":"Container","Definition":{"ApiVersion":"","Kind":""}},"Schematic":{"Definition":{"name":"TestApp","image":"gitlab.ilabt.imec.be:4567/fledge/benchmark/dash:1.0.0-capstan","command":["./dashserver.so"],"resources":{"limits":{"cpu":"500m","memory":"300M"},"requests":{"cpu":"100m","memory":"100M"}},"imagePullPolicy":"Always"},"Params":null,"BaseComponent":"Component 22","BaseResources":null,"MaxResources":null}}}],"Component 24":[{"ApiVersion":"v1/beta","Kind":"ComponentDefinition","Metadata":{"Name":"Implementation 24.1","Labels":{},"Annotations":null},"Spec":{"Workload":{"Type":"Container","Definition":{"ApiVersion":"","Kind":""}},"Schematic":{"Definition":{"name":"TestApp","image":"gitlab.ilabt.imec.be:4567/fledge/benchmark/dash:1.0.0-capstan","command":["./dashserver.so"],"resources":{"limits":{"cpu":"500m","memory":"300M"},"requests":{"cpu":"100m","memory":"100M"}},"imagePullPolicy":"Always"},"Params":null,"BaseComponent":"Component 24","BaseResources":null,"MaxResources":null}}}],"Component 47":[{"ApiVersion":"v1/beta","Kind":"ComponentDefinition","Metadata":{"Name":"Implementation 47.1","Labels":{},"Annotations":null},"Spec":{"Workload":{"Type":"Container","Definition":{"ApiVersion":"","Kind":""}},"Schematic":{"Definition":{"name":"TestApp","image":"gitlab.ilabt.imec.be:4567/fledge/benchmark/dash:1.0.0-capstan","command":["./dashserver.so"],"resources":{"limits":{"cpu":"500m","memory":"300M"},"requests":{"cpu":"100m","memory":"100M"}},"imagePullPolicy":"Always"},"Params":null,"BaseComponent":"Component 47","BaseResources":null,"MaxResources":null}}}],"Component 7":[{"ApiVersion":"v1/beta","Kind":"ComponentDefinition","Metadata":{"Name":"Implementation 7.2","Labels":{},"Annotations":null},"Spec":{"Workload":{"Type":"Container","Definition":{"ApiVersion":"","Kind":""}},"Schematic":{"Definition":{"name":"TestApp","image":"gitlab.ilabt.imec.be:4567/fledge/benchmark/dash:1.0.0-capstan","command":["./dashserver.so"],"resources":{"limits":{"cpu":"500m","memory":"300M"},"requests":{"cpu":"100m","memory":"100M"}},"imagePullPolicy":"Always"},"Params":null,"BaseComponent":"Component 7","BaseResources":null,"MaxResources":null}}}]}}