{"discoAPIPort":31000,"repoAPIPort":32000,"initialNodes":[],"maxPing":10,"nodeID":"f0","nodeType":"servicenode","pingPeriod":3000,"testMode":true,"cheatyMinimalPing":10,"cheatyMinimalPingMap":{"e0":25.748962,"f1":6.560494,"f10":14.189679,"f11":17.976055,"f12":17.82287,"f13":44.97832,"f14":28.922289,"f15":8.726375,"f16":8.794575,"f17":46.81066,"f18":52.78997,"f19":20.918655,"f2":19.963442,"f20":40.546524,"f21":47.266834,"f22":23.538383,"f23":5.939597,"f24":29.780647,"f25":38.578953,"f26":32.34459,"f27":7.597028,"f28":34.136356,"f29":6.6796284,"f3":24.752592,"f30":20.302017,"f31":42.589115,"f32":16.69645,"f33":31.40955,"f34":28.405714,"f35":48.35258,"f36":26.736282,"f37":8.660149,"f38":49.786655,"f39":9.450596,"f4":33.30383,"f40":36.52855,"f41":53.004868,"f42":9.227606,"f43":16.728981,"f44":8.352873,"f45":46.19488,"f46":21.904976,"f47":39.939133,"f48":36.018368,"f49":52.77028,"f5":8.262749,"f50":30.478073,"f51":5.9546576,"f52":20.99926,"f53":30.906788,"f54":7.933385,"f55":15.134165,"f56":18.303783,"f57":36.194897,"f58":31.606144,"f59":30.216196,"f6":44.809658,"f60":8.814858,"f61":54.023376,"f62":41.094036,"f63":40.897793,"f64":10.763302,"f65":22.184393,"f66":17.258455,"f67":16.880878,"f68":55.44394,"f69":14.097184,"f7":4.2251606,"f70":28.931963,"f71":48.659122,"f72":8.031614,"f73":25.11097,"f74":35.528725,"f8":31.946001,"f9":42.950577},"BasicComponentDefs":{"Component 16":[{"ApiVersion":"v1/beta","Kind":"ComponentDefinition","Metadata":{"Name":"Implementation 16.1","Labels":{},"Annotations":null},"Spec":{"Workload":{"Type":"Container","Definition":{"ApiVersion":"","Kind":""}},"Schematic":{"Definition":{"name":"TestApp","image":"gitlab.ilabt.imec.be:4567/fledge/benchmark/dash:1.0.0-capstan","command":["./dashserver.so"],"resources":{"limits":{"cpu":"500m","memory":"300M"},"requests":{"cpu":"100m","memory":"100M"}},"imagePullPolicy":"Always"},"Params":null,"BaseComponent":"Component 16","BaseResources":null,"MaxResources":null}}}],"Component 27":[{"ApiVersion":"v1/beta","Kind":"ComponentDefinition","Metadata":{"Name":"Implementation 27.2","Labels":{},"Annotations":null},"Spec":{"Workload":{"Type":"Container","Definition":{"ApiVersion":"","Kind":""}},"Schematic":{"Definition":{"name":"TestApp","image":"gitlab.ilabt.imec.be:4567/fledge/benchmark/dash:1.0.0-capstan","command":["./dashserver.so"],"resources":{"limits":{"cpu":"500m","memory":"300M"},"requests":{"cpu":"100m","memory":"100M"}},"imagePullPolicy":"Always"},"Params":null,"BaseComponent":"Component 27","BaseResources":null,"MaxResources":null}}}],"Component 29":[{"ApiVersion":"v1/beta","Kind":"ComponentDefinition","Metadata":{"Name":"Implementation 29.1","Labels":{},"Annotations":null},"Spec":{"Workload":{"Type":"Container","Definition":{"ApiVersion":"","Kind":""}},"Schematic":{"Definition":{"name":"TestApp","image":"gitlab.ilabt.imec.be:4567/fledge/benchmark/dash:1.0.0-capstan","command":["./dashserver.so"],"resources":{"limits":{"cpu":"500m","memory":"300M"},"requests":{"cpu":"100m","memory":"100M"}},"imagePullPolicy":"Always"},"Params":null,"BaseComponent":"Component 29","BaseResources":null,"MaxResources":null}}}],"Component 43":[{"ApiVersion":"v1/beta","Kind":"ComponentDefinition","Metadata":{"Name":"Implementation 43.1","Labels":{},"Annotations":null},"Spec":{"Workload":{"Type":"Container","Definition":{"ApiVersion":"","Kind":""}},"Schematic":{"Definition":{"name":"TestApp","image":"gitlab.ilabt.imec.be:4567/fledge/benchmark/dash:1.0.0-capstan","command":["./dashserver.so"],"resources":{"limits":{"cpu":"500m","memory":"300M"},"requests":{"cpu":"100m","memory":"100M"}},"imagePullPolicy":"Always"},"Params":null,"BaseComponent":"Component 43","BaseResources":null,"MaxResources":null}}}],"Component 49":[{"ApiVersion":"v1/beta","Kind":"ComponentDefinition","Metadata":{"Name":"Implementation 49.1","Labels":{},"Annotations":null},"Spec":{"Workload":{"Type":"Container","Definition":{"ApiVersion":"","Kind":""}},"Schematic":{"Definition":{"name":"TestApp","image":"gitlab.ilabt.imec.be:4567/fledge/benchmark/dash:1.0.0-capstan","command":["./dashserver.so"],"resources":{"limits":{"cpu":"500m","memory":"300M"},"requests":{"cpu":"100m","memory":"100M"}},"imagePullPolicy":"Always"},"Params":null,"BaseComponent":"Component 49","BaseResources":null,"MaxResources":null}}}]}}