{"discoAPIPort":31001,"repoAPIPort":32001,"initialNodes":[{"name":"f0","ip":"127.0.0.1","distance":0,"discoAPIPort":31000,"repoAPIPort":32000}],"maxPing":10,"nodeID":"f1","nodeType":"servicenode","pingPeriod":3000,"testMode":true,"cheatyMinimalPing":10,"cheatyMinimalPingMap":{"e0":34.005764,"f0":6.560494,"f10":20.213867,"f11":27.195005,"f12":22.562107,"f13":51.177765,"f14":34.663548,"f15":15.720886,"f16":13.2639265,"f17":46.163795,"f18":61.010662,"f19":26.840052,"f2":22.835333,"f20":42.031883,"f21":62.939293,"f22":27.598007,"f23":10.436292,"f24":27.868435,"f25":50.124638,"f26":50.7434,"f27":13.875431,"f28":46.00647,"f29":11.381397,"f3":23.7463,"f30":26.003681,"f31":36.1069,"f32":28.408777,"f33":35.190254,"f34":24.423353,"f35":56.74251,"f36":32.209053,"f37":16.165775,"f38":61.185486,"f39":15.279912,"f4":42.952682,"f40":43.615303,"f41":55.741096,"f42":13.167115,"f43":19.816023,"f44":14.437963,"f45":66.91148,"f46":24.512087,"f47":47.40657,"f48":41.843903,"f49":55.320534,"f5":18.429508,"f50":33.08895,"f51":3.796002,"f52":22.326687,"f53":37.80636,"f54":4.218669,"f55":24.436684,"f56":27.597754,"f57":41.775955,"f58":37.261784,"f59":48.36988,"f6":65.66528,"f60":14.506899,"f61":73.37473,"f62":42.480446,"f63":47.351593,"f64":19.064198,"f65":24.48876,"f66":19.327986,"f67":23.15219,"f68":56.248093,"f69":18.343933,"f7":7.9915824,"f70":35.037224,"f71":53.970776,"f72":14.656733,"f73":33.735435,"f74":47.884552,"f8":43.059715,"f9":52.428932},"BasicComponentDefs":{"Component 12":[{"ApiVersion":"v1/beta","Kind":"ComponentDefinition","Metadata":{"Name":"Implementation 12.1","Labels":{},"Annotations":null},"Spec":{"Workload":{"Type":"Container","Definition":{"ApiVersion":"","Kind":""}},"Schematic":{"Definition":{"name":"TestApp","image":"gitlab.ilabt.imec.be:4567/fledge/benchmark/dash:1.0.0-capstan","command":["./dashserver.so"],"resources":{"limits":{"cpu":"500m","memory":"300M"},"requests":{"cpu":"100m","memory":"100M"}},"imagePullPolicy":"Always"},"Params":null,"BaseComponent":"Component 12","BaseResources":null,"MaxResources":null}}}],"Component 17":[{"ApiVersion":"v1/beta","Kind":"ComponentDefinition","Metadata":{"Name":"Implementation 17.2","Labels":{},"Annotations":null},"Spec":{"Workload":{"Type":"Container","Definition":{"ApiVersion":"","Kind":""}},"Schematic":{"Definition":{"name":"TestApp","image":"gitlab.ilabt.imec.be:4567/fledge/benchmark/dash:1.0.0-capstan","command":["./dashserver.so"],"resources":{"limits":{"cpu":"500m","memory":"300M"},"requests":{"cpu":"100m","memory":"100M"}},"imagePullPolicy":"Always"},"Params":null,"BaseComponent":"Component 17","BaseResources":null,"MaxResources":null}}}],"Component 19":[{"ApiVersion":"v1/beta","Kind":"ComponentDefinition","Metadata":{"Name":"Implementation 19.2","Labels":{},"Annotations":null},"Spec":{"Workload":{"Type":"Container","Definition":{"ApiVersion":"","Kind":""}},"Schematic":{"Definition":{"name":"TestApp","image":"gitlab.ilabt.imec.be:4567/fledge/benchmark/dash:1.0.0-capstan","command":["./dashserver.so"],"resources":{"limits":{"cpu":"500m","memory":"300M"},"requests":{"cpu":"100m","memory":"100M"}},"imagePullPolicy":"Always"},"Params":null,"BaseComponent":"Component 19","BaseResources":null,"MaxResources":null}}}],"Component 43":[{"ApiVersion":"v1/beta","Kind":"ComponentDefinition","Metadata":{"Name":"Implementation 43.2","Labels":{},"Annotations":null},"Spec":{"Workload":{"Type":"Container","Definition":{"ApiVersion":"","Kind":""}},"Schematic":{"Definition":{"name":"TestApp","image":"gitlab.ilabt.imec.be:4567/fledge/benchmark/dash:1.0.0-capstan","command":["./dashserver.so"],"resources":{"limits":{"cpu":"500m","memory":"300M"},"requests":{"cpu":"100m","memory":"100M"}},"imagePullPolicy":"Always"},"Params":null,"BaseComponent":"Component 43","BaseResources":null,"MaxResources":null}}}],"Component 44":[{"ApiVersion":"v1/beta","Kind":"ComponentDefinition","Metadata":{"Name":"Implementation 44.2","Labels":{},"Annotations":null},"Spec":{"Workload":{"Type":"Container","Definition":{"ApiVersion":"","Kind":""}},"Schematic":{"Definition":{"name":"TestApp","image":"gitlab.ilabt.imec.be:4567/fledge/benchmark/dash:1.0.0-capstan","command":["./dashserver.so"],"resources":{"limits":{"cpu":"500m","memory":"300M"},"requests":{"cpu":"100m","memory":"100M"}},"imagePullPolicy":"Always"},"Params":null,"BaseComponent":"Component 44","BaseResources":null,"MaxResources":null}}}]}}