{"discoAPIPort":31002,"repoAPIPort":32002,"initialNodes":[{"name":"f0","ip":"127.0.0.1","distance":0,"discoAPIPort":31000,"repoAPIPort":32000},{"name":"f1","ip":"127.0.0.1","distance":0,"discoAPIPort":31001,"repoAPIPort":32001}],"maxPing":10,"nodeID":"f2","nodeType":"servicenode","pingPeriod":3000,"testMode":true,"cheatyMinimalPing":10,"cheatyMinimalPingMap":{"e0":27.336561,"f0":19.963442,"f1":22.835333,"f10":1.0014623,"f11":15.827839,"f12":6.394963,"f13":47.426052,"f14":20.530159,"f15":11.364489,"f16":21.163506,"f17":55.62911,"f18":56.714844,"f19":22.16563,"f20":39.34539,"f21":58.981956,"f22":35.360737,"f23":11.838383,"f24":8.948535,"f25":48.95309,"f26":42.49522,"f27":12.569654,"f28":51.735207,"f29":8.52443,"f3":6.1326385,"f30":12.926656,"f31":40.75024,"f32":19.176464,"f33":41.70452,"f34":9.556669,"f35":44.224766,"f36":29.0374,"f37":9.747573,"f38":47.067932,"f39":8.7377205,"f4":36.713463,"f40":31.120909,"f41":58.053562,"f42":20.129997,"f43":21.691439,"f44":19.529821,"f45":62.4078,"f46":4.1244802,"f47":25.493065,"f48":22.001795,"f49":42.269043,"f5":22.902071,"f50":22.634659,"f51":23.155966,"f52":7.9043674,"f53":24.854177,"f54":23.141895,"f55":17.186457,"f56":8.124319,"f57":38.395733,"f58":43.55123,"f59":36.171963,"f6":54.636562,"f60":9.304863,"f61":58.224827,"f62":38.14035,"f63":27.324343,"f64":4.1728435,"f65":23.183105,"f66":4.185991,"f67":27.586643,"f68":49.085728,"f69":25.19173,"f7":21.738743,"f70":20.49148,"f71":50.1091,"f72":17.522116,"f73":34.14909,"f74":40.644836,"f8":30.033056,"f9":46.34995},"BasicComponentDefs":{"Component 2":[{"ApiVersion":"v1/beta","Kind":"ComponentDefinition","Metadata":{"Name":"Implementation 2.1","Labels":{},"Annotations":null},"Spec":{"Workload":{"Type":"Container","Definition":{"ApiVersion":"","Kind":""}},"Schematic":{"Definition":{"name":"TestApp","image":"gitlab.ilabt.imec.be:4567/fledge/benchmark/dash:1.0.0-capstan","command":["./dashserver.so"],"resources":{"limits":{"cpu":"500m","memory":"300M"},"requests":{"cpu":"100m","memory":"100M"}},"imagePullPolicy":"Always"},"Params":null,"BaseComponent":"Component 2","BaseResources":null,"MaxResources":null}}}],"Component 23":[{"ApiVersion":"v1/beta","Kind":"ComponentDefinition","Metadata":{"Name":"Implementation 23.1","Labels":{},"Annotations":null},"Spec":{"Workload":{"Type":"Container","Definition":{"ApiVersion":"","Kind":""}},"Schematic":{"Definition":{"name":"TestApp","image":"gitlab.ilabt.imec.be:4567/fledge/benchmark/dash:1.0.0-capstan","command":["./dashserver.so"],"resources":{"limits":{"cpu":"500m","memory":"300M"},"requests":{"cpu":"100m","memory":"100M"}},"imagePullPolicy":"Always"},"Params":null,"BaseComponent":"Component 23","BaseResources":null,"MaxResources":null}}}],"Component 24":[{"ApiVersion":"v1/beta","Kind":"ComponentDefinition","Metadata":{"Name":"Implementation 24.1","Labels":{},"Annotations":null},"Spec":{"Workload":{"Type":"Container","Definition":{"ApiVersion":"","Kind":""}},"Schematic":{"Definition":{"name":"TestApp","image":"gitlab.ilabt.imec.be:4567/fledge/benchmark/dash:1.0.0-capstan","command":["./dashserver.so"],"resources":{"limits":{"cpu":"500m","memory":"300M"},"requests":{"cpu":"100m","memory":"100M"}},"imagePullPolicy":"Always"},"Params":null,"BaseComponent":"Component 24","BaseResources":null,"MaxResources":null}}}],"Component 29":[{"ApiVersion":"v1/beta","Kind":"ComponentDefinition","Metadata":{"Name":"Implementation 29.2","Labels":{},"Annotations":null},"Spec":{"Workload":{"Type":"Container","Definition":{"ApiVersion":"","Kind":""}},"Schematic":{"Definition":{"name":"TestApp","image":"gitlab.ilabt.imec.be:4567/fledge/benchmark/dash:1.0.0-capstan","command":["./dashserver.so"],"resources":{"limits":{"cpu":"500m","memory":"300M"},"requests":{"cpu":"100m","memory":"100M"}},"imagePullPolicy":"Always"},"Params":null,"BaseComponent":"Component 29","BaseResources":null,"MaxResources":null}}}],"Component 49":[{"ApiVersion":"v1/beta","Kind":"ComponentDefinition","Metadata":{"Name":"Implementation 49.1","Labels":{},"Annotations":null},"Spec":{"Workload":{"Type":"Container","Definition":{"ApiVersion":"","Kind":""}},"Schematic":{"Definition":{"name":"TestApp","image":"gitlab.ilabt.imec.be:4567/fledge/benchmark/dash:1.0.0-capstan","command":["./dashserver.so"],"resources":{"limits":{"cpu":"500m","memory":"300M"},"requests":{"cpu":"100m","memory":"100M"}},"imagePullPolicy":"Always"},"Params":null,"BaseComponent":"Component 49","BaseResources":null,"MaxResources":null}}}]}}