{"discoAPIPort":31003,"repoAPIPort":32003,"initialNodes":[{"name":"f0","ip":"127.0.0.1","distance":0,"discoAPIPort":31000,"repoAPIPort":32000},{"name":"f1","ip":"127.0.0.1","distance":0,"discoAPIPort":31001,"repoAPIPort":32001},{"name":"f2","ip":"127.0.0.1","distance":0,"discoAPIPort":31002,"repoAPIPort":32002}],"maxPing":10,"nodeID":"f3","nodeType":"servicenode","pingPeriod":3000,"testMode":true,"cheatyMinimalPing":10,"cheatyMinimalPingMap":{"e0":27.396505,"f0":24.752592,"f1":23.7463,"f10":7.705178,"f11":22.911253,"f12":2.8624427,"f13":49.050934,"f14":13.545741,"f15":13.852994,"f16":27.594872,"f17":55.433105,"f18":43.317642,"f19":26.536894,"f2":6.1326385,"f20":38.43035,"f21":51.823174,"f22":34.742073,"f23":13.849821,"f24":5.1108403,"f25":38.07001,"f26":36.085506,"f27":18.406185,"f28":49.808784,"f29":14.246394,"f30":17.398045,"f31":38.3059,"f32":15.42875,"f33":36.229733,"f34":8.149721,"f35":30.1794,"f36":32.77612,"f37":17.448753,"f38":45.894917,"f39":13.094302,"f4":42.580513,"f40":22.915735,"f41":47.247425,"f42":28.486885,"f43":33.3888,"f44":16.122435,"f45":49.383163,"f46":4.834683,"f47":21.825974,"f48":21.159801,"f49":42.32028,"f5":24.547686,"f50":19.933054,"f51":33.363308,"f52":8.106008,"f53":17.726786,"f54":25.330627,"f55":20.169352,"f56":4.427869,"f57":26.637539,"f58":30.795444,"f59":49.528526,"f6":49.96092,"f60":15.535902,"f61":43.022438,"f62":32.89514,"f63":29.812689,"f64":11.831142,"f65":20.450298,"f66":6.8595114,"f67":21.929451,"f68":47.230293,"f69":26.146545,"f7":28.23782,"f70":19.668247,"f71":39.779007,"f72":28.804142,"f73":34.901352,"f74":41.864265,"f8":21.407253,"f9":46.194767},"BasicComponentDefs":{"Component 40":[{"ApiVersion":"v1/beta","Kind":"ComponentDefinition","Metadata":{"Name":"Implementation 40.2","Labels":{},"Annotations":null},"Spec":{"Workload":{"Type":"Container","Definition":{"ApiVersion":"","Kind":""}},"Schematic":{"Definition":{"name":"TestApp","image":"gitlab.ilabt.imec.be:4567/fledge/benchmark/dash:1.0.0-capstan","command":["./dashserver.so"],"resources":{"limits":{"cpu":"500m","memory":"300M"},"requests":{"cpu":"100m","memory":"100M"}},"imagePullPolicy":"Always"},"Params":null,"BaseComponent":"Component 40","BaseResources":null,"MaxResources":null}}},{"ApiVersion":"v1/beta","Kind":"ComponentDefinition","Metadata":{"Name":"Implementation 40.2","Labels":{},"Annotations":null},"Spec":{"Workload":{"Type":"Container","Definition":{"ApiVersion":"","Kind":""}},"Schematic":{"Definition":{"name":"TestApp","image":"gitlab.ilabt.imec.be:4567/fledge/benchmark/dash:1.0.0-capstan","command":["./dashserver.so"],"resources":{"limits":{"cpu":"500m","memory":"300M"},"requests":{"cpu":"100m","memory":"100M"}},"imagePullPolicy":"Always"},"Params":null,"BaseComponent":"Component 40","BaseResources":null,"MaxResources":null}}}],"Component 44":[{"ApiVersion":"v1/beta","Kind":"ComponentDefinition","Metadata":{"Name":"Implementation 44.1","Labels":{},"Annotations":null},"Spec":{"Workload":{"Type":"Container","Definition":{"ApiVersion":"","Kind":""}},"Schematic":{"Definition":{"name":"TestApp","image":"gitlab.ilabt.imec.be:4567/fledge/benchmark/dash:1.0.0-capstan","command":["./dashserver.so"],"resources":{"limits":{"cpu":"500m","memory":"300M"},"requests":{"cpu":"100m","memory":"100M"}},"imagePullPolicy":"Always"},"Params":null,"BaseComponent":"Component 44","BaseResources":null,"MaxResources":null}}}],"Component 5":[{"ApiVersion":"v1/beta","Kind":"ComponentDefinition","Metadata":{"Name":"Implementation 5.1","Labels":{},"Annotations":null},"Spec":{"Workload":{"Type":"Container","Definition":{"ApiVersion":"","Kind":""}},"Schematic":{"Definition":{"name":"TestApp","image":"gitlab.ilabt.imec.be:4567/fledge/benchmark/dash:1.0.0-capstan","command":["./dashserver.so"],"resources":{"limits":{"cpu":"500m","memory":"300M"},"requests":{"cpu":"100m","memory":"100M"}},"imagePullPolicy":"Always"},"Params":null,"BaseComponent":"Component 5","BaseResources":null,"MaxResources":null}}}],"Component 8":[{"ApiVersion":"v1/beta","Kind":"ComponentDefinition","Metadata":{"Name":"Implementation 8.1","Labels":{},"Annotations":null},"Spec":{"Workload":{"Type":"Container","Definition":{"ApiVersion":"","Kind":""}},"Schematic":{"Definition":{"name":"TestApp","image":"gitlab.ilabt.imec.be:4567/fledge/benchmark/dash:1.0.0-capstan","command":["./dashserver.so"],"resources":{"limits":{"cpu":"500m","memory":"300M"},"requests":{"cpu":"100m","memory":"100M"}},"imagePullPolicy":"Always"},"Params":null,"BaseComponent":"Component 8","BaseResources":null,"MaxResources":null}}}]}}