{"discoAPIPort":31004,"repoAPIPort":32004,"initialNodes":[{"name":"f0","ip":"127.0.0.1","distance":0,"discoAPIPort":31000,"repoAPIPort":32000},{"name":"f1","ip":"127.0.0.1","distance":0,"discoAPIPort":31001,"repoAPIPort":32001},{"name":"f2","ip":"127.0.0.1","distance":0,"discoAPIPort":31002,"repoAPIPort":32002},{"name":"f3","ip":"127.0.0.1","distance":0,"discoAPIPort":31003,"repoAPIPort":32003}],"maxPing":10,"nodeID":"f4","nodeType":"servicenode","pingPeriod":3000,"testMode":true,"cheatyMinimalPing":10,"cheatyMinimalPingMap":{"e0":7.5386825,"f0":33.30383,"f1":42.952682,"f10":34.022266,"f11":18.248161,"f12":28.881018,"f13":30.713636,"f14":17.96475,"f15":29.750824,"f16":22.864317,"f17":10.742256,"f18":17.520262,"f19":9.293988,"f2":36.713463,"f20":10.59135,"f21":19.451805,"f22":12.842771,"f23":30.996353,"f24":39.10486,"f25":27.338253,"f26":14.500291,"f27":26.828535,"f28":12.0594225,"f29":40.034996,"f3":42.580513,"f30":22.572691,"f31":17.358034,"f32":22.144165,"f33":5.167473,"f34":52.00429,"f35":18.733984,"f36":9.498975,"f37":24.32688,"f38":22.316324,"f39":36.046326,"f40":13.958245,"f41":28.781141,"f42":26.507534,"f43":13.332248,"f44":23.263355,"f45":24.553476,"f46":39.030273,"f47":23.121603,"f48":18.729305,"f49":19.625702,"f5":18.71706,"f50":23.063412,"f51":37.19743,"f52":34.171707,"f53":23.788069,"f54":32.608517,"f55":17.74573,"f56":33.696606,"f57":27.777233,"f58":11.015223,"f59":6.827249,"f6":20.203743,"f60":34.509155,"f61":29.9383,"f62":14.332523,"f63":28.474325,"f64":35.807774,"f65":12.459014,"f66":36.74068,"f67":12.785666,"f68":30.10478,"f69":19.853943,"f7":29.199966,"f70":19.136332,"f71":20.343771,"f72":20.955717,"f73":5.178092,"f74":12.059732,"f8":25.929792,"f9":23.768543},"BasicComponentDefs":{"Component 1":[{"ApiVersion":"v1/beta","Kind":"ComponentDefinition","Metadata":{"Name":"Implementation 1.2","Labels":{},"Annotations":null},"Spec":{"Workload":{"Type":"Container","Definition":{"ApiVersion":"","Kind":""}},"Schematic":{"Definition":{"name":"TestApp","image":"gitlab.ilabt.imec.be:4567/fledge/benchmark/dash:1.0.0-capstan","command":["./dashserver.so"],"resources":{"limits":{"cpu":"500m","memory":"300M"},"requests":{"cpu":"100m","memory":"100M"}},"imagePullPolicy":"Always"},"Params":null,"BaseComponent":"Component 1","BaseResources":null,"MaxResources":null}}}],"Component 11":[{"ApiVersion":"v1/beta","Kind":"ComponentDefinition","Metadata":{"Name":"Implementation 11.2","Labels":{},"Annotations":null},"Spec":{"Workload":{"Type":"Container","Definition":{"ApiVersion":"","Kind":""}},"Schematic":{"Definition":{"name":"TestApp","image":"gitlab.ilabt.imec.be:4567/fledge/benchmark/dash:1.0.0-capstan","command":["./dashserver.so"],"resources":{"limits":{"cpu":"500m","memory":"300M"},"requests":{"cpu":"100m","memory":"100M"}},"imagePullPolicy":"Always"},"Params":null,"BaseComponent":"Component 11","BaseResources":null,"MaxResources":null}}}],"Component 24":[{"ApiVersion":"v1/beta","Kind":"ComponentDefinition","Metadata":{"Name":"Implementation 24.2","Labels":{},"Annotations":null},"Spec":{"Workload":{"Type":"Container","Definition":{"ApiVersion":"","Kind":""}},"Schematic":{"Definition":{"name":"TestApp","image":"gitlab.ilabt.imec.be:4567/fledge/benchmark/dash:1.0.0-capstan","command":["./dashserver.so"],"resources":{"limits":{"cpu":"500m","memory":"300M"},"requests":{"cpu":"100m","memory":"100M"}},"imagePullPolicy":"Always"},"Params":null,"BaseComponent":"Component 24","BaseResources":null,"MaxResources":null}}}],"Component 30":[{"ApiVersion":"v1/beta","Kind":"ComponentDefinition","Metadata":{"Name":"Implementation 30.2","Labels":{},"Annotations":null},"Spec":{"Workload":{"Type":"Container","Definition":{"ApiVersion":"","Kind":""}},"Schematic":{"Definition":{"name":"TestApp","image":"gitlab.ilabt.imec.be:4567/fledge/benchmark/dash:1.0.0-capstan","command":["./dashserver.so"],"resources":{"limits":{"cpu":"500m","memory":"300M"},"requests":{"cpu":"100m","memory":"100M"}},"imagePullPolicy":"Always"},"Params":null,"BaseComponent":"Component 30","BaseResources":null,"MaxResources":null}}}],"Component 48":[{"ApiVersion":"v1/beta","Kind":"ComponentDefinition","Metadata":{"Name":"Implementation 48.1","Labels":{},"Annotations":null},"Spec":{"Workload":{"Type":"Container","Definition":{"ApiVersion":"","Kind":""}},"Schematic":{"Definition":{"name":"TestApp","image":"gitlab.ilabt.imec.be:4567/fledge/benchmark/dash:1.0.0-capstan","command":["./dashserver.so"],"resources":{"limits":{"cpu":"500m","memory":"300M"},"requests":{"cpu":"100m","memory":"100M"}},"imagePullPolicy":"Always"},"Params":null,"BaseComponent":"Component 48","BaseResources":null,"MaxResources":null}}}]}}