{"discoAPIPort":31000,"repoAPIPort":32000,"initialNodes":[],"maxPing":20,"nodeID":"f0","nodeType":"servicenode","pingPeriod":3000,"testMode":true,"cheatyMinimalPing":10,"cheatyMinimalPingMap":{"e0":29.285772,"f1":52.31685,"f10":45.762226,"f100":13.058634,"f101":56.481113,"f102":30.547739,"f103":46.595932,"f104":27.198963,"f105":32.113617,"f106":54.82274,"f107":47.56218,"f108":20.376532,"f109":18.310816,"f11":35.92149,"f110":46.054585,"f111":30.133217,"f112":39.013054,"f113":51.41022,"f114":57.667767,"f115":30.135754,"f116":28.901564,"f117":26.381218,"f118":34.804268,"f119":24.412392,"f12":43.312874,"f120":22.446127,"f121":36.779346,"f122":46.639412,"f123":26.17237,"f124":54.918167,"f125":51.53949,"f126":20.721931,"f127":5.7149777,"f128":49.647778,"f129":25.234993,"f13":47.938267,"f130":29.613968,"f131":11.290509,"f132":43.78529,"f133":23.772718,"f134":24.927372,"f135":27.029438,"f136":25.18234,"f137":7.192802,"f138":15.453779,"f139":62.938965,"f14":33.986366,"f140":49.33312,"f141":59.22506,"f142":37.56241,"f143":67.81859,"f144":20.3776,"f145":56.572353,"f146":50.24689,"f147":42.637722,"f148":31.397612,"f149":17.43946,"f15":20.414051,"f16":34.14497,"f17":26.39476,"f18":59.30719,"f19":41.227936,"f2":8.834353,"f20":19.68518,"f21":42.806286,"f22":42.368477,"f23":55.230827,"f24":47.659256,"f25":36.278973,"f26":18.386957,"f27":8.365155,"f28":45.219334,"f29":42.18721,"f3":36.350876,"f30":27.468792,"f31":53.102085,"f32":16.333126,"f33":69.13333,"f34":61.056973,"f35":54.05845,"f36":49.767372,"f37":9.998386,"f38":34.94581,"f39":15.550045,"f4":6.5090594,"f40":34.237698,"f41":11.852122,"f42":41.439297,"f43":2.0247746,"f44":33.369747,"f45":25.570818,"f46":8.076741,"f47":31.392374,"f48":22.770449,"f49":19.215654,"f5":37.388996,"f50":28.42937,"f51":2.327737,"f52":15.184611,"f53":32.742416,"f54":36.409084,"f55":45.433212,"f56":66.70234,"f57":37.929596,"f58":42.828575,"f59":50.38103,"f6":13.731373,"f60":11.55679,"f61":27.014267,"f62":43.781628,"f63":59.477898,"f64":42.940605,"f65":19.192083,"f66":19.140718,"f67":23.243204,"f68":58.219578,"f69":12.787194,"f7":49.06254,"f70":41.293186,"f71":24.674023,"f72":33.701855,"f73":64.40209,"f74":25.093761,"f75":39.55697,"f76":3.8185387,"f77":62.194344,"f78":63.86224,"f79":52.825947,"f8":15.142437,"f80":34.87539,"f81":11.412808,"f82":6.4235725,"f83":62.636868,"f84":40.63453,"f85":30.773384,"f86":21.44873,"f87":36.622574,"f88":36.94115,"f89":29.495268,"f9":7.116762,"f90":54.551655,"f91":42.19322,"f92":43.51749,"f93":40.898922,"f94":25.132076,"f95":44.285263,"f96":61.844006,"f97":31.30583,"f98":37.50822,"f99":36.522964},"BasicComponentDefs":{"Component 17":[{"ApiVersion":"v1/beta","Kind":"ComponentDefinition","Metadata":{"Name":"Implementation 17.1","Labels":{},"Annotations":null},"Spec":{"Workload":{"Type":"Container","Definition":{"ApiVersion":"","Kind":""}},"Schematic":{"Definition":{"name":"TestApp","image":"gitlab.ilabt.imec.be:4567/fledge/benchmark/dash:1.0.0-capstan","command":["./dashserver.so"],"resources":{"limits":{"cpu":"500m","memory":"300M"},"requests":{"cpu":"100m","memory":"100M"}},"imagePullPolicy":"Always"},"Params":null,"BaseComponent":"Component 17","BaseResources":null,"MaxResources":null}}}],"Component 24":[{"ApiVersion":"v1/beta","Kind":"ComponentDefinition","Metadata":{"Name":"Implementation 24.2","Labels":{},"Annotations":null},"Spec":{"Workload":{"Type":"Container","Definition":{"ApiVersion":"","Kind":""}},"Schematic":{"Definition":{"name":"TestApp","image":"gitlab.ilabt.imec.be:4567/fledge/benchmark/dash:1.0.0-capstan","command":["./dashserver.so"],"resources":{"limits":{"cpu":"500m","memory":"300M"},"requests":{"cpu":"100m","memory":"100M"}},"imagePullPolicy":"Always"},"Params":null,"BaseComponent":"Component 24","BaseResources":null,"MaxResources":null}}}],"Component 26":[{"ApiVersion":"v1/beta","Kind":"ComponentDefinition","Metadata":{"Name":"Implementation 26.2","Labels":{},"Annotations":null},"Spec":{"Workload":{"Type":"Container","Definition":{"ApiVersion":"","Kind":""}},"Schematic":{"Definition":{"name":"TestApp","image":"gitlab.ilabt.imec.be:4567/fledge/benchmark/dash:1.0.0-capstan","command":["./dashserver.so"],"resources":{"limits":{"cpu":"500m","memory":"300M"},"requests":{"cpu":"100m","memory":"100M"}},"imagePullPolicy":"Always"},"Params":null,"BaseComponent":"Component 26","BaseResources":null,"MaxResources":null}}}],"Component 30":[{"ApiVersion":"v1/beta","Kind":"ComponentDefinition","Metadata":{"Name":"Implementation 30.2","Labels":{},"Annotations":null},"Spec":{"Workload":{"Type":"Container","Definition":{"ApiVersion":"","Kind":""}},"Schematic":{"Definition":{"name":"TestApp","image":"gitlab.ilabt.imec.be:4567/fledge/benchmark/dash:1.0.0-capstan","command":["./dashserver.so"],"resources":{"limits":{"cpu":"500m","memory":"300M"},"requests":{"cpu":"100m","memory":"100M"}},"imagePullPolicy":"Always"},"Params":null,"BaseComponent":"Component 30","BaseResources":null,"MaxResources":null}}}],"Component 41":[{"ApiVersion":"v1/beta","Kind":"ComponentDefinition","Metadata":{"Name":"Implementation 41.1","Labels":{},"Annotations":null},"Spec":{"Workload":{"Type":"Container","Definition":{"ApiVersion":"","Kind":""}},"Schematic":{"Definition":{"name":"TestApp","image":"gitlab.ilabt.imec.be:4567/fledge/benchmark/dash:1.0.0-capstan","command":["./dashserver.so"],"resources":{"limits":{"cpu":"500m","memory":"300M"},"requests":{"cpu":"100m","memory":"100M"}},"imagePullPolicy":"Always"},"Params":null,"BaseComponent":"Component 41","BaseResources":null,"MaxResources":null}}}]}}