{"discoAPIPort":31001,"repoAPIPort":32001,"initialNodes":[{"name":"f0","ip":"127.0.0.1","distance":0,"discoAPIPort":31000,"repoAPIPort":32000}],"maxPing":20,"nodeID":"f1","nodeType":"servicenode","pingPeriod":3000,"testMode":true,"cheatyMinimalPing":10,"cheatyMinimalPingMap":{"e0":20.929192,"f0":52.31685,"f10":12.141038,"f100":39.97542,"f101":15.128181,"f102":42.864353,"f103":21.994831,"f104":57.68453,"f105":30.05375,"f106":2.5745373,"f107":22.872482,"f108":47.65193,"f109":30.355879,"f11":15.146963,"f110":14.703601,"f111":62.56337,"f112":17.653633,"f113":22.593739,"f114":17.58692,"f115":44.853024,"f116":35.050808,"f117":47.42159,"f118":37.187927,"f119":38.717743,"f12":14.298652,"f120":23.147797,"f121":10.435068,"f122":20.323574,"f123":35.60498,"f124":23.957554,"f125":17.374998,"f126":36.00496,"f127":45.706734,"f128":10.797962,"f129":48.31934,"f13":12.513732,"f130":23.479498,"f131":39.35941,"f132":21.016047,"f133":51.569473,"f134":21.357008,"f135":14.802342,"f136":24.307365,"f137":36.06449,"f138":41.959793,"f139":28.732111,"f14":13.623745,"f140":21.090971,"f141":6.647782,"f142":21.36415,"f143":13.731626,"f144":52.297153,"f145":19.093616,"f146":34.82551,"f147":11.226794,"f148":37.57729,"f149":32.40181,"f15":41.343853,"f16":19.360031,"f17":24.417053,"f18":26.426352,"f19":28.639517,"f2":32.14421,"f20":26.940916,"f21":18.220333,"f22":34.028378,"f23":6.2960696,"f24":16.838594,"f25":47.252773,"f26":28.552776,"f27":51.254505,"f28":22.776897,"f29":34.99688,"f3":10.630903,"f30":45.66034,"f31":18.491926,"f32":54.59464,"f33":29.010601,"f34":19.28606,"f35":32.15229,"f36":20.726988,"f37":38.345615,"f38":62.462086,"f39":30.191265,"f4":48.286476,"f40":13.321834,"f41":44.919933,"f42":12.933909,"f43":56.179176,"f44":30.361452,"f45":25.350197,"f46":39.09838,"f47":25.254234,"f48":54.422783,"f49":53.311966,"f5":16.24817,"f50":23.791254,"f51":53.907387,"f52":36.139652,"f53":40.54112,"f54":11.046283,"f55":8.73542,"f56":29.667408,"f57":20.327734,"f58":4.292232,"f59":7.987084,"f6":35.72143,"f60":37.680244,"f61":42.66545,"f62":18.288073,"f63":16.94456,"f64":5.004391,"f65":31.72817,"f66":42.09006,"f67":36.388462,"f68":36.228195,"f69":44.905712,"f7":10.579369,"f70":27.299969,"f71":23.446623,"f72":19.41085,"f73":28.089169,"f74":49.67606,"f75":11.099785,"f76":42.270676,"f77":7.344997,"f78":20.633371,"f79":30.885374,"f8":42.0004,"f80":8.547329,"f81":40.336292,"f82":40.071808,"f83":15.052609,"f84":10.125325,"f85":33.10319,"f86":48.951225,"f87":16.09023,"f88":56.792152,"f89":17.910185,"f9":39.22221,"f90":33.040966,"f91":4.9042873,"f92":14.157531,"f93":14.093385,"f94":49.93392,"f95":11.527911,"f96":6.300425,"f97":37.885014,"f98":24.87526,"f99":12.775454},"BasicComponentDefs":{"Component 1":[{"ApiVersion":"v1/beta","Kind":"ComponentDefinition","Metadata":{"Name":"Implementation 1.1","Labels":{},"Annotations":null},"Spec":{"Workload":{"Type":"Container","Definition":{"ApiVersion":"","Kind":""}},"Schematic":{"Definition":{"name":"TestApp","image":"gitlab.ilabt.imec.be:4567/fledge/benchmark/dash:1.0.0-capstan","command":["./dashserver.so"],"resources":{"limits":{"cpu":"500m","memory":"300M"},"requests":{"cpu":"100m","memory":"100M"}},"imagePullPolicy":"Always"},"Params":null,"BaseComponent":"Component 1","BaseResources":null,"MaxResources":null}}}],"Component 24":[{"ApiVersion":"v1/beta","Kind":"ComponentDefinition","Metadata":{"Name":"Implementation 24.2","Labels":{},"Annotations":null},"Spec":{"Workload":{"Type":"Container","Definition":{"ApiVersion":"","Kind":""}},"Schematic":{"Definition":{"name":"TestApp","image":"gitlab.ilabt.imec.be:4567/fledge/benchmark/dash:1.0.0-capstan","command":["./dashserver.so"],"resources":{"limits":{"cpu":"500m","memory":"300M"},"requests":{"cpu":"100m","memory":"100M"}},"imagePullPolicy":"Always"},"Params":null,"BaseComponent":"Component 24","BaseResources":null,"MaxResources":null}}}],"Component 42":[{"ApiVersion":"v1/beta","Kind":"ComponentDefinition","Metadata":{"Name":"Implementation 42.2","Labels":{},"Annotations":null},"Spec":{"Workload":{"Type":"Container","Definition":{"ApiVersion":"","Kind":""}},"Schematic":{"Definition":{"name":"TestApp","image":"gitlab.ilabt.imec.be:4567/fledge/benchmark/dash:1.0.0-capstan","command":["./dashserver.so"],"resources":{"limits":{"cpu":"500m","memory":"300M"},"requests":{"cpu":"100m","memory":"100M"}},"imagePullPolicy":"Always"},"Params":null,"BaseComponent":"Component 42","BaseResources":null,"MaxResources":null}}}],"Component 44":[{"ApiVersion":"v1/beta","Kind":"ComponentDefinition","Metadata":{"Name":"Implementation 44.2","Labels":{},"Annotations":null},"Spec":{"Workload":{"Type":"Container","Definition":{"ApiVersion":"","Kind":""}},"Schematic":{"Definition":{"name":"TestApp","image":"gitlab.ilabt.imec.be:4567/fledge/benchmark/dash:1.0.0-capstan","command":["./dashserver.so"],"resources":{"limits":{"cpu":"500m","memory":"300M"},"requests":{"cpu":"100m","memory":"100M"}},"imagePullPolicy":"Always"},"Params":null,"BaseComponent":"Component 44","BaseResources":null,"MaxResources":null}}}],"Component 9":[{"ApiVersion":"v1/beta","Kind":"ComponentDefinition","Metadata":{"Name":"Implementation 9.2","Labels":{},"Annotations":null},"Spec":{"Workload":{"Type":"Container","Definition":{"ApiVersion":"","Kind":""}},"Schematic":{"Definition":{"name":"TestApp","image":"gitlab.ilabt.imec.be:4567/fledge/benchmark/dash:1.0.0-capstan","command":["./dashserver.so"],"resources":{"limits":{"cpu":"500m","memory":"300M"},"requests":{"cpu":"100m","memory":"100M"}},"imagePullPolicy":"Always"},"Params":null,"BaseComponent":"Component 9","BaseResources":null,"MaxResources":null}}}]}}