{"discoAPIPort":31002,"repoAPIPort":32002,"initialNodes":[{"name":"f0","ip":"127.0.0.1","distance":0,"discoAPIPort":31000,"repoAPIPort":32000},{"name":"f1","ip":"127.0.0.1","distance":0,"discoAPIPort":31001,"repoAPIPort":32001}],"maxPing":20,"nodeID":"f2","nodeType":"servicenode","pingPeriod":3000,"testMode":true,"cheatyMinimalPing":10,"cheatyMinimalPingMap":{"e0":24.172066,"f0":8.834353,"f1":32.14421,"f10":30.843851,"f100":8.793396,"f101":47.94144,"f102":26.537182,"f103":55.659267,"f104":23.35109,"f105":14.646092,"f106":37.44906,"f107":31.491358,"f108":17.841576,"f109":7.052161,"f11":21.795053,"f110":46.095833,"f111":27.091858,"f112":25.021503,"f113":34.470093,"f114":41.814148,"f115":31.132975,"f116":19.048573,"f117":22.82506,"f118":19.849407,"f119":16.455591,"f12":48.770008,"f120":12.587564,"f121":24.774597,"f122":31.96486,"f123":14.565309,"f124":44.265602,"f125":32.86516,"f126":10.2657795,"f127":10.862784,"f128":30.829647,"f129":23.481178,"f13":58.456352,"f130":18.301928,"f131":5.008562,"f132":23.400106,"f133":23.962172,"f134":24.187479,"f135":27.311558,"f136":21.063665,"f137":4.897972,"f138":7.2114644,"f139":53.51699,"f14":32.047806,"f140":58.318775,"f141":48.049934,"f142":29.049648,"f143":50.18737,"f144":16.628296,"f145":55.979645,"f146":43.694363,"f147":33.835785,"f148":19.936079,"f149":6.867912,"f15":22.277666,"f16":21.216108,"f17":20.535484,"f18":46.556618,"f19":30.83465,"f20":10.829612,"f21":37.31971,"f22":31.88558,"f23":45.561134,"f24":41.058422,"f25":32.008682,"f26":10.28446,"f27":4.498201,"f28":40.58203,"f29":29.44819,"f3":25.003613,"f30":29.481272,"f31":48.37345,"f32":12.5295725,"f33":61.82605,"f34":54.581394,"f35":39.59589,"f36":26.394163,"f37":2.5684035,"f38":30.425108,"f39":11.304782,"f4":5.343625,"f40":23.09151,"f41":6.148256,"f42":35.344048,"f43":8.272627,"f44":28.23,"f45":19.647083,"f46":6.083899,"f47":22.732874,"f48":22.331379,"f49":19.197605,"f5":25.035181,"f50":16.482533,"f51":8.424,"f52":5.6869097,"f53":25.466816,"f54":34.273415,"f55":51.00929,"f56":51.811737,"f57":34.5305,"f58":30.360098,"f59":35.810143,"f6":2.0499973,"f60":5.18628,"f61":15.38921,"f62":30.9313,"f63":45.291504,"f64":35.118103,"f65":8.188892,"f66":14.278339,"f67":11.045376,"f68":46.81604,"f69":10.227067,"f7":36.206463,"f70":42.7842,"f71":16.997786,"f72":22.290712,"f73":40.674965,"f74":27.01408,"f75":23.942108,"f76":8.815452,"f77":39.416817,"f78":43.25783,"f79":39.12896,"f8":4.7041583,"f80":26.333435,"f81":3.6787326,"f82":3.2751143,"f83":40.886944,"f84":40.71482,"f85":30.272682,"f86":17.607979,"f87":26.962952,"f88":35.404324,"f89":26.227829,"f9":7.785089,"f90":43.1079,"f91":38.381954,"f92":40.36881,"f93":24.579466,"f94":27.917576,"f95":36.94237,"f96":49.138607,"f97":19.074493,"f98":27.981134,"f99":28.819838},"BasicComponentDefs":{"Component 20":[{"ApiVersion":"v1/beta","Kind":"ComponentDefinition","Metadata":{"Name":"Implementation 20.1","Labels":{},"Annotations":null},"Spec":{"Workload":{"Type":"Container","Definition":{"ApiVersion":"","Kind":""}},"Schematic":{"Definition":{"name":"TestApp","image":"gitlab.ilabt.imec.be:4567/fledge/benchmark/dash:1.0.0-capstan","command":["./dashserver.so"],"resources":{"limits":{"cpu":"500m","memory":"300M"},"requests":{"cpu":"100m","memory":"100M"}},"imagePullPolicy":"Always"},"Params":null,"BaseComponent":"Component 20","BaseResources":null,"MaxResources":null}}}],"Component 3":[{"ApiVersion":"v1/beta","Kind":"ComponentDefinition","Metadata":{"Name":"Implementation 3.2","Labels":{},"Annotations":null},"Spec":{"Workload":{"Type":"Container","Definition":{"ApiVersion":"","Kind":""}},"Schematic":{"Definition":{"name":"TestApp","image":"gitlab.ilabt.imec.be:4567/fledge/benchmark/dash:1.0.0-capstan","command":["./dashserver.so"],"resources":{"limits":{"cpu":"500m","memory":"300M"},"requests":{"cpu":"100m","memory":"100M"}},"imagePullPolicy":"Always"},"Params":null,"BaseComponent":"Component 3","BaseResources":null,"MaxResources":null}}}],"Component 32":[{"ApiVersion":"v1/beta","Kind":"ComponentDefinition","Metadata":{"Name":"Implementation 32.2","Labels":{},"Annotations":null},"Spec":{"Workload":{"Type":"Container","Definition":{"ApiVersion":"","Kind":""}},"Schematic":{"Definition":{"name":"TestApp","image":"gitlab.ilabt.imec.be:4567/fledge/benchmark/dash:1.0.0-capstan","command":["./dashserver.so"],"resources":{"limits":{"cpu":"500m","memory":"300M"},"requests":{"cpu":"100m","memory":"100M"}},"imagePullPolicy":"Always"},"Params":null,"BaseComponent":"Component 32","BaseResources":null,"MaxResources":null}}}],"Component 34":[{"ApiVersion":"v1/beta","Kind":"ComponentDefinition","Metadata":{"Name":"Implementation 34.1","Labels":{},"Annotations":null},"Spec":{"Workload":{"Type":"Container","Definition":{"ApiVersion":"","Kind":""}},"Schematic":{"Definition":{"name":"TestApp","image":"gitlab.ilabt.imec.be:4567/fledge/benchmark/dash:1.0.0-capstan","command":["./dashserver.so"],"resources":{"limits":{"cpu":"500m","memory":"300M"},"requests":{"cpu":"100m","memory":"100M"}},"imagePullPolicy":"Always"},"Params":null,"BaseComponent":"Component 34","BaseResources":null,"MaxResources":null}}},{"ApiVersion":"v1/beta","Kind":"ComponentDefinition","Metadata":{"Name":"Implementation 34.2","Labels":{},"Annotations":null},"Spec":{"Workload":{"Type":"Container","Definition":{"ApiVersion":"","Kind":""}},"Schematic":{"Definition":{"name":"TestApp","image":"gitlab.ilabt.imec.be:4567/fledge/benchmark/dash:1.0.0-capstan","command":["./dashserver.so"],"resources":{"limits":{"cpu":"500m","memory":"300M"},"requests":{"cpu":"100m","memory":"100M"}},"imagePullPolicy":"Always"},"Params":null,"BaseComponent":"Component 34","BaseResources":null,"MaxResources":null}}}]}}