{"discoAPIPort":31003,"repoAPIPort":32003,"initialNodes":[{"name":"f0","ip":"127.0.0.1","distance":0,"discoAPIPort":31000,"repoAPIPort":32000},{"name":"f1","ip":"127.0.0.1","distance":0,"discoAPIPort":31001,"repoAPIPort":32001},{"name":"f2","ip":"127.0.0.1","distance":0,"discoAPIPort":31002,"repoAPIPort":32002}],"maxPing":20,"nodeID":"f3","nodeType":"servicenode","pingPeriod":3000,"testMode":true,"cheatyMinimalPing":10,"cheatyMinimalPingMap":{"e0":9.201551,"f0":36.350876,"f1":10.630903,"f10":2.9072585,"f100":28.778627,"f101":17.364428,"f102":21.41083,"f103":18.941586,"f104":42.07902,"f105":12.2059355,"f106":12.887733,"f107":12.666548,"f108":40.219585,"f109":23.760878,"f11":7.2906237,"f110":12.71779,"f111":45.19493,"f112":10.456652,"f113":15.126041,"f114":22.381725,"f115":34.54377,"f116":25.33862,"f117":34.603428,"f118":19.100763,"f119":23.735079,"f12":10.845407,"f120":16.977097,"f121":6.1742587,"f122":10.81171,"f123":19.884008,"f124":18.58472,"f125":8.280762,"f126":22.391897,"f127":43.41531,"f128":5.5090423,"f129":30.191242,"f13":18.475866,"f130":12.316027,"f131":30.546125,"f132":9.103278,"f133":39.73681,"f134":9.205293,"f135":7.0495563,"f136":13.046923,"f137":31.034197,"f138":28.303614,"f139":20.699987,"f14":2.435897,"f140":26.224188,"f141":15.7062,"f142":6.9140363,"f143":15.330992,"f144":34.532406,"f145":17.487461,"f146":17.911802,"f147":9.254142,"f148":38.246086,"f149":23.180696,"f15":33.035812,"f16":13.535616,"f17":13.1627445,"f18":24.036224,"f19":13.073007,"f2":25.003613,"f20":15.527121,"f21":11.005712,"f22":16.988237,"f23":15.913267,"f24":8.499192,"f25":27.487976,"f26":30.985958,"f27":38.6772,"f28":16.156425,"f29":16.201733,"f30":50.667328,"f31":13.981528,"f32":43.072823,"f33":28.71782,"f34":20.982563,"f35":17.799707,"f36":9.188707,"f37":27.371147,"f38":41.278202,"f39":26.54462,"f4":32.869873,"f40":11.638583,"f41":31.38083,"f42":2.1131864,"f43":40.914124,"f44":17.772835,"f45":8.980833,"f46":38.328243,"f47":15.725157,"f48":45.22087,"f49":34.776627,"f5":9.045565,"f50":14.728692,"f51":36.43985,"f52":31.68872,"f53":35.947712,"f54":2.9258647,"f55":13.186347,"f56":26.539337,"f57":8.240934,"f58":9.902981,"f59":5.644033,"f6":25.46247,"f60":24.641972,"f61":25.206001,"f62":3.9323044,"f63":13.991236,"f64":9.0540085,"f65":25.703539,"f66":30.493732,"f67":18.694975,"f68":24.626745,"f69":31.810707,"f7":4.8441205,"f70":16.687637,"f71":15.521666,"f72":13.234473,"f73":15.965528,"f74":35.16057,"f75":7.699636,"f76":43.920372,"f77":15.236102,"f78":21.641748,"f79":18.968525,"f8":30.706766,"f80":5.2007146,"f81":24.879847,"f82":29.59551,"f83":10.945794,"f84":11.37668,"f85":25.481682,"f86":40.711605,"f87":6.62523,"f88":47.410366,"f89":14.835689,"f9":35.418907,"f90":17.70896,"f91":10.153896,"f92":6.548727,"f93":4.333274,"f94":49.51801,"f95":3.19035,"f96":14.616168,"f97":21.095573,"f98":20.29516,"f99":8.256977},"BasicComponentDefs":{"Component 11":[{"ApiVersion":"v1/beta","Kind":"ComponentDefinition","Metadata":{"Name":"Implementation 11.1","Labels":{},"Annotations":null},"Spec":{"Workload":{"Type":"Container","Definition":{"ApiVersion":"","Kind":""}},"Schematic":{"Definition":{"name":"TestApp","image":"gitlab.ilabt.imec.be:4567/fledge/benchmark/dash:1.0.0-capstan","command":["./dashserver.so"],"resources":{"limits":{"cpu":"500m","memory":"300M"},"requests":{"cpu":"100m","memory":"100M"}},"imagePullPolicy":"Always"},"Params":null,"BaseComponent":"Component 11","BaseResources":null,"MaxResources":null}}}],"Component 18":[{"ApiVersion":"v1/beta","Kind":"ComponentDefinition","Metadata":{"Name":"Implementation 18.2","Labels":{},"Annotations":null},"Spec":{"Workload":{"Type":"Container","Definition":{"ApiVersion":"","Kind":""}},"Schematic":{"Definition":{"name":"TestApp","image":"gitlab.ilabt.imec.be:4567/fledge/benchmark/dash:1.0.0-capstan","command":["./dashserver.so"],"resources":{"limits":{"cpu":"500m","memory":"300M"},"requests":{"cpu":"100m","memory":"100M"}},"imagePullPolicy":"Always"},"Params":null,"BaseComponent":"Component 18","BaseResources":null,"MaxResources":null}}}],"Component 34":[{"ApiVersion":"v1/beta","Kind":"ComponentDefinition","Metadata":{"Name":"Implementation 34.1","Labels":{},"Annotations":null},"Spec":{"Workload":{"Type":"Container","Definition":{"ApiVersion":"","Kind":""}},"Schematic":{"Definition":{"name":"TestApp","image":"gitlab.ilabt.imec.be:4567/fledge/benchmark/dash:1.0.0-capstan","command":["./dashserver.so"],"resources":{"limits":{"cpu":"500m","memory":"300M"},"requests":{"cpu":"100m","memory":"100M"}},"imagePullPolicy":"Always"},"Params":null,"BaseComponent":"Component 34","BaseResources":null,"MaxResources":null}}}],"Component 35":[{"ApiVersion":"v1/beta","Kind":"ComponentDefinition","Metadata":{"Name":"Implementation 35.2","Labels":{},"Annotations":null},"Spec":{"Workload":{"Type":"Container","Definition":{"ApiVersion":"","Kind":""}},"Schematic":{"Definition":{"name":"TestApp","image":"gitlab.ilabt.imec.be:4567/fledge/benchmark/dash:1.0.0-capstan","command":["./dashserver.so"],"resources":{"limits":{"cpu":"500m","memory":"300M"},"requests":{"cpu":"100m","memory":"100M"}},"imagePullPolicy":"Always"},"Params":null,"BaseComponent":"Component 35","BaseResources":null,"MaxResources":null}}}],"Component 39":[{"ApiVersion":"v1/beta","Kind":"ComponentDefinition","Metadata":{"Name":"Implementation 39.1","Labels":{},"Annotations":null},"Spec":{"Workload":{"Type":"Container","Definition":{"ApiVersion":"","Kind":""}},"Schematic":{"Definition":{"name":"TestApp","image":"gitlab.ilabt.imec.be:4567/fledge/benchmark/dash:1.0.0-capstan","command":["./dashserver.so"],"resources":{"limits":{"cpu":"500m","memory":"300M"},"requests":{"cpu":"100m","memory":"100M"}},"imagePullPolicy":"Always"},"Params":null,"BaseComponent":"Component 39","BaseResources":null,"MaxResources":null}}}]}}