{"discoAPIPort":31004,"repoAPIPort":32004,"initialNodes":[{"name":"f0","ip":"127.0.0.1","distance":0,"discoAPIPort":31000,"repoAPIPort":32000},{"name":"f1","ip":"127.0.0.1","distance":0,"discoAPIPort":31001,"repoAPIPort":32001},{"name":"f2","ip":"127.0.0.1","distance":0,"discoAPIPort":31002,"repoAPIPort":32002},{"name":"f3","ip":"127.0.0.1","distance":0,"discoAPIPort":31003,"repoAPIPort":32003}],"maxPing":20,"nodeID":"f4","nodeType":"servicenode","pingPeriod":3000,"testMode":true,"cheatyMinimalPing":10,"cheatyMinimalPingMap":{"e0":31.416647,"f0":6.5090594,"f1":48.286476,"f10":39.20304,"f100":7.6628346,"f101":49.28824,"f102":22.768343,"f103":43.650112,"f104":17.606663,"f105":21.510426,"f106":41.221214,"f107":46.39971,"f108":12.6014385,"f109":14.421251,"f11":28.358997,"f110":51.377995,"f111":31.122477,"f112":27.910885,"f113":34.950882,"f114":65.43593,"f115":32.23726,"f116":20.903664,"f117":18.93606,"f118":23.24453,"f119":14.242965,"f12":36.871647,"f120":20.43697,"f121":31.101025,"f122":47.39686,"f123":15.245515,"f124":47.268932,"f125":48.533466,"f126":14.185382,"f127":4.312978,"f128":39.630527,"f129":18.321632,"f13":62.13764,"f130":22.593142,"f131":5.5792937,"f132":35.258823,"f133":21.45387,"f134":30.308695,"f135":26.332106,"f136":26.53132,"f137":9.230895,"f138":7.445345,"f139":49.357468,"f14":28.094011,"f140":53.161182,"f141":48.628723,"f142":28.61984,"f143":62.6455,"f144":16.160124,"f145":57.606503,"f146":40.94073,"f147":40.057804,"f148":26.615278,"f149":10.69222,"f15":17.201632,"f16":22.021652,"f17":30.983198,"f18":48.815975,"f19":29.159733,"f2":5.343625,"f20":20.172573,"f21":51.67538,"f22":31.444094,"f23":53.80823,"f24":47.202984,"f25":37.62615,"f26":12.4108515,"f27":2.3152018,"f28":31.830826,"f29":31.135996,"f3":32.869873,"f30":24.341112,"f31":45.393196,"f32":9.513205,"f33":56.15475,"f34":55.41962,"f35":35.735935,"f36":39.09538,"f37":4.465439,"f38":22.648834,"f39":14.395817,"f40":26.637457,"f41":5.7480984,"f42":31.132837,"f43":8.514052,"f44":24.853367,"f45":20.775164,"f46":12.069806,"f47":26.924652,"f48":13.85115,"f49":15.309631,"f5":25.721918,"f50":20.225231,"f51":4.8309317,"f52":6.9022536,"f53":19.770079,"f54":31.659966,"f55":56.147568,"f56":53.98674,"f57":31.120083,"f58":45.636875,"f59":46.3591,"f6":8.971861,"f60":13.356367,"f61":15.860962,"f62":31.953157,"f63":51.571636,"f64":34.6007,"f65":11.899699,"f66":12.1746645,"f67":14.247415,"f68":38.504627,"f69":6.249465,"f7":39.803383,"f70":44.016872,"f71":19.46087,"f72":22.925093,"f73":60.380306,"f74":20.418959,"f75":27.826479,"f76":9.902261,"f77":55.011345,"f78":59.4733,"f79":42.673557,"f8":10.401853,"f80":30.448444,"f81":5.987633,"f82":5.1168075,"f83":45.135612,"f84":40.486923,"f85":28.97656,"f86":18.316528,"f87":26.005121,"f88":30.084293,"f89":32.458267,"f9":2.141734,"f90":50.522976,"f91":36.9551,"f92":36.300816,"f93":33.34972,"f94":18.489977,"f95":41.717316,"f96":59.397846,"f97":16.743061,"f98":24.627335,"f99":24.150896},"BasicComponentDefs":{"Component 18":[{"ApiVersion":"v1/beta","Kind":"ComponentDefinition","Metadata":{"Name":"Implementation 18.1","Labels":{},"Annotations":null},"Spec":{"Workload":{"Type":"Container","Definition":{"ApiVersion":"","Kind":""}},"Schematic":{"Definition":{"name":"TestApp","image":"gitlab.ilabt.imec.be:4567/fledge/benchmark/dash:1.0.0-capstan","command":["./dashserver.so"],"resources":{"limits":{"cpu":"500m","memory":"300M"},"requests":{"cpu":"100m","memory":"100M"}},"imagePullPolicy":"Always"},"Params":null,"BaseComponent":"Component 18","BaseResources":null,"MaxResources":null}}}],"Component 26":[{"ApiVersion":"v1/beta","Kind":"ComponentDefinition","Metadata":{"Name":"Implementation 26.1","Labels":{},"Annotations":null},"Spec":{"Workload":{"Type":"Container","Definition":{"ApiVersion":"","Kind":""}},"Schematic":{"Definition":{"name":"TestApp","image":"gitlab.ilabt.imec.be:4567/fledge/benchmark/dash:1.0.0-capstan","command":["./dashserver.so"],"resources":{"limits":{"cpu":"500m","memory":"300M"},"requests":{"cpu":"100m","memory":"100M"}},"imagePullPolicy":"Always"},"Params":null,"BaseComponent":"Component 26","BaseResources":null,"MaxResources":null}}}],"Component 49":[{"ApiVersion":"v1/beta","Kind":"ComponentDefinition","Metadata":{"Name":"Implementation 49.2","Labels":{},"Annotations":null},"Spec":{"Workload":{"Type":"Container","Definition":{"ApiVersion":"","Kind":""}},"Schematic":{"Definition":{"name":"TestApp","image":"gitlab.ilabt.imec.be:4567/fledge/benchmark/dash:1.0.0-capstan","command":["./dashserver.so"],"resources":{"limits":{"cpu":"500m","memory":"300M"},"requests":{"cpu":"100m","memory":"100M"}},"imagePullPolicy":"Always"},"Params":null,"BaseComponent":"Component 49","BaseResources":null,"MaxResources":null}}}],"Component 50":[{"ApiVersion":"v1/beta","Kind":"ComponentDefinition","Metadata":{"Name":"Implementation 50.2","Labels":{},"Annotations":null},"Spec":{"Workload":{"Type":"Container","Definition":{"ApiVersion":"","Kind":""}},"Schematic":{"Definition":{"name":"TestApp","image":"gitlab.ilabt.imec.be:4567/fledge/benchmark/dash:1.0.0-capstan","command":["./dashserver.so"],"resources":{"limits":{"cpu":"500m","memory":"300M"},"requests":{"cpu":"100m","memory":"100M"}},"imagePullPolicy":"Always"},"Params":null,"BaseComponent":"Component 50","BaseResources":null,"MaxResources":null}}}],"Component 8":[{"ApiVersion":"v1/beta","Kind":"ComponentDefinition","Metadata":{"Name":"Implementation 8.2","Labels":{},"Annotations":null},"Spec":{"Workload":{"Type":"Container","Definition":{"ApiVersion":"","Kind":""}},"Schematic":{"Definition":{"name":"TestApp","image":"gitlab.ilabt.imec.be:4567/fledge/benchmark/dash:1.0.0-capstan","command":["./dashserver.so"],"resources":{"limits":{"cpu":"500m","memory":"300M"},"requests":{"cpu":"100m","memory":"100M"}},"imagePullPolicy":"Always"},"Params":null,"BaseComponent":"Component 8","BaseResources":null,"MaxResources":null}}}]}}