{"discoAPIPort":31000,"repoAPIPort":32000,"initialNodes":[],"maxPing":20,"nodeID":"f0","nodeType":"servicenode","pingPeriod":3000,"testMode":true,"cheatyMinimalPing":10,"cheatyMinimalPingMap":{"e0":37.547073,"f1":53.449406,"f10":32.660603,"f100":53.33388,"f101":66.125404,"f102":34.84053,"f103":51.53572,"f104":14.926422,"f105":55.993202,"f106":37.692177,"f107":57.447163,"f108":40.423088,"f109":41.774323,"f11":25.912045,"f110":17.86668,"f111":7.0050573,"f112":25.130451,"f113":22.791443,"f114":20.092361,"f115":50.079926,"f116":34.972595,"f117":2.8572774,"f118":12.577853,"f119":41.21362,"f12":61.11744,"f120":45.748173,"f121":22.937794,"f122":46.502308,"f123":40.576275,"f124":59.34959,"f125":53.05184,"f126":27.54828,"f127":48.650448,"f128":16.006191,"f129":29.725328,"f13":30.212713,"f130":22.998701,"f131":26.035242,"f132":38.247143,"f133":22.962877,"f134":22.050356,"f135":8.887763,"f136":32.884884,"f137":11.581875,"f138":31.687977,"f139":23.987612,"f14":21.446629,"f140":25.232433,"f141":45.943462,"f142":32.73879,"f143":42.616505,"f144":53.40435,"f145":51.758404,"f146":48.93395,"f147":3.0814688,"f148":2.2458336,"f149":23.785172,"f15":12.3508215,"f16":27.371454,"f17":11.097453,"f18":2.0468044,"f19":9.267564,"f2":6.9338284,"f20":30.934185,"f21":37.434723,"f22":7.5851436,"f23":13.189187,"f24":14.565201,"f25":30.098684,"f26":15.089949,"f27":42.359303,"f28":39.729397,"f29":38.86482,"f3":45.14987,"f30":61.989788,"f31":30.23139,"f32":62.281162,"f33":26.011122,"f34":60.568512,"f35":17.384483,"f36":8.441017,"f37":30.886705,"f38":12.260032,"f39":61.87953,"f4":30.17528,"f40":41.917408,"f41":1.5380011,"f42":15.39061,"f43":26.647457,"f44":10.30177,"f45":24.662828,"f46":3.109027,"f47":34.725285,"f48":27.317327,"f49":14.5552025,"f5":22.995983,"f50":37.619522,"f51":17.28341,"f52":24.586325,"f53":21.30891,"f54":36.28162,"f55":46.841534,"f56":33.882015,"f57":42.613583,"f58":45.774582,"f59":38.440792,"f6":35.020565,"f60":40.245293,"f61":14.2283945,"f62":24.16562,"f63":23.20346,"f64":25.21341,"f65":23.962372,"f66":5.315694,"f67":33.059288,"f68":31.680906,"f69":29.858156,"f7":11.267592,"f70":47.57834,"f71":35.10787,"f72":24.032703,"f73":18.477339,"f74":39.393,"f75":10.0853615,"f76":20.353605,"f77":60.103252,"f78":42.93948,"f79":15.23562,"f8":11.545597,"f80":27.494236,"f81":7.6195436,"f82":30.648533,"f83":13.040947,"f84":49.70468,"f85":14.915234,"f86":58.65096,"f87":32.42168,"f88":20.340723,"f89":31.340504,"f9":43.4219,"f90":58.18065,"f91":44.52317,"f92":18.856699,"f93":29.064932,"f94":31.019917,"f95":35.733044,"f96":12.214531,"f97":7.2545943,"f98":37.299515,"f99":12.09516},"BasicComponentDefs":{"Component 25":[{"ApiVersion":"v1/beta","Kind":"ComponentDefinition","Metadata":{"Name":"Implementation 25.2","Labels":{},"Annotations":null},"Spec":{"Workload":{"Type":"Container","Definition":{"ApiVersion":"","Kind":""}},"Schematic":{"Definition":{"name":"TestApp","image":"gitlab.ilabt.imec.be:4567/fledge/benchmark/dash:1.0.0-capstan","command":["./dashserver.so"],"resources":{"limits":{"cpu":"500m","memory":"300M"},"requests":{"cpu":"100m","memory":"100M"}},"imagePullPolicy":"Always"},"Params":null,"BaseComponent":"Component 25","BaseResources":null,"MaxResources":null}}}],"Component 27":[{"ApiVersion":"v1/beta","Kind":"ComponentDefinition","Metadata":{"Name":"Implementation 27.2","Labels":{},"Annotations":null},"Spec":{"Workload":{"Type":"Container","Definition":{"ApiVersion":"","Kind":""}},"Schematic":{"Definition":{"name":"TestApp","image":"gitlab.ilabt.imec.be:4567/fledge/benchmark/dash:1.0.0-capstan","command":["./dashserver.so"],"resources":{"limits":{"cpu":"500m","memory":"300M"},"requests":{"cpu":"100m","memory":"100M"}},"imagePullPolicy":"Always"},"Params":null,"BaseComponent":"Component 27","BaseResources":null,"MaxResources":null}}}],"Component 4":[{"ApiVersion":"v1/beta","Kind":"ComponentDefinition","Metadata":{"Name":"Implementation 4.1","Labels":{},"Annotations":null},"Spec":{"Workload":{"Type":"Container","Definition":{"ApiVersion":"","Kind":""}},"Schematic":{"Definition":{"name":"TestApp","image":"gitlab.ilabt.imec.be:4567/fledge/benchmark/dash:1.0.0-capstan","command":["./dashserver.so"],"resources":{"limits":{"cpu":"500m","memory":"300M"},"requests":{"cpu":"100m","memory":"100M"}},"imagePullPolicy":"Always"},"Params":null,"BaseComponent":"Component 4","BaseResources":null,"MaxResources":null}}}],"Component 47":[{"ApiVersion":"v1/beta","Kind":"ComponentDefinition","Metadata":{"Name":"Implementation 47.1","Labels":{},"Annotations":null},"Spec":{"Workload":{"Type":"Container","Definition":{"ApiVersion":"","Kind":""}},"Schematic":{"Definition":{"name":"TestApp","image":"gitlab.ilabt.imec.be:4567/fledge/benchmark/dash:1.0.0-capstan","command":["./dashserver.so"],"resources":{"limits":{"cpu":"500m","memory":"300M"},"requests":{"cpu":"100m","memory":"100M"}},"imagePullPolicy":"Always"},"Params":null,"BaseComponent":"Component 47","BaseResources":null,"MaxResources":null}}}],"Component 6":[{"ApiVersion":"v1/beta","Kind":"ComponentDefinition","Metadata":{"Name":"Implementation 6.1","Labels":{},"Annotations":null},"Spec":{"Workload":{"Type":"Container","Definition":{"ApiVersion":"","Kind":""}},"Schematic":{"Definition":{"name":"TestApp","image":"gitlab.ilabt.imec.be:4567/fledge/benchmark/dash:1.0.0-capstan","command":["./dashserver.so"],"resources":{"limits":{"cpu":"500m","memory":"300M"},"requests":{"cpu":"100m","memory":"100M"}},"imagePullPolicy":"Always"},"Params":null,"BaseComponent":"Component 6","BaseResources":null,"MaxResources":null}}}]}}