{"discoAPIPort":31001,"repoAPIPort":32001,"initialNodes":[{"name":"f0","ip":"127.0.0.1","distance":0,"discoAPIPort":31000,"repoAPIPort":32000}],"maxPing":20,"nodeID":"f1","nodeType":"servicenode","pingPeriod":3000,"testMode":true,"cheatyMinimalPing":10,"cheatyMinimalPingMap":{"e0":25.652918,"f0":53.449406,"f10":20.420698,"f100":22.790663,"f101":6.4827046,"f102":17.751705,"f103":19.387907,"f104":35.056396,"f105":12.451923,"f106":14.89726,"f107":2.734658,"f108":16.190933,"f109":5.5699644,"f11":43.401405,"f110":45.894497,"f111":50.584045,"f112":25.22235,"f113":29.41416,"f114":40.448784,"f115":19.051048,"f116":28.964666,"f117":49.086876,"f118":45.97149,"f119":13.835695,"f12":4.8136854,"f120":28.225798,"f121":27.568787,"f122":13.798533,"f123":21.034218,"f124":12.860164,"f125":14.835588,"f126":20.748829,"f127":21.336784,"f128":45.37668,"f129":20.454126,"f13":25.69353,"f130":38.778774,"f131":29.782366,"f132":25.000631,"f133":44.368206,"f134":38.889835,"f135":52.511417,"f136":38.529907,"f137":57.621075,"f138":28.106949,"f139":37.311996,"f14":34.031433,"f140":40.90528,"f141":14.290961,"f142":25.341013,"f143":16.935186,"f144":11.529119,"f145":6.4527154,"f146":13.412394,"f147":50.806274,"f148":50.81497,"f149":29.503841,"f15":36.885303,"f16":28.524616,"f17":50.326744,"f18":46.60904,"f19":45.264915,"f2":65.332794,"f20":28.620077,"f21":12.338749,"f22":60.61786,"f23":57.49907,"f24":40.983242,"f25":26.50791,"f26":50.24311,"f27":22.349388,"f28":21.190718,"f29":17.92994,"f3":26.908707,"f30":1.9653773,"f31":19.978825,"f32":7.7278852,"f33":39.019196,"f34":6.94508,"f35":51.895958,"f36":40.128635,"f37":27.167858,"f38":42.372543,"f39":2.376395,"f4":33.23946,"f40":21.207405,"f41":57.78006,"f42":58.04837,"f43":36.460293,"f44":52.71567,"f45":38.95472,"f46":58.646996,"f47":33.446182,"f48":28.82314,"f49":51.0972,"f5":27.799725,"f50":22.377455,"f51":32.56732,"f52":31.404432,"f53":35.61382,"f54":27.49549,"f55":25.45347,"f56":27.168955,"f57":11.085446,"f58":3.3846536,"f59":10.429393,"f6":32.29876,"f60":28.767862,"f61":41.65976,"f62":33.6532,"f63":39.50849,"f64":33.4517,"f65":44.1249,"f66":43.766388,"f67":20.304443,"f68":24.40252,"f69":19.724236,"f7":57.715523,"f70":3.2829406,"f71":34.038834,"f72":27.788685,"f73":46.7312,"f74":6.6478314,"f75":45.55885,"f76":42.614365,"f77":6.228322,"f78":18.8861,"f79":45.315468,"f8":36.545525,"f80":25.356373,"f81":42.094246,"f82":16.664942,"f83":51.560707,"f84":9.93033,"f85":48.68028,"f86":1.5643435,"f87":28.906628,"f88":30.374113,"f89":31.982159,"f9":9.279816,"f90":3.1157725,"f91":17.186752,"f92":32.59309,"f93":29.184635,"f94":38.86463,"f95":18.070444,"f96":35.426334,"f97":48.8208,"f98":16.877853,"f99":49.076225},"BasicComponentDefs":{"Component 13":[{"ApiVersion":"v1/beta","Kind":"ComponentDefinition","Metadata":{"Name":"Implementation 13.1","Labels":{},"Annotations":null},"Spec":{"Workload":{"Type":"Container","Definition":{"ApiVersion":"","Kind":""}},"Schematic":{"Definition":{"name":"TestApp","image":"gitlab.ilabt.imec.be:4567/fledge/benchmark/dash:1.0.0-capstan","command":["./dashserver.so"],"resources":{"limits":{"cpu":"500m","memory":"300M"},"requests":{"cpu":"100m","memory":"100M"}},"imagePullPolicy":"Always"},"Params":null,"BaseComponent":"Component 13","BaseResources":null,"MaxResources":null}}}],"Component 34":[{"ApiVersion":"v1/beta","Kind":"ComponentDefinition","Metadata":{"Name":"Implementation 34.2","Labels":{},"Annotations":null},"Spec":{"Workload":{"Type":"Container","Definition":{"ApiVersion":"","Kind":""}},"Schematic":{"Definition":{"name":"TestApp","image":"gitlab.ilabt.imec.be:4567/fledge/benchmark/dash:1.0.0-capstan","command":["./dashserver.so"],"resources":{"limits":{"cpu":"500m","memory":"300M"},"requests":{"cpu":"100m","memory":"100M"}},"imagePullPolicy":"Always"},"Params":null,"BaseComponent":"Component 34","BaseResources":null,"MaxResources":null}}}],"Component 43":[{"ApiVersion":"v1/beta","Kind":"ComponentDefinition","Metadata":{"Name":"Implementation 43.1","Labels":{},"Annotations":null},"Spec":{"Workload":{"Type":"Container","Definition":{"ApiVersion":"","Kind":""}},"Schematic":{"Definition":{"name":"TestApp","image":"gitlab.ilabt.imec.be:4567/fledge/benchmark/dash:1.0.0-capstan","command":["./dashserver.so"],"resources":{"limits":{"cpu":"500m","memory":"300M"},"requests":{"cpu":"100m","memory":"100M"}},"imagePullPolicy":"Always"},"Params":null,"BaseComponent":"Component 43","BaseResources":null,"MaxResources":null}}}],"Component 48":[{"ApiVersion":"v1/beta","Kind":"ComponentDefinition","Metadata":{"Name":"Implementation 48.1","Labels":{},"Annotations":null},"Spec":{"Workload":{"Type":"Container","Definition":{"ApiVersion":"","Kind":""}},"Schematic":{"Definition":{"name":"TestApp","image":"gitlab.ilabt.imec.be:4567/fledge/benchmark/dash:1.0.0-capstan","command":["./dashserver.so"],"resources":{"limits":{"cpu":"500m","memory":"300M"},"requests":{"cpu":"100m","memory":"100M"}},"imagePullPolicy":"Always"},"Params":null,"BaseComponent":"Component 48","BaseResources":null,"MaxResources":null}}}],"Component 50":[{"ApiVersion":"v1/beta","Kind":"ComponentDefinition","Metadata":{"Name":"Implementation 50.1","Labels":{},"Annotations":null},"Spec":{"Workload":{"Type":"Container","Definition":{"ApiVersion":"","Kind":""}},"Schematic":{"Definition":{"name":"TestApp","image":"gitlab.ilabt.imec.be:4567/fledge/benchmark/dash:1.0.0-capstan","command":["./dashserver.so"],"resources":{"limits":{"cpu":"500m","memory":"300M"},"requests":{"cpu":"100m","memory":"100M"}},"imagePullPolicy":"Always"},"Params":null,"BaseComponent":"Component 50","BaseResources":null,"MaxResources":null}}}]}}