{"discoAPIPort":31002,"repoAPIPort":32002,"initialNodes":[{"name":"f0","ip":"127.0.0.1","distance":0,"discoAPIPort":31000,"repoAPIPort":32000},{"name":"f1","ip":"127.0.0.1","distance":0,"discoAPIPort":31001,"repoAPIPort":32001}],"maxPing":20,"nodeID":"f2","nodeType":"servicenode","pingPeriod":3000,"testMode":true,"cheatyMinimalPing":10,"cheatyMinimalPingMap":{"e0":39.945347,"f0":6.9338284,"f1":65.332794,"f10":35.88122,"f100":48.638607,"f101":68.47881,"f102":33.362476,"f103":55.54542,"f104":16.23243,"f105":55.994255,"f106":53.601883,"f107":54.15081,"f108":40.26023,"f109":44.792816,"f11":32.894756,"f110":24.857582,"f111":13.249376,"f112":33.917645,"f113":32.09824,"f114":22.210299,"f115":52.851463,"f116":28.868979,"f117":3.6304975,"f118":12.318958,"f119":38.423214,"f12":58.79033,"f120":41.413334,"f121":21.675554,"f122":56.761597,"f123":38.62326,"f124":54.20778,"f125":55.046104,"f126":38.31343,"f127":40.115025,"f128":21.607483,"f129":40.43379,"f13":40.266163,"f130":29.631977,"f131":32.16361,"f132":40.691833,"f133":26.629055,"f134":22.75627,"f135":1.5754373,"f136":38.13243,"f137":17.671127,"f138":35.724403,"f139":22.12433,"f14":25.84778,"f140":25.688107,"f141":43.12147,"f142":38.946175,"f143":61.727943,"f144":56.343575,"f145":59.964046,"f146":56.93944,"f147":3.1582098,"f148":9.081944,"f149":32.42763,"f15":19.261608,"f16":36.69587,"f17":16.519627,"f18":8.080753,"f19":15.067479,"f20":36.798347,"f21":41.614063,"f22":0.5775283,"f23":9.641123,"f24":12.356591,"f25":30.421251,"f26":20.387695,"f27":35.40839,"f28":45.20117,"f29":39.620808,"f3":54.13382,"f30":61.14265,"f31":40.303627,"f32":63.596836,"f33":31.273407,"f34":55.1759,"f35":19.708384,"f36":11.184293,"f37":24.938696,"f38":14.852753,"f39":67.875916,"f4":31.144884,"f40":42.38025,"f41":7.132471,"f42":9.790854,"f43":26.807055,"f44":14.595187,"f45":25.292366,"f46":4.7927837,"f47":35.78823,"f48":30.329372,"f49":23.551954,"f5":33.5595,"f50":34.818283,"f51":25.839443,"f52":25.500477,"f53":20.063343,"f54":50.34835,"f55":50.319668,"f56":36.043633,"f57":50.756916,"f58":61.44532,"f59":41.438225,"f6":29.780535,"f60":33.22999,"f61":17.915253,"f62":28.30209,"f63":28.584198,"f64":22.430826,"f65":24.374584,"f66":12.957786,"f67":37.091724,"f68":37.60591,"f69":31.485437,"f7":18.74361,"f70":45.853523,"f71":41.81312,"f72":37.13608,"f73":20.824394,"f74":61.885944,"f75":14.436265,"f76":23.722258,"f77":51.813747,"f78":43.21729,"f79":17.520538,"f8":14.7269535,"f80":40.74178,"f81":12.037607,"f82":40.130775,"f83":19.485432,"f84":45.2917,"f85":9.877452,"f86":55.2269,"f87":38.906364,"f88":26.337479,"f89":41.612244,"f9":39.45993,"f90":56.23146,"f91":58.927544,"f92":30.649014,"f93":28.963854,"f94":33.43862,"f95":52.482983,"f96":14.733785,"f97":13.578194,"f98":33.40419,"f99":14.866803},"BasicComponentDefs":{"Component 17":[{"ApiVersion":"v1/beta","Kind":"ComponentDefinition","Metadata":{"Name":"Implementation 17.2","Labels":{},"Annotations":null},"Spec":{"Workload":{"Type":"Container","Definition":{"ApiVersion":"","Kind":""}},"Schematic":{"Definition":{"name":"TestApp","image":"gitlab.ilabt.imec.be:4567/fledge/benchmark/dash:1.0.0-capstan","command":["./dashserver.so"],"resources":{"limits":{"cpu":"500m","memory":"300M"},"requests":{"cpu":"100m","memory":"100M"}},"imagePullPolicy":"Always"},"Params":null,"BaseComponent":"Component 17","BaseResources":null,"MaxResources":null}}}],"Component 19":[{"ApiVersion":"v1/beta","Kind":"ComponentDefinition","Metadata":{"Name":"Implementation 19.1","Labels":{},"Annotations":null},"Spec":{"Workload":{"Type":"Container","Definition":{"ApiVersion":"","Kind":""}},"Schematic":{"Definition":{"name":"TestApp","image":"gitlab.ilabt.imec.be:4567/fledge/benchmark/dash:1.0.0-capstan","command":["./dashserver.so"],"resources":{"limits":{"cpu":"500m","memory":"300M"},"requests":{"cpu":"100m","memory":"100M"}},"imagePullPolicy":"Always"},"Params":null,"BaseComponent":"Component 19","BaseResources":null,"MaxResources":null}}}],"Component 27":[{"ApiVersion":"v1/beta","Kind":"ComponentDefinition","Metadata":{"Name":"Implementation 27.2","Labels":{},"Annotations":null},"Spec":{"Workload":{"Type":"Container","Definition":{"ApiVersion":"","Kind":""}},"Schematic":{"Definition":{"name":"TestApp","image":"gitlab.ilabt.imec.be:4567/fledge/benchmark/dash:1.0.0-capstan","command":["./dashserver.so"],"resources":{"limits":{"cpu":"500m","memory":"300M"},"requests":{"cpu":"100m","memory":"100M"}},"imagePullPolicy":"Always"},"Params":null,"BaseComponent":"Component 27","BaseResources":null,"MaxResources":null}}}],"Component 34":[{"ApiVersion":"v1/beta","Kind":"ComponentDefinition","Metadata":{"Name":"Implementation 34.2","Labels":{},"Annotations":null},"Spec":{"Workload":{"Type":"Container","Definition":{"ApiVersion":"","Kind":""}},"Schematic":{"Definition":{"name":"TestApp","image":"gitlab.ilabt.imec.be:4567/fledge/benchmark/dash:1.0.0-capstan","command":["./dashserver.so"],"resources":{"limits":{"cpu":"500m","memory":"300M"},"requests":{"cpu":"100m","memory":"100M"}},"imagePullPolicy":"Always"},"Params":null,"BaseComponent":"Component 34","BaseResources":null,"MaxResources":null}}},{"ApiVersion":"v1/beta","Kind":"ComponentDefinition","Metadata":{"Name":"Implementation 34.2","Labels":{},"Annotations":null},"Spec":{"Workload":{"Type":"Container","Definition":{"ApiVersion":"","Kind":""}},"Schematic":{"Definition":{"name":"TestApp","image":"gitlab.ilabt.imec.be:4567/fledge/benchmark/dash:1.0.0-capstan","command":["./dashserver.so"],"resources":{"limits":{"cpu":"500m","memory":"300M"},"requests":{"cpu":"100m","memory":"100M"}},"imagePullPolicy":"Always"},"Params":null,"BaseComponent":"Component 34","BaseResources":null,"MaxResources":null}}}]}}