{"discoAPIPort":31003,"repoAPIPort":32003,"initialNodes":[{"name":"f0","ip":"127.0.0.1","distance":0,"discoAPIPort":31000,"repoAPIPort":32000},{"name":"f1","ip":"127.0.0.1","distance":0,"discoAPIPort":31001,"repoAPIPort":32001},{"name":"f2","ip":"127.0.0.1","distance":0,"discoAPIPort":31002,"repoAPIPort":32002}],"maxPing":20,"nodeID":"f3","nodeType":"servicenode","pingPeriod":3000,"testMode":true,"cheatyMinimalPing":10,"cheatyMinimalPingMap":{"e0":20.69497,"f0":45.14987,"f1":26.908707,"f10":19.233124,"f100":7.303505,"f101":27.066925,"f102":15.8372135,"f103":4.7974153,"f104":36.66772,"f105":10.216374,"f106":9.991322,"f107":21.720675,"f108":14.566201,"f109":20.657938,"f11":49.038284,"f110":63.879288,"f111":47.756397,"f112":27.568748,"f113":24.073805,"f114":34.85627,"f115":3.3827336,"f116":16.088308,"f117":53.662308,"f118":34.578434,"f119":14.747185,"f12":17.51878,"f120":6.38316,"f121":32.797485,"f122":10.329586,"f123":10.199423,"f124":14.2976675,"f125":8.314497,"f126":24.286135,"f127":2.662753,"f128":32.986984,"f129":24.385078,"f13":14.562892,"f130":50.92544,"f131":25.916325,"f132":17.371124,"f133":62.005867,"f134":35.313988,"f135":61.3871,"f136":44.5166,"f137":58.491158,"f138":44.13425,"f139":22.072102,"f14":39.38484,"f140":49.777775,"f141":33.117138,"f142":15.454235,"f143":3.731501,"f144":28.410141,"f145":18.956493,"f146":26.993256,"f147":54.7852,"f148":38.680733,"f149":38.723713,"f15":45.127743,"f16":32.25162,"f17":51.030384,"f18":55.88527,"f19":49.226032,"f2":54.13382,"f20":14.804924,"f21":25.748222,"f22":49.42177,"f23":37.823006,"f24":34.251923,"f25":18.351324,"f26":43.93495,"f27":8.149456,"f28":28.57238,"f29":23.91597,"f30":21.647951,"f31":12.983866,"f32":18.17849,"f33":57.9967,"f34":30.886072,"f35":28.431936,"f36":44.999622,"f37":27.178331,"f38":45.7129,"f39":17.352299,"f4":30.090572,"f40":5.030097,"f41":56.72464,"f42":55.670097,"f43":22.283375,"f44":41.879887,"f45":38.330715,"f46":50.30392,"f47":39.163147,"f48":26.93277,"f49":42.174946,"f5":19.904577,"f50":10.128071,"f51":35.70973,"f52":29.09929,"f53":31.332205,"f54":5.75962,"f55":7.8474326,"f56":15.6795845,"f57":24.653706,"f58":17.830292,"f59":14.659236,"f6":21.040071,"f60":9.903905,"f61":43.604507,"f62":21.308125,"f63":57.43319,"f64":22.697208,"f65":27.07806,"f66":51.59886,"f67":34.72016,"f68":20.407202,"f69":36.80584,"f7":55.945194,"f70":21.40453,"f71":40.279934,"f72":16.792654,"f73":33.85016,"f74":24.097435,"f75":50.85674,"f76":35.06801,"f77":15.295539,"f78":6.3700986,"f79":30.651484,"f8":48.743164,"f80":40.00499,"f81":45.57324,"f82":25.56427,"f83":44.561157,"f84":29.865946,"f85":45.542126,"f86":26.48781,"f87":33.847134,"f88":24.570562,"f89":17.075624,"f9":18.213345,"f90":20.881592,"f91":6.0631084,"f92":38.58773,"f93":17.574833,"f94":38.61783,"f95":12.976689,"f96":41.231033,"f97":50.3793,"f98":19.188892,"f99":46.91513},"BasicComponentDefs":{"Component 11":[{"ApiVersion":"v1/beta","Kind":"ComponentDefinition","Metadata":{"Name":"Implementation 11.2","Labels":{},"Annotations":null},"Spec":{"Workload":{"Type":"Container","Definition":{"ApiVersion":"","Kind":""}},"Schematic":{"Definition":{"name":"TestApp","image":"gitlab.ilabt.imec.be:4567/fledge/benchmark/dash:1.0.0-capstan","command":["./dashserver.so"],"resources":{"limits":{"cpu":"500m","memory":"300M"},"requests":{"cpu":"100m","memory":"100M"}},"imagePullPolicy":"Always"},"Params":null,"BaseComponent":"Component 11","BaseResources":null,"MaxResources":null}}}],"Component 25":[{"ApiVersion":"v1/beta","Kind":"ComponentDefinition","Metadata":{"Name":"Implementation 25.2","Labels":{},"Annotations":null},"Spec":{"Workload":{"Type":"Container","Definition":{"ApiVersion":"","Kind":""}},"Schematic":{"Definition":{"name":"TestApp","image":"gitlab.ilabt.imec.be:4567/fledge/benchmark/dash:1.0.0-capstan","command":["./dashserver.so"],"resources":{"limits":{"cpu":"500m","memory":"300M"},"requests":{"cpu":"100m","memory":"100M"}},"imagePullPolicy":"Always"},"Params":null,"BaseComponent":"Component 25","BaseResources":null,"MaxResources":null}}}],"Component 3":[{"ApiVersion":"v1/beta","Kind":"ComponentDefinition","Metadata":{"Name":"Implementation 3.2","Labels":{},"Annotations":null},"Spec":{"Workload":{"Type":"Container","Definition":{"ApiVersion":"","Kind":""}},"Schematic":{"Definition":{"name":"TestApp","image":"gitlab.ilabt.imec.be:4567/fledge/benchmark/dash:1.0.0-capstan","command":["./dashserver.so"],"resources":{"limits":{"cpu":"500m","memory":"300M"},"requests":{"cpu":"100m","memory":"100M"}},"imagePullPolicy":"Always"},"Params":null,"BaseComponent":"Component 3","BaseResources":null,"MaxResources":null}}}],"Component 31":[{"ApiVersion":"v1/beta","Kind":"ComponentDefinition","Metadata":{"Name":"Implementation 31.2","Labels":{},"Annotations":null},"Spec":{"Workload":{"Type":"Container","Definition":{"ApiVersion":"","Kind":""}},"Schematic":{"Definition":{"name":"TestApp","image":"gitlab.ilabt.imec.be:4567/fledge/benchmark/dash:1.0.0-capstan","command":["./dashserver.so"],"resources":{"limits":{"cpu":"500m","memory":"300M"},"requests":{"cpu":"100m","memory":"100M"}},"imagePullPolicy":"Always"},"Params":null,"BaseComponent":"Component 31","BaseResources":null,"MaxResources":null}}}],"Component 44":[{"ApiVersion":"v1/beta","Kind":"ComponentDefinition","Metadata":{"Name":"Implementation 44.2","Labels":{},"Annotations":null},"Spec":{"Workload":{"Type":"Container","Definition":{"ApiVersion":"","Kind":""}},"Schematic":{"Definition":{"name":"TestApp","image":"gitlab.ilabt.imec.be:4567/fledge/benchmark/dash:1.0.0-capstan","command":["./dashserver.so"],"resources":{"limits":{"cpu":"500m","memory":"300M"},"requests":{"cpu":"100m","memory":"100M"}},"imagePullPolicy":"Always"},"Params":null,"BaseComponent":"Component 44","BaseResources":null,"MaxResources":null}}}]}}