{"discoAPIPort":31004,"repoAPIPort":32004,"initialNodes":[{"name":"f0","ip":"127.0.0.1","distance":0,"discoAPIPort":31000,"repoAPIPort":32000},{"name":"f1","ip":"127.0.0.1","distance":0,"discoAPIPort":31001,"repoAPIPort":32001},{"name":"f2","ip":"127.0.0.1","distance":0,"discoAPIPort":31002,"repoAPIPort":32002},{"name":"f3","ip":"127.0.0.1","distance":0,"discoAPIPort":31003,"repoAPIPort":32003}],"maxPing":20,"nodeID":"f4","nodeType":"servicenode","pingPeriod":3000,"testMode":true,"cheatyMinimalPing":10,"cheatyMinimalPingMap":{"e0":10.816373,"f0":30.17528,"f1":33.23946,"f10":17.824757,"f100":28.99683,"f101":28.443827,"f102":13.006524,"f103":35.18895,"f104":17.537592,"f105":23.569458,"f106":23.988552,"f107":30.574194,"f108":15.092421,"f109":23.955618,"f11":15.088135,"f110":29.481611,"f111":21.906513,"f112":7.4040465,"f113":10.323069,"f114":20.574602,"f115":29.590063,"f116":19.53451,"f117":29.53913,"f118":18.624918,"f119":15.904542,"f12":31.939568,"f120":28.808788,"f121":5.597153,"f122":38.131916,"f123":21.409351,"f124":29.582663,"f125":32.339172,"f126":7.16496,"f127":23.50714,"f128":11.618845,"f129":8.5739355,"f13":21.342358,"f130":15.449219,"f131":14.57552,"f132":12.646792,"f133":21.960142,"f134":10.702323,"f135":29.853518,"f136":15.218203,"f137":22.668112,"f138":11.487393,"f139":16.183897,"f14":3.9524422,"f140":13.117412,"f141":20.569761,"f142":20.307508,"f143":28.16656,"f144":29.433346,"f145":28.290932,"f146":23.702015,"f147":25.642624,"f148":20.395357,"f149":14.627781,"f15":13.026316,"f16":2.285857,"f17":29.335314,"f18":23.064327,"f19":14.661398,"f2":31.144884,"f20":13.095627,"f21":23.571627,"f22":31.682043,"f23":35.31569,"f24":20.163967,"f25":10.005758,"f26":13.3375845,"f27":21.666616,"f28":11.234405,"f29":10.809439,"f3":30.090572,"f30":25.308344,"f31":14.019556,"f32":29.161041,"f33":21.02283,"f34":23.136475,"f35":17.05385,"f36":18.107113,"f37":7.706339,"f38":12.745784,"f39":23.356335,"f40":27.140781,"f41":22.52294,"f42":33.701145,"f43":9.739669,"f44":16.888622,"f45":6.9398265,"f46":31.196438,"f47":14.650684,"f48":3.030611,"f49":17.396778,"f5":16.333761,"f50":20.527697,"f51":6.699741,"f52":11.478185,"f53":6.947105,"f54":22.60037,"f55":18.697462,"f56":20.508373,"f57":16.072054,"f58":26.503267,"f59":22.098705,"f6":14.230243,"f60":23.877468,"f61":6.985473,"f62":8.603581,"f63":22.519983,"f64":15.086555,"f65":24.169935,"f66":22.97854,"f67":6.840351,"f68":15.904314,"f69":8.8686285,"f7":25.974041,"f70":22.636972,"f71":11.38293,"f72":15.383436,"f73":19.847319,"f74":21.204369,"f75":26.49116,"f76":22.047289,"f77":30.307825,"f78":20.59292,"f79":26.223026,"f8":20.128061,"f80":10.4796715,"f81":20.461605,"f82":10.699246,"f83":23.216095,"f84":18.913906,"f85":29.172773,"f86":25.647228,"f87":11.57711,"f88":17.396374,"f89":19.711948,"f9":21.306154,"f90":21.02977,"f91":32.580734,"f92":14.534454,"f93":15.692009,"f94":13.536936,"f95":15.786437,"f96":12.579738,"f97":28.272755,"f98":9.998385,"f99":18.25416},"BasicComponentDefs":{"Component 10":[{"ApiVersion":"v1/beta","Kind":"ComponentDefinition","Metadata":{"Name":"Implementation 10.2","Labels":{},"Annotations":null},"Spec":{"Workload":{"Type":"Container","Definition":{"ApiVersion":"","Kind":""}},"Schematic":{"Definition":{"name":"TestApp","image":"gitlab.ilabt.imec.be:4567/fledge/benchmark/dash:1.0.0-capstan","command":["./dashserver.so"],"resources":{"limits":{"cpu":"500m","memory":"300M"},"requests":{"cpu":"100m","memory":"100M"}},"imagePullPolicy":"Always"},"Params":null,"BaseComponent":"Component 10","BaseResources":null,"MaxResources":null}}}],"Component 17":[{"ApiVersion":"v1/beta","Kind":"ComponentDefinition","Metadata":{"Name":"Implementation 17.2","Labels":{},"Annotations":null},"Spec":{"Workload":{"Type":"Container","Definition":{"ApiVersion":"","Kind":""}},"Schematic":{"Definition":{"name":"TestApp","image":"gitlab.ilabt.imec.be:4567/fledge/benchmark/dash:1.0.0-capstan","command":["./dashserver.so"],"resources":{"limits":{"cpu":"500m","memory":"300M"},"requests":{"cpu":"100m","memory":"100M"}},"imagePullPolicy":"Always"},"Params":null,"BaseComponent":"Component 17","BaseResources":null,"MaxResources":null}}}],"Component 22":[{"ApiVersion":"v1/beta","Kind":"ComponentDefinition","Metadata":{"Name":"Implementation 22.1","Labels":{},"Annotations":null},"Spec":{"Workload":{"Type":"Container","Definition":{"ApiVersion":"","Kind":""}},"Schematic":{"Definition":{"name":"TestApp","image":"gitlab.ilabt.imec.be:4567/fledge/benchmark/dash:1.0.0-capstan","command":["./dashserver.so"],"resources":{"limits":{"cpu":"500m","memory":"300M"},"requests":{"cpu":"100m","memory":"100M"}},"imagePullPolicy":"Always"},"Params":null,"BaseComponent":"Component 22","BaseResources":null,"MaxResources":null}}}],"Component 25":[{"ApiVersion":"v1/beta","Kind":"ComponentDefinition","Metadata":{"Name":"Implementation 25.2","Labels":{},"Annotations":null},"Spec":{"Workload":{"Type":"Container","Definition":{"ApiVersion":"","Kind":""}},"Schematic":{"Definition":{"name":"TestApp","image":"gitlab.ilabt.imec.be:4567/fledge/benchmark/dash:1.0.0-capstan","command":["./dashserver.so"],"resources":{"limits":{"cpu":"500m","memory":"300M"},"requests":{"cpu":"100m","memory":"100M"}},"imagePullPolicy":"Always"},"Params":null,"BaseComponent":"Component 25","BaseResources":null,"MaxResources":null}}}],"Component 32":[{"ApiVersion":"v1/beta","Kind":"ComponentDefinition","Metadata":{"Name":"Implementation 32.1","Labels":{},"Annotations":null},"Spec":{"Workload":{"Type":"Container","Definition":{"ApiVersion":"","Kind":""}},"Schematic":{"Definition":{"name":"TestApp","image":"gitlab.ilabt.imec.be:4567/fledge/benchmark/dash:1.0.0-capstan","command":["./dashserver.so"],"resources":{"limits":{"cpu":"500m","memory":"300M"},"requests":{"cpu":"100m","memory":"100M"}},"imagePullPolicy":"Always"},"Params":null,"BaseComponent":"Component 32","BaseResources":null,"MaxResources":null}}}]}}