{"discoAPIPort":31000,"repoAPIPort":32000,"initialNodes":[],"maxPing":10,"nodeID":"f0","nodeType":"servicenode","pingPeriod":3000,"testMode":true,"cheatyMinimalPing":10,"cheatyMinimalPingMap":{"e0":17.93373,"f1":10.472372,"f10":35.017284,"f11":36.4635,"f12":20.286314,"f13":13.771893,"f14":29.093973,"f15":52.806087,"f16":29.431877,"f17":30.66443,"f18":24.509098,"f19":34.456192,"f2":24.339739,"f20":17.573044,"f21":51.074173,"f22":14.901882,"f23":15.664853,"f24":27.05648,"f25":25.84572,"f26":36.979164,"f27":21.645832,"f28":44.79866,"f29":15.622051,"f3":42.570034,"f30":4.3954444,"f31":14.494024,"f32":9.29138,"f33":21.9328,"f34":22.77091,"f35":41.586025,"f36":27.739687,"f37":19.84341,"f38":3.604686,"f39":26.322475,"f4":1.3029207,"f40":27.093475,"f41":14.121607,"f42":6.6787376,"f43":7.17811,"f44":6.256047,"f45":30.372568,"f46":32.2623,"f47":9.499337,"f48":35.400856,"f49":12.468647,"f5":18.322945,"f50":30.267897,"f51":19.330984,"f52":23.861423,"f53":28.884457,"f54":32.228355,"f55":18.223198,"f56":4.439447,"f57":32.898514,"f58":6.1757145,"f59":38.07849,"f6":32.908375,"f60":11.917216,"f61":28.967041,"f62":17.2262,"f63":13.481752,"f64":35.69349,"f65":33.03314,"f66":38.75847,"f67":28.041376,"f68":22.829866,"f69":3.5795083,"f7":35.855057,"f70":16.025185,"f71":19.838064,"f72":23.890972,"f73":23.765331,"f74":39.18625,"f75":28.432209,"f76":21.780401,"f77":26.462399,"f78":42.72174,"f79":19.213873,"f8":19.957745,"f80":20.780926,"f81":28.80328,"f82":33.514244,"f83":38.40559,"f84":33.15099,"f85":28.145952,"f86":15.428168,"f87":27.210861,"f88":20.36582,"f89":16.185373,"f9":2.9914763,"f90":5.409238,"f91":35.59278,"f92":41.167774,"f93":5.1758375,"f94":23.662079,"f95":17.648788,"f96":2.2345874,"f97":18.740036,"f98":37.454647,"f99":18.305199},"BasicComponentDefs":{"Component 17":[{"ApiVersion":"v1/beta","Kind":"ComponentDefinition","Metadata":{"Name":"Implementation 17.2","Labels":{},"Annotations":null},"Spec":{"Workload":{"Type":"Container","Definition":{"ApiVersion":"","Kind":""}},"Schematic":{"Definition":{"name":"TestApp","image":"gitlab.ilabt.imec.be:4567/fledge/benchmark/dash:1.0.0-capstan","command":["./dashserver.so"],"resources":{"limits":{"cpu":"500m","memory":"300M"},"requests":{"cpu":"100m","memory":"100M"}},"imagePullPolicy":"Always"},"Params":null,"BaseComponent":"Component 17","BaseResources":null,"MaxResources":null}}}],"Component 19":[{"ApiVersion":"v1/beta","Kind":"ComponentDefinition","Metadata":{"Name":"Implementation 19.1","Labels":{},"Annotations":null},"Spec":{"Workload":{"Type":"Container","Definition":{"ApiVersion":"","Kind":""}},"Schematic":{"Definition":{"name":"TestApp","image":"gitlab.ilabt.imec.be:4567/fledge/benchmark/dash:1.0.0-capstan","command":["./dashserver.so"],"resources":{"limits":{"cpu":"500m","memory":"300M"},"requests":{"cpu":"100m","memory":"100M"}},"imagePullPolicy":"Always"},"Params":null,"BaseComponent":"Component 19","BaseResources":null,"MaxResources":null}}}],"Component 37":[{"ApiVersion":"v1/beta","Kind":"ComponentDefinition","Metadata":{"Name":"Implementation 37.2","Labels":{},"Annotations":null},"Spec":{"Workload":{"Type":"Container","Definition":{"ApiVersion":"","Kind":""}},"Schematic":{"Definition":{"name":"TestApp","image":"gitlab.ilabt.imec.be:4567/fledge/benchmark/dash:1.0.0-capstan","command":["./dashserver.so"],"resources":{"limits":{"cpu":"500m","memory":"300M"},"requests":{"cpu":"100m","memory":"100M"}},"imagePullPolicy":"Always"},"Params":null,"BaseComponent":"Component 37","BaseResources":null,"MaxResources":null}}}],"Component 42":[{"ApiVersion":"v1/beta","Kind":"ComponentDefinition","Metadata":{"Name":"Implementation 42.1","Labels":{},"Annotations":null},"Spec":{"Workload":{"Type":"Container","Definition":{"ApiVersion":"","Kind":""}},"Schematic":{"Definition":{"name":"TestApp","image":"gitlab.ilabt.imec.be:4567/fledge/benchmark/dash:1.0.0-capstan","command":["./dashserver.so"],"resources":{"limits":{"cpu":"500m","memory":"300M"},"requests":{"cpu":"100m","memory":"100M"}},"imagePullPolicy":"Always"},"Params":null,"BaseComponent":"Component 42","BaseResources":null,"MaxResources":null}}}],"Component 8":[{"ApiVersion":"v1/beta","Kind":"ComponentDefinition","Metadata":{"Name":"Implementation 8.1","Labels":{},"Annotations":null},"Spec":{"Workload":{"Type":"Container","Definition":{"ApiVersion":"","Kind":""}},"Schematic":{"Definition":{"name":"TestApp","image":"gitlab.ilabt.imec.be:4567/fledge/benchmark/dash:1.0.0-capstan","command":["./dashserver.so"],"resources":{"limits":{"cpu":"500m","memory":"300M"},"requests":{"cpu":"100m","memory":"100M"}},"imagePullPolicy":"Always"},"Params":null,"BaseComponent":"Component 8","BaseResources":null,"MaxResources":null}}}]}}