{"discoAPIPort":31001,"repoAPIPort":32001,"initialNodes":[{"name":"f0","ip":"127.0.0.1","distance":0,"discoAPIPort":31000,"repoAPIPort":32000}],"maxPing":10,"nodeID":"f1","nodeType":"servicenode","pingPeriod":3000,"testMode":true,"cheatyMinimalPing":10,"cheatyMinimalPingMap":{"e0":17.458347,"f0":10.472372,"f10":36.171135,"f11":28.34191,"f12":10.283347,"f13":20.653334,"f14":20.614346,"f15":37.3978,"f16":32.850086,"f17":32.16141,"f18":31.520004,"f19":28.25279,"f2":22.48671,"f20":23.77679,"f21":51.02577,"f22":22.716488,"f23":27.013311,"f24":30.23288,"f25":31.572897,"f26":33.479275,"f27":34.398132,"f28":39.3407,"f29":16.786985,"f3":47.079437,"f30":10.994209,"f31":14.290326,"f32":2.5366569,"f33":10.392942,"f34":17.959665,"f35":36.54351,"f36":40.55758,"f37":27.7984,"f38":11.016931,"f39":21.20057,"f4":7.0637455,"f40":17.2165,"f41":24.699211,"f42":10.512288,"f43":13.531559,"f44":8.966921,"f45":22.717054,"f46":51.12525,"f47":23.47377,"f48":25.561594,"f49":28.16623,"f5":23.006115,"f50":25.997707,"f51":27.238438,"f52":18.697084,"f53":25.611269,"f54":25.642385,"f55":24.545433,"f56":17.840794,"f57":31.6857,"f58":18.9103,"f59":27.554821,"f6":19.55555,"f60":22.970535,"f61":28.247944,"f62":22.39672,"f63":12.710189,"f64":33.132915,"f65":30.53246,"f66":43.065796,"f67":30.493395,"f68":38.14591,"f69":5.1601357,"f7":29.275791,"f70":23.412725,"f71":26.160357,"f72":18.027056,"f73":22.45272,"f74":41.214096,"f75":20.036898,"f76":29.837734,"f77":39.679474,"f78":32.88738,"f79":29.53996,"f8":9.792521,"f80":19.600779,"f81":43.77496,"f82":29.010569,"f83":44.131374,"f84":36.804325,"f85":28.77594,"f86":24.25948,"f87":24.22545,"f88":19.612404,"f89":28.44137,"f9":7.873723,"f90":16.47171,"f91":29.87085,"f92":43.920483,"f93":12.6509905,"f94":25.492914,"f95":25.579042,"f96":8.735686,"f97":19.70881,"f98":22.244347,"f99":13.141545},"BasicComponentDefs":{"Component 18":[{"ApiVersion":"v1/beta","Kind":"ComponentDefinition","Metadata":{"Name":"Implementation 18.1","Labels":{},"Annotations":null},"Spec":{"Workload":{"Type":"Container","Definition":{"ApiVersion":"","Kind":""}},"Schematic":{"Definition":{"name":"TestApp","image":"gitlab.ilabt.imec.be:4567/fledge/benchmark/dash:1.0.0-capstan","command":["./dashserver.so"],"resources":{"limits":{"cpu":"500m","memory":"300M"},"requests":{"cpu":"100m","memory":"100M"}},"imagePullPolicy":"Always"},"Params":null,"BaseComponent":"Component 18","BaseResources":null,"MaxResources":null}}}],"Component 19":[{"ApiVersion":"v1/beta","Kind":"ComponentDefinition","Metadata":{"Name":"Implementation 19.2","Labels":{},"Annotations":null},"Spec":{"Workload":{"Type":"Container","Definition":{"ApiVersion":"","Kind":""}},"Schematic":{"Definition":{"name":"TestApp","image":"gitlab.ilabt.imec.be:4567/fledge/benchmark/dash:1.0.0-capstan","command":["./dashserver.so"],"resources":{"limits":{"cpu":"500m","memory":"300M"},"requests":{"cpu":"100m","memory":"100M"}},"imagePullPolicy":"Always"},"Params":null,"BaseComponent":"Component 19","BaseResources":null,"MaxResources":null}}}],"Component 24":[{"ApiVersion":"v1/beta","Kind":"ComponentDefinition","Metadata":{"Name":"Implementation 24.1","Labels":{},"Annotations":null},"Spec":{"Workload":{"Type":"Container","Definition":{"ApiVersion":"","Kind":""}},"Schematic":{"Definition":{"name":"TestApp","image":"gitlab.ilabt.imec.be:4567/fledge/benchmark/dash:1.0.0-capstan","command":["./dashserver.so"],"resources":{"limits":{"cpu":"500m","memory":"300M"},"requests":{"cpu":"100m","memory":"100M"}},"imagePullPolicy":"Always"},"Params":null,"BaseComponent":"Component 24","BaseResources":null,"MaxResources":null}}}],"Component 46":[{"ApiVersion":"v1/beta","Kind":"ComponentDefinition","Metadata":{"Name":"Implementation 46.1","Labels":{},"Annotations":null},"Spec":{"Workload":{"Type":"Container","Definition":{"ApiVersion":"","Kind":""}},"Schematic":{"Definition":{"name":"TestApp","image":"gitlab.ilabt.imec.be:4567/fledge/benchmark/dash:1.0.0-capstan","command":["./dashserver.so"],"resources":{"limits":{"cpu":"500m","memory":"300M"},"requests":{"cpu":"100m","memory":"100M"}},"imagePullPolicy":"Always"},"Params":null,"BaseComponent":"Component 46","BaseResources":null,"MaxResources":null}}},{"ApiVersion":"v1/beta","Kind":"ComponentDefinition","Metadata":{"Name":"Implementation 46.1","Labels":{},"Annotations":null},"Spec":{"Workload":{"Type":"Container","Definition":{"ApiVersion":"","Kind":""}},"Schematic":{"Definition":{"name":"TestApp","image":"gitlab.ilabt.imec.be:4567/fledge/benchmark/dash:1.0.0-capstan","command":["./dashserver.so"],"resources":{"limits":{"cpu":"500m","memory":"300M"},"requests":{"cpu":"100m","memory":"100M"}},"imagePullPolicy":"Always"},"Params":null,"BaseComponent":"Component 46","BaseResources":null,"MaxResources":null}}}]}}