{"discoAPIPort":31002,"repoAPIPort":32002,"initialNodes":[{"name":"f0","ip":"127.0.0.1","distance":0,"discoAPIPort":31000,"repoAPIPort":32000},{"name":"f1","ip":"127.0.0.1","distance":0,"discoAPIPort":31001,"repoAPIPort":32001}],"maxPing":10,"nodeID":"f2","nodeType":"servicenode","pingPeriod":3000,"testMode":true,"cheatyMinimalPing":10,"cheatyMinimalPingMap":{"e0":9.4966135,"f0":24.339739,"f1":22.48671,"f10":10.422409,"f11":23.966105,"f12":26.326735,"f13":18.718615,"f14":14.080287,"f15":19.571424,"f16":36.5542,"f17":28.4726,"f18":13.944826,"f19":24.623363,"f20":23.776167,"f21":22.735575,"f22":28.921621,"f23":36.175735,"f24":22.2639,"f25":13.049201,"f26":14.5876875,"f27":39.233864,"f28":20.015785,"f29":22.223906,"f3":18.679098,"f30":34.127056,"f31":11.248032,"f32":25.801516,"f33":17.309069,"f34":19.1252,"f35":18.338871,"f36":30.241537,"f37":42.10595,"f38":22.325565,"f39":20.551353,"f4":28.618416,"f40":24.929207,"f41":32.937923,"f42":19.245525,"f43":25.216528,"f44":22.182188,"f45":7.196824,"f46":35.197594,"f47":31.377764,"f48":8.399559,"f49":40.82578,"f5":11.768018,"f50":10.992353,"f51":27.172255,"f52":26.695742,"f53":2.376257,"f54":19.421825,"f55":21.593561,"f56":30.970182,"f57":20.485762,"f58":34.082783,"f59":18.125404,"f6":33.914368,"f60":25.863876,"f61":30.370483,"f62":31.519213,"f63":18.44784,"f64":17.022705,"f65":22.835554,"f66":20.012136,"f67":19.77484,"f68":25.770191,"f69":29.124084,"f7":28.127478,"f70":7.67656,"f71":20.729427,"f72":24.685553,"f73":4.97695,"f74":43.175117,"f75":6.40026,"f76":15.299786,"f77":36.157925,"f78":18.108253,"f79":6.7661314,"f8":23.986488,"f80":10.339147,"f81":35.30691,"f82":19.73516,"f83":23.435602,"f84":15.39902,"f85":6.455958,"f86":21.604435,"f87":5.1183896,"f88":9.387594,"f89":18.522633,"f9":32.619984,"f90":25.720749,"f91":29.270557,"f92":21.816801,"f93":36.487755,"f94":40.281425,"f95":37.541767,"f96":22.696772,"f97":13.178794,"f98":24.218733,"f99":16.00157},"BasicComponentDefs":{"Component 10":[{"ApiVersion":"v1/beta","Kind":"ComponentDefinition","Metadata":{"Name":"Implementation 10.2","Labels":{},"Annotations":null},"Spec":{"Workload":{"Type":"Container","Definition":{"ApiVersion":"","Kind":""}},"Schematic":{"Definition":{"name":"TestApp","image":"gitlab.ilabt.imec.be:4567/fledge/benchmark/dash:1.0.0-capstan","command":["./dashserver.so"],"resources":{"limits":{"cpu":"500m","memory":"300M"},"requests":{"cpu":"100m","memory":"100M"}},"imagePullPolicy":"Always"},"Params":null,"BaseComponent":"Component 10","BaseResources":null,"MaxResources":null}}}],"Component 45":[{"ApiVersion":"v1/beta","Kind":"ComponentDefinition","Metadata":{"Name":"Implementation 45.2","Labels":{},"Annotations":null},"Spec":{"Workload":{"Type":"Container","Definition":{"ApiVersion":"","Kind":""}},"Schematic":{"Definition":{"name":"TestApp","image":"gitlab.ilabt.imec.be:4567/fledge/benchmark/dash:1.0.0-capstan","command":["./dashserver.so"],"resources":{"limits":{"cpu":"500m","memory":"300M"},"requests":{"cpu":"100m","memory":"100M"}},"imagePullPolicy":"Always"},"Params":null,"BaseComponent":"Component 45","BaseResources":null,"MaxResources":null}}}],"Component 46":[{"ApiVersion":"v1/beta","Kind":"ComponentDefinition","Metadata":{"Name":"Implementation 46.1","Labels":{},"Annotations":null},"Spec":{"Workload":{"Type":"Container","Definition":{"ApiVersion":"","Kind":""}},"Schematic":{"Definition":{"name":"TestApp","image":"gitlab.ilabt.imec.be:4567/fledge/benchmark/dash:1.0.0-capstan","command":["./dashserver.so"],"resources":{"limits":{"cpu":"500m","memory":"300M"},"requests":{"cpu":"100m","memory":"100M"}},"imagePullPolicy":"Always"},"Params":null,"BaseComponent":"Component 46","BaseResources":null,"MaxResources":null}}}],"Component 6":[{"ApiVersion":"v1/beta","Kind":"ComponentDefinition","Metadata":{"Name":"Implementation 6.2","Labels":{},"Annotations":null},"Spec":{"Workload":{"Type":"Container","Definition":{"ApiVersion":"","Kind":""}},"Schematic":{"Definition":{"name":"TestApp","image":"gitlab.ilabt.imec.be:4567/fledge/benchmark/dash:1.0.0-capstan","command":["./dashserver.so"],"resources":{"limits":{"cpu":"500m","memory":"300M"},"requests":{"cpu":"100m","memory":"100M"}},"imagePullPolicy":"Always"},"Params":null,"BaseComponent":"Component 6","BaseResources":null,"MaxResources":null}}}],"Component 7":[{"ApiVersion":"v1/beta","Kind":"ComponentDefinition","Metadata":{"Name":"Implementation 7.1","Labels":{},"Annotations":null},"Spec":{"Workload":{"Type":"Container","Definition":{"ApiVersion":"","Kind":""}},"Schematic":{"Definition":{"name":"TestApp","image":"gitlab.ilabt.imec.be:4567/fledge/benchmark/dash:1.0.0-capstan","command":["./dashserver.so"],"resources":{"limits":{"cpu":"500m","memory":"300M"},"requests":{"cpu":"100m","memory":"100M"}},"imagePullPolicy":"Always"},"Params":null,"BaseComponent":"Component 7","BaseResources":null,"MaxResources":null}}}]}}