{"discoAPIPort":31003,"repoAPIPort":32003,"initialNodes":[{"name":"f0","ip":"127.0.0.1","distance":0,"discoAPIPort":31000,"repoAPIPort":32000},{"name":"f1","ip":"127.0.0.1","distance":0,"discoAPIPort":31001,"repoAPIPort":32001},{"name":"f2","ip":"127.0.0.1","distance":0,"discoAPIPort":31002,"repoAPIPort":32002}],"maxPing":10,"nodeID":"f3","nodeType":"servicenode","pingPeriod":3000,"testMode":true,"cheatyMinimalPing":10,"cheatyMinimalPingMap":{"e0":27.159016,"f0":42.570034,"f1":47.079437,"f10":7.2093577,"f11":32.834717,"f12":31.564024,"f13":31.471655,"f14":21.612938,"f15":5.472994,"f16":44.81271,"f17":53.927128,"f18":29.583462,"f19":27.570572,"f2":18.679098,"f20":43.689857,"f21":5.642883,"f22":38.673515,"f23":44.31981,"f24":48.040096,"f25":35.915386,"f26":4.609255,"f27":66.00138,"f28":5.7862496,"f29":30.547977,"f30":40.95701,"f31":24.831266,"f32":40.845787,"f33":34.500748,"f34":22.026354,"f35":2.6468408,"f36":40.457237,"f37":47.137012,"f38":44.400227,"f39":27.435083,"f4":42.402023,"f40":26.399475,"f41":42.034058,"f42":33.054913,"f43":44.26002,"f44":40.37592,"f45":12.926848,"f46":43.69179,"f47":42.592415,"f48":17.942616,"f49":52.98237,"f5":35.00661,"f50":13.313597,"f51":49.858276,"f52":28.240564,"f53":23.346104,"f54":19.280113,"f55":34.324055,"f56":36.071655,"f57":18.145391,"f58":39.881767,"f59":17.462269,"f6":31.317818,"f60":57.746387,"f61":26.451275,"f62":60.672966,"f63":36.732494,"f64":4.1820283,"f65":20.883718,"f66":4.6666527,"f67":43.5165,"f68":37.09414,"f69":40.545025,"f7":20.893028,"f70":21.978745,"f71":39.48375,"f72":32.450386,"f73":25.609491,"f74":44.517956,"f75":21.835514,"f76":34.973206,"f77":46.627113,"f78":5.971291,"f79":29.319958,"f8":40.0466,"f80":29.337488,"f81":58.171394,"f82":13.424584,"f83":42.430016,"f84":34.39736,"f85":23.18619,"f86":38.2182,"f87":15.561798,"f88":23.40307,"f89":30.201435,"f9":51.852642,"f90":42.007545,"f91":38.973316,"f92":1.0856782,"f93":45.09752,"f94":63.7737,"f95":56.38161,"f96":36.819828,"f97":24.93738,"f98":23.957874,"f99":30.981989},"BasicComponentDefs":{"Component 20":[{"ApiVersion":"v1/beta","Kind":"ComponentDefinition","Metadata":{"Name":"Implementation 20.1","Labels":{},"Annotations":null},"Spec":{"Workload":{"Type":"Container","Definition":{"ApiVersion":"","Kind":""}},"Schematic":{"Definition":{"name":"TestApp","image":"gitlab.ilabt.imec.be:4567/fledge/benchmark/dash:1.0.0-capstan","command":["./dashserver.so"],"resources":{"limits":{"cpu":"500m","memory":"300M"},"requests":{"cpu":"100m","memory":"100M"}},"imagePullPolicy":"Always"},"Params":null,"BaseComponent":"Component 20","BaseResources":null,"MaxResources":null}}}],"Component 23":[{"ApiVersion":"v1/beta","Kind":"ComponentDefinition","Metadata":{"Name":"Implementation 23.1","Labels":{},"Annotations":null},"Spec":{"Workload":{"Type":"Container","Definition":{"ApiVersion":"","Kind":""}},"Schematic":{"Definition":{"name":"TestApp","image":"gitlab.ilabt.imec.be:4567/fledge/benchmark/dash:1.0.0-capstan","command":["./dashserver.so"],"resources":{"limits":{"cpu":"500m","memory":"300M"},"requests":{"cpu":"100m","memory":"100M"}},"imagePullPolicy":"Always"},"Params":null,"BaseComponent":"Component 23","BaseResources":null,"MaxResources":null}}}],"Component 43":[{"ApiVersion":"v1/beta","Kind":"ComponentDefinition","Metadata":{"Name":"Implementation 43.1","Labels":{},"Annotations":null},"Spec":{"Workload":{"Type":"Container","Definition":{"ApiVersion":"","Kind":""}},"Schematic":{"Definition":{"name":"TestApp","image":"gitlab.ilabt.imec.be:4567/fledge/benchmark/dash:1.0.0-capstan","command":["./dashserver.so"],"resources":{"limits":{"cpu":"500m","memory":"300M"},"requests":{"cpu":"100m","memory":"100M"}},"imagePullPolicy":"Always"},"Params":null,"BaseComponent":"Component 43","BaseResources":null,"MaxResources":null}}}],"Component 48":[{"ApiVersion":"v1/beta","Kind":"ComponentDefinition","Metadata":{"Name":"Implementation 48.2","Labels":{},"Annotations":null},"Spec":{"Workload":{"Type":"Container","Definition":{"ApiVersion":"","Kind":""}},"Schematic":{"Definition":{"name":"TestApp","image":"gitlab.ilabt.imec.be:4567/fledge/benchmark/dash:1.0.0-capstan","command":["./dashserver.so"],"resources":{"limits":{"cpu":"500m","memory":"300M"},"requests":{"cpu":"100m","memory":"100M"}},"imagePullPolicy":"Always"},"Params":null,"BaseComponent":"Component 48","BaseResources":null,"MaxResources":null}}}],"Component 8":[{"ApiVersion":"v1/beta","Kind":"ComponentDefinition","Metadata":{"Name":"Implementation 8.2","Labels":{},"Annotations":null},"Spec":{"Workload":{"Type":"Container","Definition":{"ApiVersion":"","Kind":""}},"Schematic":{"Definition":{"name":"TestApp","image":"gitlab.ilabt.imec.be:4567/fledge/benchmark/dash:1.0.0-capstan","command":["./dashserver.so"],"resources":{"limits":{"cpu":"500m","memory":"300M"},"requests":{"cpu":"100m","memory":"100M"}},"imagePullPolicy":"Always"},"Params":null,"BaseComponent":"Component 8","BaseResources":null,"MaxResources":null}}}]}}