{"discoAPIPort":31004,"repoAPIPort":32004,"initialNodes":[{"name":"f0","ip":"127.0.0.1","distance":0,"discoAPIPort":31000,"repoAPIPort":32000},{"name":"f1","ip":"127.0.0.1","distance":0,"discoAPIPort":31001,"repoAPIPort":32001},{"name":"f2","ip":"127.0.0.1","distance":0,"discoAPIPort":31002,"repoAPIPort":32002},{"name":"f3","ip":"127.0.0.1","distance":0,"discoAPIPort":31003,"repoAPIPort":32003}],"maxPing":10,"nodeID":"f4","nodeType":"servicenode","pingPeriod":3000,"testMode":true,"cheatyMinimalPing":10,"cheatyMinimalPingMap":{"e0":23.025267,"f0":1.3029207,"f1":7.0637455,"f10":41.19484,"f11":29.991917,"f12":16.817055,"f13":20.055593,"f14":25.210125,"f15":44.523346,"f16":30.552832,"f17":31.643793,"f18":25.02999,"f19":35.389038,"f2":28.618416,"f20":20.104141,"f21":43.262955,"f22":20.827864,"f23":18.70962,"f24":24.83031,"f25":25.334854,"f26":40.134174,"f27":24.104301,"f28":32.63124,"f29":15.097067,"f3":42.402023,"f30":5.1074204,"f31":16.058434,"f32":7.5621843,"f33":18.10397,"f34":21.072065,"f35":46.198826,"f36":28.617416,"f37":17.73143,"f38":3.3161204,"f39":26.384449,"f40":24.582989,"f41":15.518784,"f42":5.5548043,"f43":7.5088468,"f44":6.9426866,"f45":25.849327,"f46":44.86324,"f47":13.963434,"f48":32.957962,"f49":16.938828,"f5":14.501998,"f50":29.1904,"f51":19.26726,"f52":21.805946,"f53":27.41518,"f54":34.971714,"f55":18.506338,"f56":6.312802,"f57":37.058422,"f58":9.104279,"f59":32.91725,"f6":31.374285,"f60":16.509365,"f61":34.600628,"f62":14.576312,"f63":11.92841,"f64":47.31023,"f65":39.238132,"f66":47.866947,"f67":21.26252,"f68":24.832933,"f69":3.0645993,"f7":35.759716,"f70":20.949984,"f71":28.49467,"f72":29.676506,"f73":30.235973,"f74":33.23854,"f75":24.429287,"f76":28.37343,"f77":28.145798,"f78":44.46961,"f79":24.396597,"f8":18.82232,"f80":16.301476,"f81":37.0399,"f82":33.452484,"f83":39.043175,"f84":32.60627,"f85":25.39129,"f86":12.885161,"f87":30.789278,"f88":15.898305,"f89":17.240116,"f9":2.231397,"f90":8.499605,"f91":33.105206,"f92":39.826565,"f93":5.3439903,"f94":17.686583,"f95":25.964489,"f96":1.7137091,"f97":20.873669,"f98":34.86844,"f99":13.663952},"BasicComponentDefs":{"Component 12":[{"ApiVersion":"v1/beta","Kind":"ComponentDefinition","Metadata":{"Name":"Implementation 12.2","Labels":{},"Annotations":null},"Spec":{"Workload":{"Type":"Container","Definition":{"ApiVersion":"","Kind":""}},"Schematic":{"Definition":{"name":"TestApp","image":"gitlab.ilabt.imec.be:4567/fledge/benchmark/dash:1.0.0-capstan","command":["./dashserver.so"],"resources":{"limits":{"cpu":"500m","memory":"300M"},"requests":{"cpu":"100m","memory":"100M"}},"imagePullPolicy":"Always"},"Params":null,"BaseComponent":"Component 12","BaseResources":null,"MaxResources":null}}},{"ApiVersion":"v1/beta","Kind":"ComponentDefinition","Metadata":{"Name":"Implementation 12.2","Labels":{},"Annotations":null},"Spec":{"Workload":{"Type":"Container","Definition":{"ApiVersion":"","Kind":""}},"Schematic":{"Definition":{"name":"TestApp","image":"gitlab.ilabt.imec.be:4567/fledge/benchmark/dash:1.0.0-capstan","command":["./dashserver.so"],"resources":{"limits":{"cpu":"500m","memory":"300M"},"requests":{"cpu":"100m","memory":"100M"}},"imagePullPolicy":"Always"},"Params":null,"BaseComponent":"Component 12","BaseResources":null,"MaxResources":null}}}],"Component 25":[{"ApiVersion":"v1/beta","Kind":"ComponentDefinition","Metadata":{"Name":"Implementation 25.2","Labels":{},"Annotations":null},"Spec":{"Workload":{"Type":"Container","Definition":{"ApiVersion":"","Kind":""}},"Schematic":{"Definition":{"name":"TestApp","image":"gitlab.ilabt.imec.be:4567/fledge/benchmark/dash:1.0.0-capstan","command":["./dashserver.so"],"resources":{"limits":{"cpu":"500m","memory":"300M"},"requests":{"cpu":"100m","memory":"100M"}},"imagePullPolicy":"Always"},"Params":null,"BaseComponent":"Component 25","BaseResources":null,"MaxResources":null}}}],"Component 26":[{"ApiVersion":"v1/beta","Kind":"ComponentDefinition","Metadata":{"Name":"Implementation 26.2","Labels":{},"Annotations":null},"Spec":{"Workload":{"Type":"Container","Definition":{"ApiVersion":"","Kind":""}},"Schematic":{"Definition":{"name":"TestApp","image":"gitlab.ilabt.imec.be:4567/fledge/benchmark/dash:1.0.0-capstan","command":["./dashserver.so"],"resources":{"limits":{"cpu":"500m","memory":"300M"},"requests":{"cpu":"100m","memory":"100M"}},"imagePullPolicy":"Always"},"Params":null,"BaseComponent":"Component 26","BaseResources":null,"MaxResources":null}}}],"Component 29":[{"ApiVersion":"v1/beta","Kind":"ComponentDefinition","Metadata":{"Name":"Implementation 29.2","Labels":{},"Annotations":null},"Spec":{"Workload":{"Type":"Container","Definition":{"ApiVersion":"","Kind":""}},"Schematic":{"Definition":{"name":"TestApp","image":"gitlab.ilabt.imec.be:4567/fledge/benchmark/dash:1.0.0-capstan","command":["./dashserver.so"],"resources":{"limits":{"cpu":"500m","memory":"300M"},"requests":{"cpu":"100m","memory":"100M"}},"imagePullPolicy":"Always"},"Params":null,"BaseComponent":"Component 29","BaseResources":null,"MaxResources":null}}}]}}